cftc_commodity_code,cftc_contract_market_code,cftc_market_code,cftc_region_code,cftc_subgroup_code,change_in_m_money_long_all,change_in_m_money_short_all,change_in_m_money_spread,change_in_nonrept_long_all,change_in_nonrept_short_all,change_in_open_interest_all,change_in_other_rept_long,change_in_other_rept_short,change_in_other_rept_spread,change_in_prod_merc_long,change_in_prod_merc_short,change_in_swap_long_all,change_in_swap_short_all,change_in_swap_spread_all,change_in_tot_rept_long_all,change_in_tot_rept_short,commodity,commodity_group_name,commodity_name,commodity_subgroup_name,conc_gross_le_4_tdr_long,conc_gross_le_4_tdr_long_1,conc_gross_le_4_tdr_long_2,conc_gross_le_4_tdr_short,conc_gross_le_4_tdr_short_1,conc_gross_le_4_tdr_short_2,conc_gross_le_8_tdr_long,conc_gross_le_8_tdr_long_1,conc_gross_le_8_tdr_long_2,conc_gross_le_8_tdr_short,conc_gross_le_8_tdr_short_1,conc_gross_le_8_tdr_short_2,conc_net_le_4_tdr_long_all,conc_net_le_4_tdr_long_old,conc_net_le_4_tdr_long_other,conc_net_le_4_tdr_short_all,conc_net_le_4_tdr_short_old,conc_net_le_4_tdr_short_other,conc_net_le_8_tdr_long_all,conc_net_le_8_tdr_long_old,conc_net_le_8_tdr_long_other,conc_net_le_8_tdr_short_all,conc_net_le_8_tdr_short_old,conc_net_le_8_tdr_short_other,contract_market_name,contract_units,futonly_or_combined,id,m_money_positions_long_all,m_money_positions_long_old,m_money_positions_long_other,m_money_positions_short_all,m_money_positions_short_old,m_money_positions_short_other,m_money_positions_spread,m_money_positions_spread_1,m_money_positions_spread_2,market_and_exchange_names,nonrept_positions_long_all,nonrept_positions_long_old,nonrept_positions_long_other,nonrept_positions_short_all,nonrept_positions_short_old,nonrept_positions_short_other,open_interest_all,open_interest_old,open_interest_other,other_rept_positions_long,other_rept_positions_long_1,other_rept_positions_long_2,other_rept_positions_short,other_rept_positions_short_1,other_rept_positions_short_2,other_rept_positions_spread,other_rept_positions_spread_1,other_rept_positions_spread_2,pct_of_oi_m_money_long_all,pct_of_oi_m_money_long_old,pct_of_oi_m_money_long_other,pct_of_oi_m_money_short_all,pct_of_oi_m_money_short_old,pct_of_oi_m_money_short_other,pct_of_oi_m_money_spread,pct_of_oi_m_money_spread_1,pct_of_oi_m_money_spread_2,pct_of_oi_nonrept_long_all,pct_of_oi_nonrept_long_old,pct_of_oi_nonrept_long_other,pct_of_oi_nonrept_short_all,pct_of_oi_nonrept_short_old,pct_of_oi_nonrept_short_other,pct_of_oi_other_rept_long,pct_of_oi_other_rept_long_1,pct_of_oi_other_rept_long_2,pct_of_oi_other_rept_short,pct_of_oi_other_rept_short_1,pct_of_oi_other_rept_short_2,pct_of_oi_other_rept_spread,pct_of_oi_other_rept_spread_1,pct_of_oi_other_rept_spread_2,pct_of_oi_prod_merc_long,pct_of_oi_prod_merc_long_1,pct_of_oi_prod_merc_long_2,pct_of_oi_prod_merc_short,pct_of_oi_prod_merc_short_1,pct_of_oi_prod_merc_short_2,pct_of_oi_swap_long_all,pct_of_oi_swap_long_old,pct_of_oi_swap_long_other,pct_of_oi_swap_short_all,pct_of_oi_swap_short_old,pct_of_oi_swap_short_other,pct_of_oi_swap_spread_all,pct_of_oi_swap_spread_old,pct_of_oi_swap_spread_other,pct_of_oi_tot_rept_long_all,pct_of_oi_tot_rept_long_old,pct_of_oi_tot_rept_long_other,pct_of_oi_tot_rept_short,pct_of_oi_tot_rept_short_1,pct_of_oi_tot_rept_short_2,pct_of_open_interest_all,pct_of_open_interest_old,pct_of_open_interest_other,prod_merc_positions_long,prod_merc_positions_long_1,prod_merc_positions_long_2,prod_merc_positions_short,prod_merc_positions_short_1,prod_merc_positions_short_2,report_date_as_yyyy_mm_dd,swap__positions_short_all,swap__positions_short_old,swap__positions_short_other,swap__positions_spread_all,swap__positions_spread_old,swap__positions_spread_other,swap_positions_long_all,swap_positions_long_old,swap_positions_long_other,tot_rept_positions_long_all,tot_rept_positions_long_old,tot_rept_positions_long_other,tot_rept_positions_short,tot_rept_positions_short_1,tot_rept_positions_short_2,traders_m_money_long_all,traders_m_money_long_old,traders_m_money_long_other,traders_m_money_short_all,traders_m_money_short_old,traders_m_money_short_other,traders_m_money_spread_all,traders_m_money_spread_old,traders_m_money_spread_other,traders_other_rept_long_all,traders_other_rept_long_old,traders_other_rept_long_other,traders_other_rept_short,traders_other_rept_short_1,traders_other_rept_short_2,traders_other_rept_spread,traders_other_rept_spread_1,traders_other_rept_spread_2,traders_prod_merc_long_all,traders_prod_merc_long_old,traders_prod_merc_long_other,traders_prod_merc_short_all,traders_prod_merc_short_old,traders_prod_merc_short_other,traders_swap_long_all,traders_swap_long_old,traders_swap_long_other,traders_swap_short_all,traders_swap_short_old,traders_swap_short_other,traders_swap_spread_all,traders_swap_spread_old,traders_swap_spread_other,traders_tot_all,traders_tot_old,traders_tot_other,traders_tot_rept_long_all,traders_tot_rept_long_old,traders_tot_rept_long_other,traders_tot_rept_short_all,traders_tot_rept_short_old,traders_tot_rept_short_other,yyyy_report_week_ww
088,088691,CMX,NYC,N20,-8515,9198,7865,1801,672,3872,-2066,4777,-2533,-6331,-17177,4080,-8501,9571,2071,3200,GOLD,NATURAL RESOURCES,GOLD,PRECIOUS METALS,15.9,15.9,0.0,31.3,31.3,0.0,24.4,24.4,0.0,44.0,44.0,0.0,11.8,11.8,0.0,29.6,29.6,0.0,18.6,18.6,0.0,39.3,39.3,0.0,GOLD,(CONTRACTS OF 100 TROY OUNCES),FutOnly,190108088691F,112690,112690,0,80219,80219,0,52561,52561,0,GOLD - COMMODITY EXCHANGE INC.,48508,48508,0,26537,26537,0,455232,455232,0,86870,86870,0,20125,20125,0,16998,16998,0,24.8,24.8,0.0,17.6,17.6,0.0,11.5,11.5,0.0,10.7,10.7,0.0,5.8,5.8,0.0,19.1,19.1,0.0,4.4,4.4,0.0,3.7,3.7,0.0,2.8,2.8,0.0,16.5,16.5,0.0,21.0,21.0,0.0,34.0,34.0,0.0,6.4,6.4,0.0,89.3,89.3,0.0,94.2,94.2,0.0,100.0,100.0,100.0,12969,12969,0,75020,75020,0,2019-01-08T00:00:00.000,154736,154736,0,29036,29036,0,95600,95600,0,406724,406724,0,428695,428695,0,88,88,0,35,35,0,36,36,0,90,90,0,40,40,0,35,35,0,19,19,0,22,22,0,18,18,0,21,21,0,18,18,0,331,331,0,265,265,0,163,163,0,2019 Report Week 01
085,085692,CMX,NYC,N25,-2989,9257,4236,456,984,17971,792,-2350,2404,9556,2480,2189,-367,1327,17515,16987,COPPER,NATURAL RESOURCES,COPPER,BASE METALS,15.5,15.5,0.0,28.4,28.4,0.0,27.8,27.8,0.0,45.2,45.2,0.0,12.1,12.1,0.0,23.4,23.4,0.0,20.0,20.0,0.0,34.7,34.7,0.0,COPPER- #1,"(CONTRACTS OF 25,000 POUNDS)",FutOnly,190108085692F,41520,41520,0,77858,77858,0,41479,41479,0,COPPER-GRADE #1 - COMMODITY EXCHANGE INC.,15290,15290,0,14861,14861,0,242731,242731,0,30824,30824,0,13938,13938,0,12644,12644,0,17.1,17.1,0.0,32.1,32.1,0.0,17.1,17.1,0.0,6.3,6.3,0.0,6.1,6.1,0.0,12.7,12.7,0.0,5.7,5.7,0.0,5.2,5.2,0.0,22.7,22.7,0.0,30.3,30.3,0.0,15.6,15.6,0.0,0.1,0.1,0.0,3.3,3.3,0.0,93.7,93.7,0.0,93.9,93.9,0.0,100.0,100.0,100.0,55202,55202,0,73644,73644,0,2019-01-08T00:00:00.000,295,295,0,8012,8012,0,37760,37760,0,227441,227441,0,227870,227870,0,54,54,0,59,59,0,50,50,0,57,57,0,36,36,0,42,42,0,37,37,0,36,36,0,20,20,0,,,0,11,11,0,284,284,0,214,214,0,202,202,0,2019 Report Week 01
067,067651,NYME,NYC,N10,-1007,17411,-17745,205,12959,16255,-3249,-165,24404,6328,8054,3185,-32797,4134,16050,3296,CRUDE OIL,NATURAL RESOURCES,CRUDE OIL,PETROLEUM AND PRODUCTS,20.6,20.6,0.0,20.4,20.4,0.0,34.1,34.1,0.0,32.6,32.6,0.0,11.9,11.9,0.0,13.0,13.0,0.0,17.5,17.5,0.0,19.4,19.4,0.0,WTI-PHYSICAL,"(CONTRACTS OF 1,000 BARRELS)",FutOnly,190108067651F,202408,202408,0,142709,142709,0,476951,476951,0,"CRUDE OIL, LIGHT SWEET - NEW YORK MERCANTILE EXCHANGE",86879,86879,0,88815,88815,0,2120930,2120930,0,296308,296308,0,78796,78796,0,238056,238056,0,9.5,9.5,0.0,6.7,6.7,0.0,22.5,22.5,0.0,4.1,4.1,0.0,4.2,4.2,0.0,14.0,14.0,0.0,3.7,3.7,0.0,11.2,11.2,0.0,23.2,23.2,0.0,22.8,22.8,0.0,7.1,7.1,0.0,20.6,20.6,0.0,8.3,8.3,0.0,95.9,95.9,0.0,95.8,95.8,0.0,100.0,100.0,100.0,492894,492894,0,482907,482907,0,2019-01-08T00:00:00.000,436196,436196,0,176500,176500,0,150934,150934,0,2034051,2034051,0,2032115,2032115,0,52,52,0,58,58,0,68,68,0,71,71,0,51,51,0,86,86,0,55,55,0,66,66,0,19,19,0,22,22,0,32,32,0,362,362,0,304,304,0,290,290,0,2019 Report Week 01
088,088691,CMX,NYC,N20,2961,10497,-2713,826,2597,46373,-725,3042,4570,30382,28282,3928,-7046,7144,45547,43776,GOLD,NATURAL RESOURCES,GOLD,PRECIOUS METALS,15.6,15.6,0.0,29.2,29.2,0.0,25.0,25.0,0.0,42.6,42.6,0.0,10.9,10.9,0.0,25.6,25.6,0.0,17.2,17.2,0.0,35.5,35.5,0.0,GOLD,(CONTRACTS OF 100 TROY OUNCES),FutOnly,190115088691F,115651,115651,0,90716,90716,0,49848,49848,0,GOLD - COMMODITY EXCHANGE INC.,49334,49334,0,29134,29134,0,501605,501605,0,86145,86145,0,23167,23167,0,21568,21568,0,23.1,23.1,0.0,18.1,18.1,0.0,9.9,9.9,0.0,9.8,9.8,0.0,5.8,5.8,0.0,17.2,17.2,0.0,4.6,4.6,0.0,4.3,4.3,0.0,8.6,8.6,0.0,20.6,20.6,0.0,19.8,19.8,0.0,29.4,29.4,0.0,7.2,7.2,0.0,90.2,90.2,0.0,94.2,94.2,0.0,100.0,100.0,100.0,43351,43351,0,103302,103302,0,2019-01-15T00:00:00.000,147690,147690,0,36180,36180,0,99528,99528,0,452271,452271,0,472471,472471,0,89,89,0,35,35,0,35,35,0,99,99,0,39,39,0,38,38,0,19,19,0,23,23,0,21,21,0,22,22,0,22,22,0,342,342,0,277,277,0,169,169,0,2019 Report Week 02
085,085692,CMX,NYC,N25,1304,10415,-515,198,-60,28572,2018,1047,6110,15719,9752,2202,287,1536,28374,28632,COPPER,NATURAL RESOURCES,COPPER,BASE METALS,18.2,18.2,0.0,28.6,28.6,0.0,30.7,30.7,0.0,45.8,45.8,0.0,12.4,12.4,0.0,22.2,22.2,0.0,19.6,19.6,0.0,32.0,32.0,0.0,COPPER- #1,"(CONTRACTS OF 25,000 POUNDS)",FutOnly,190115085692F,42824,42824,0,88273,88273,0,40964,40964,0,COPPER-GRADE #1 - COMMODITY EXCHANGE INC.,15488,15488,0,14801,14801,0,271303,271303,0,32842,32842,0,14985,14985,0,18754,18754,0,15.8,15.8,0.0,32.5,32.5,0.0,15.1,15.1,0.0,5.7,5.7,0.0,5.5,5.5,0.0,12.1,12.1,0.0,5.5,5.5,0.0,6.9,6.9,0.0,26.1,26.1,0.0,30.7,30.7,0.0,14.7,14.7,0.0,0.2,0.2,0.0,3.5,3.5,0.0,94.3,94.3,0.0,94.5,94.5,0.0,100.0,100.0,100.0,70921,70921,0,83396,83396,0,2019-01-15T00:00:00.000,582,582,0,9548,9548,0,39962,39962,0,255815,255815,0,256502,256502,0,55,55,0,60,60,0,42,42,0,65,65,0,38,38,0,51,51,0,36,36,0,34,34,0,20,20,0,,,0,13,13,0,301,301,0,228,228,0,206,206,0,2019 Report Week 02
067,067651,NYME,NYC,N10,2202,-34561,-8660,-3842,-8277,-17153,-2561,4488,4138,-23478,17218,6390,-157,8658,-13311,-8876,CRUDE OIL,NATURAL RESOURCES,CRUDE OIL,PETROLEUM AND PRODUCTS,19.7,19.7,0.0,20.0,20.0,0.0,33.1,33.1,0.0,31.7,31.7,0.0,11.8,11.8,0.0,12.7,12.7,0.0,17.0,17.0,0.0,19.1,19.1,0.0,WTI-PHYSICAL,"(CONTRACTS OF 1,000 BARRELS)",FutOnly,190115067651F,204610,204610,0,108148,108148,0,468291,468291,0,"CRUDE OIL, LIGHT SWEET - NEW YORK MERCANTILE EXCHANGE",83037,83037,0,80538,80538,0,2103777,2103777,0,293747,293747,0,83284,83284,0,242194,242194,0,9.7,9.7,0.0,5.1,5.1,0.0,22.3,22.3,0.0,3.9,3.9,0.0,3.8,3.8,0.0,14.0,14.0,0.0,4.0,4.0,0.0,11.5,11.5,0.0,22.3,22.3,0.0,23.8,23.8,0.0,7.5,7.5,0.0,20.7,20.7,0.0,8.8,8.8,0.0,96.1,96.1,0.0,96.2,96.2,0.0,100.0,100.0,100.0,469416,469416,0,500125,500125,0,2019-01-15T00:00:00.000,436039,436039,0,185158,185158,0,157324,157324,0,2020740,2020740,0,2023239,2023239,0,52,52,0,51,51,0,68,68,0,73,73,0,52,52,0,91,91,0,57,57,0,67,67,0,19,19,0,24,24,0,36,36,0,364,364,0,317,317,0,290,290,0,2019 Report Week 02
067,067651,NYME,NYC,N10,9789,-18980,-42015,-5735,-3370,-54960,-7251,-6416,-1907,-6892,13839,4970,9808,-5919,-49225,-51590,CRUDE OIL,NATURAL RESOURCES,CRUDE OIL,PETROLEUM AND PRODUCTS,19.9,19.9,0.0,20.7,20.7,0.0,33.9,33.9,0.0,32.4,32.4,0.0,12.2,12.2,0.0,13.5,13.5,0.0,17.7,17.7,0.0,19.8,19.8,0.0,WTI-PHYSICAL,"(CONTRACTS OF 1,000 BARRELS)",FutOnly,190122067651F,214399,214399,0,89168,89168,0,426276,426276,0,"CRUDE OIL, LIGHT SWEET - NEW YORK MERCANTILE EXCHANGE",77302,77302,0,77168,77168,0,2048817,2048817,0,286496,286496,0,76868,76868,0,240287,240287,0,10.5,10.5,0.0,4.4,4.4,0.0,20.8,20.8,0.0,3.8,3.8,0.0,3.8,3.8,0.0,14.0,14.0,0.0,3.8,3.8,0.0,11.7,11.7,0.0,22.6,22.6,0.0,25.1,25.1,0.0,7.9,7.9,0.0,21.8,21.8,0.0,8.7,8.7,0.0,96.2,96.2,0.0,96.2,96.2,0.0,100.0,100.0,100.0,462524,462524,0,513964,513964,0,2019-01-22T00:00:00.000,445847,445847,0,179239,179239,0,162294,162294,0,1971515,1971515,0,1971649,1971649,0,50,50,0,50,50,0,68,68,0,58,58,0,56,56,0,85,85,0,57,57,0,65,65,0,22,22,0,24,24,0,36,36,0,352,352,0,302,302,0,285,285,0,2019 Report Week 03
088,088691,CMX,NYC,N20,-10356,-1631,7606,-594,2033,11904,-4930,-246,1959,6736,6828,2951,-13177,8532,12498,9871,GOLD,NATURAL RESOURCES,GOLD,PRECIOUS METALS,16.9,16.9,0.0,28.0,28.0,0.0,26.9,26.9,0.0,41.8,41.8,0.0,10.7,10.7,0.0,24.0,24.0,0.0,16.6,16.6,0.0,32.5,32.5,0.0,GOLD,(CONTRACTS OF 100 TROY OUNCES),FutOnly,190122088691F,105295,105295,0,89085,89085,0,57454,57454,0,GOLD - COMMODITY EXCHANGE INC.,48740,48740,0,31167,31167,0,513509,513509,0,81215,81215,0,22921,22921,0,23527,23527,0,20.5,20.5,0.0,17.3,17.3,0.0,11.2,11.2,0.0,9.5,9.5,0.0,6.1,6.1,0.0,15.8,15.8,0.0,4.5,4.5,0.0,4.6,4.6,0.0,9.8,9.8,0.0,21.4,21.4,0.0,20.0,20.0,0.0,26.2,26.2,0.0,8.7,8.7,0.0,90.5,90.5,0.0,93.9,93.9,0.0,100.0,100.0,100.0,50087,50087,0,110130,110130,0,2019-01-22T00:00:00.000,134513,134513,0,44712,44712,0,102479,102479,0,464769,464769,0,482342,482342,0,88,88,0,37,37,0,35,35,0,91,91,0,43,43,0,40,40,0,14,14,0,22,22,0,21,21,0,21,21,0,26,26,0,334,334,0,265,265,0,177,177,0,2019 Report Week 03
085,085692,CMX,NYC,N25,2383,-2584,1233,789,-826,665,-1969,-69,-1655,256,5010,69,-3,-441,-124,1491,COPPER,NATURAL RESOURCES,COPPER,BASE METALS,19.6,19.6,0.0,30.3,30.3,0.0,31.9,31.9,0.0,47.6,47.6,0.0,12.6,12.6,0.0,22.5,22.5,0.0,20.0,20.0,0.0,32.8,32.8,0.0,COPPER- #1,"(CONTRACTS OF 25,000 POUNDS)",FutOnly,190122085692F,45207,45207,0,85689,85689,0,42197,42197,0,COPPER-GRADE #1 - COMMODITY EXCHANGE INC.,16277,16277,0,13975,13975,0,271968,271968,0,30873,30873,0,14916,14916,0,17099,17099,0,16.6,16.6,0.0,31.5,31.5,0.0,15.5,15.5,0.0,6.0,6.0,0.0,5.1,5.1,0.0,11.4,11.4,0.0,5.5,5.5,0.0,6.3,6.3,0.0,26.2,26.2,0.0,32.5,32.5,0.0,14.7,14.7,0.0,0.2,0.2,0.0,3.3,3.3,0.0,94.0,94.0,0.0,94.9,94.9,0.0,100.0,100.0,100.0,71177,71177,0,88406,88406,0,2019-01-22T00:00:00.000,579,579,0,9107,9107,0,40031,40031,0,255691,255691,0,257993,257993,0,53,53,0,53,53,0,48,48,0,56,56,0,43,43,0,44,44,0,35,35,0,34,34,0,18,18,0,,,0,12,12,0,286,286,0,220,220,0,195,195,0,2019 Report Week 03
085,085692,CMX,NYC,N25,1221,810,1625,-690,-25,-6380,-1177,-3378,2623,-11364,-8874,422,-121,960,-5690,-6355,COPPER,NATURAL RESOURCES,COPPER,BASE METALS,17.0,17.0,0.0,30.8,30.8,0.0,28.4,28.4,0.0,46.7,46.7,0.0,12.4,12.4,0.0,24.8,24.8,0.0,20.0,20.0,0.0,34.5,34.5,0.0,COPPER- #1,"(CONTRACTS OF 25,000 POUNDS)",FutOnly,190129085692F,46428,46428,0,86499,86499,0,43822,43822,0,COPPER-GRADE #1 - COMMODITY EXCHANGE INC.,15587,15587,0,13950,13950,0,265588,265588,0,29696,29696,0,11538,11538,0,19722,19722,0,17.5,17.5,0.0,32.6,32.6,0.0,16.5,16.5,0.0,5.9,5.9,0.0,5.3,5.3,0.0,11.2,11.2,0.0,4.3,4.3,0.0,7.4,7.4,0.0,22.5,22.5,0.0,29.9,29.9,0.0,15.2,15.2,0.0,0.2,0.2,0.0,3.8,3.8,0.0,94.1,94.1,0.0,94.7,94.7,0.0,100.0,100.0,100.0,59813,59813,0,79532,79532,0,2019-01-29T00:00:00.000,458,458,0,10067,10067,0,40453,40453,0,250001,250001,0,251638,251638,0,59,59,0,51,51,0,49,49,0,56,56,0,41,41,0,45,45,0,36,36,0,37,37,0,19,19,0,,,0,13,13,0,292,292,0,226,226,0,201,201,0,2019 Report Week 04
088,088691,CMX,NYC,N20,21109,4922,-25893,402,-1041,-30119,4699,-4203,2920,-35798,-25183,-108,15809,2550,-30521,-29078,GOLD,NATURAL RESOURCES,GOLD,PRECIOUS METALS,15.7,15.7,0.0,30.6,30.6,0.0,23.9,23.9,0.0,44.7,44.7,0.0,12.5,12.5,0.0,28.1,28.1,0.0,18.9,18.9,0.0,38.7,38.7,0.0,GOLD,(CONTRACTS OF 100 TROY OUNCES),FutOnly,190129088691F,126404,126404,0,94007,94007,0,31561,31561,0,GOLD - COMMODITY EXCHANGE INC.,49142,49142,0,30126,30126,0,483390,483390,0,85914,85914,0,18718,18718,0,26447,26447,0,26.1,26.1,0.0,19.4,19.4,0.0,6.5,6.5,0.0,10.2,10.2,0.0,6.2,6.2,0.0,17.8,17.8,0.0,3.9,3.9,0.0,5.5,5.5,0.0,3.0,3.0,0.0,17.6,17.6,0.0,21.2,21.2,0.0,31.1,31.1,0.0,9.8,9.8,0.0,89.8,89.8,0.0,93.8,93.8,0.0,100.0,100.0,100.0,14289,14289,0,84947,84947,0,2019-01-29T00:00:00.000,150322,150322,0,47262,47262,0,102371,102371,0,434248,434248,0,453264,453264,0,99,99,0,32,32,0,36,36,0,92,92,0,38,38,0,37,37,0,17,17,0,24,24,0,19,19,0,23,23,0,24,24,0,340,340,0,278,278,0,167,167,0,2019 Report Week 04
067,067651,NYME,NYC,N10,10174,-18237,1573,-4260,-6070,-6799,-11772,10587,-3378,-21751,1270,3072,-12087,19543,-2539,-729,CRUDE OIL,NATURAL RESOURCES,CRUDE OIL,PETROLEUM AND PRODUCTS,20.2,20.2,0.0,20.2,20.2,0.0,33.8,33.8,0.0,31.7,31.7,0.0,11.9,11.9,0.0,13.4,13.4,0.0,17.3,17.3,0.0,19.4,19.4,0.0,WTI-PHYSICAL,"(CONTRACTS OF 1,000 BARRELS)",FutOnly,190129067651F,224573,224573,0,70931,70931,0,427849,427849,0,"CRUDE OIL, LIGHT SWEET - NEW YORK MERCANTILE EXCHANGE",73042,73042,0,71098,71098,0,2042018,2042018,0,274724,274724,0,87455,87455,0,236909,236909,0,11.0,11.0,0.0,3.5,3.5,0.0,21.0,21.0,0.0,3.6,3.6,0.0,3.5,3.5,0.0,13.5,13.5,0.0,4.3,4.3,0.0,11.6,11.6,0.0,21.6,21.6,0.0,25.2,25.2,0.0,8.1,8.1,0.0,21.2,21.2,0.0,9.7,9.7,0.0,96.4,96.4,0.0,96.5,96.5,0.0,100.0,100.0,100.0,440773,440773,0,515234,515234,0,2019-01-29T00:00:00.000,433760,433760,0,198782,198782,0,165366,165366,0,1968976,1968976,0,1970920,1970920,0,51,51,0,51,51,0,70,70,0,63,63,0,56,56,0,90,90,0,60,60,0,67,67,0,22,22,0,23,23,0,36,36,0,358,358,0,311,311,0,294,294,0,2019 Report Week 04
085,085692,CMX,NYC,N25,6419,-16321,-2430,-495,701,-19959,-3207,3702,2824,-21853,-7625,669,1076,-1886,-19464,-20660,COPPER,NATURAL RESOURCES,COPPER,BASE METALS,14.5,14.5,0.0,30.8,30.8,0.0,24.3,24.3,0.0,45.1,45.1,0.0,13.8,13.8,0.0,26.4,26.4,0.0,21.0,21.0,0.0,36.4,36.4,0.0,COPPER- #1,"(CONTRACTS OF 25,000 POUNDS)",FutOnly,190205085692F,52847,52847,0,70178,70178,0,41392,41392,0,COPPER-GRADE #1 - COMMODITY EXCHANGE INC.,15092,15092,0,14651,14651,0,245629,245629,0,26489,26489,0,15240,15240,0,22546,22546,0,21.5,21.5,0.0,28.6,28.6,0.0,16.9,16.9,0.0,6.1,6.1,0.0,6.0,6.0,0.0,10.8,10.8,0.0,6.2,6.2,0.0,9.2,9.2,0.0,15.5,15.5,0.0,29.3,29.3,0.0,16.7,16.7,0.0,0.6,0.6,0.0,3.3,3.3,0.0,93.9,93.9,0.0,94.0,94.0,0.0,100.0,100.0,100.0,37960,37960,0,71907,71907,0,2019-02-05T00:00:00.000,1534,1534,0,8181,8181,0,41122,41122,0,230537,230537,0,230978,230978,0,69,69,0,45,45,0,48,48,0,49,49,0,55,55,0,53,53,0,38,38,0,44,44,0,18,18,0,,,0,13,13,0,307,307,0,232,232,0,220,220,0,2019 Report Week 05
088,088691,CMX,NYC,N20,8550,-3928,-1026,1213,-1918,-3654,-2668,308,-3389,1304,4213,9581,19305,-17219,-4867,-1736,GOLD,NATURAL RESOURCES,GOLD,PRECIOUS METALS,15.1,15.1,0.0,30.9,30.9,0.0,23.1,23.1,0.0,46.5,46.5,0.0,13.5,13.5,0.0,28.4,28.4,0.0,20.6,20.6,0.0,41.2,41.2,0.0,GOLD,(CONTRACTS OF 100 TROY OUNCES),FutOnly,190205088691F,134954,134954,0,90079,90079,0,30535,30535,0,GOLD - COMMODITY EXCHANGE INC.,50355,50355,0,28208,28208,0,479736,479736,0,83246,83246,0,19026,19026,0,23058,23058,0,28.1,28.1,0.0,18.8,18.8,0.0,6.4,6.4,0.0,10.5,10.5,0.0,5.9,5.9,0.0,17.4,17.4,0.0,4.0,4.0,0.0,4.8,4.8,0.0,3.3,3.3,0.0,18.6,18.6,0.0,23.3,23.3,0.0,35.4,35.4,0.0,6.3,6.3,0.0,89.5,89.5,0.0,94.1,94.1,0.0,100.0,100.0,100.0,15593,15593,0,89160,89160,0,2019-02-05T00:00:00.000,169627,169627,0,30043,30043,0,111952,111952,0,429381,429381,0,451528,451528,0,100,100,0,33,33,0,33,33,0,93,93,0,33,33,0,32,32,0,18,18,0,22,22,0,18,18,0,26,26,0,23,23,0,341,341,0,270,270,0,164,164,0,2019 Report Week 05
067,067651,NYME,NYC,N10,4458,10095,-16977,8392,-177,15043,-11885,1780,19878,7995,-9390,-1198,5454,4380,6651,15220,CRUDE OIL,NATURAL RESOURCES,CRUDE OIL,PETROLEUM AND PRODUCTS,19.2,19.2,0.0,19.5,19.5,0.0,32.7,32.7,0.0,30.5,30.5,0.0,11.1,11.1,0.0,13.3,13.3,0.0,17.0,17.0,0.0,19.2,19.2,0.0,WTI-PHYSICAL,"(CONTRACTS OF 1,000 BARRELS)",FutOnly,190205067651F,229031,229031,0,81026,81026,0,410872,410872,0,"CRUDE OIL, LIGHT SWEET - NEW YORK MERCANTILE EXCHANGE",81434,81434,0,70921,70921,0,2057061,2057061,0,262839,262839,0,89235,89235,0,256787,256787,0,11.1,11.1,0.0,3.9,3.9,0.0,20.0,20.0,0.0,4.0,4.0,0.0,3.4,3.4,0.0,12.8,12.8,0.0,4.3,4.3,0.0,12.5,12.5,0.0,21.8,21.8,0.0,24.6,24.6,0.0,8.0,8.0,0.0,21.4,21.4,0.0,9.9,9.9,0.0,96.0,96.0,0.0,96.6,96.6,0.0,100.0,100.0,100.0,448768,448768,0,505844,505844,0,2019-02-05T00:00:00.000,439214,439214,0,203162,203162,0,164168,164168,0,1975627,1975627,0,1986140,1986140,0,53,53,0,54,54,0,69,69,0,67,67,0,57,57,0,93,93,0,62,62,0,66,66,0,22,22,0,22,22,0,35,35,0,373,373,0,322,322,0,299,299,0,2019 Report Week 05
085,085692,CMX,NYC,N25,6108,-5524,-4448,1171,857,-154,-2518,1829,5180,-4603,1459,-452,1085,-592,-1325,-1011,COPPER,NATURAL RESOURCES,COPPER,BASE METALS,14.5,14.5,0.0,29.2,29.2,0.0,24.2,24.2,0.0,43.6,43.6,0.0,13.9,13.9,0.0,25.0,25.0,0.0,21.0,21.0,0.0,36.7,36.7,0.0,COPPER- #1,"(CONTRACTS OF 25,000 POUNDS)",FutOnly,190212085692F,58955,58955,0,64654,64654,0,36944,36944,0,COPPER-GRADE #1 - COMMODITY EXCHANGE INC.,16263,16263,0,15508,15508,0,245475,245475,0,23971,23971,0,17069,17069,0,27726,27726,0,24.0,24.0,0.0,26.3,26.3,0.0,15.1,15.1,0.0,6.6,6.6,0.0,6.3,6.3,0.0,9.8,9.8,0.0,7.0,7.0,0.0,11.3,11.3,0.0,13.6,13.6,0.0,29.9,29.9,0.0,16.6,16.6,0.0,1.1,1.1,0.0,3.1,3.1,0.0,93.4,93.4,0.0,93.7,93.7,0.0,100.0,100.0,100.0,33357,33357,0,73366,73366,0,2019-02-12T00:00:00.000,2619,2619,0,7589,7589,0,40670,40670,0,229212,229212,0,229967,229967,0,74,74,0,38,38,0,46,46,0,44,44,0,60,60,0,51,51,0,36,36,0,43,43,0,17,17,0,4,4,0,14,14,0,297,297,0,227,227,0,212,212,0,2019 Report Week 06
088,088691,CMX,NYC,N20,-2589,-333,-2452,-1506,-596,-3653,-1441,524,2247,973,1573,1400,-4331,-285,-2147,-3057,GOLD,NATURAL RESOURCES,GOLD,PRECIOUS METALS,15.2,15.2,0.0,30.8,30.8,0.0,23.4,23.4,0.0,46.2,46.2,0.0,13.8,13.8,0.0,28.9,28.9,0.0,21.0,21.0,0.0,42.0,42.0,0.0,GOLD,(CONTRACTS OF 100 TROY OUNCES),FutOnly,190212088691F,132365,132365,0,89746,89746,0,28083,28083,0,GOLD - COMMODITY EXCHANGE INC.,48849,48849,0,27612,27612,0,476083,476083,0,81805,81805,0,19550,19550,0,25305,25305,0,27.8,27.8,0.0,18.9,18.9,0.0,5.9,5.9,0.0,10.3,10.3,0.0,5.8,5.8,0.0,17.2,17.2,0.0,4.1,4.1,0.0,5.3,5.3,0.0,3.5,3.5,0.0,19.1,19.1,0.0,23.8,23.8,0.0,34.7,34.7,0.0,6.3,6.3,0.0,89.7,89.7,0.0,94.2,94.2,0.0,100.0,100.0,100.0,16566,16566,0,90733,90733,0,2019-02-12T00:00:00.000,165296,165296,0,29758,29758,0,113352,113352,0,427234,427234,0,448471,448471,0,97,97,0,34,34,0,31,31,0,94,94,0,34,34,0,33,33,0,21,21,0,24,24,0,20,20,0,25,25,0,19,19,0,343,343,0,271,271,0,162,162,0,2019 Report Week 06
067,067651,NYME,NYC,N10,-9943,1679,8990,-2043,-2244,20337,-9746,12027,7712,40941,23455,2973,-12735,-18547,22380,22581,CRUDE OIL,NATURAL RESOURCES,CRUDE OIL,PETROLEUM AND PRODUCTS,19.4,19.4,0.0,19.7,19.7,0.0,32.4,32.4,0.0,30.7,30.7,0.0,11.1,11.1,0.0,12.8,12.8,0.0,16.7,16.7,0.0,18.5,18.5,0.0,WTI-PHYSICAL,"(CONTRACTS OF 1,000 BARRELS)",FutOnly,190212067651F,219088,219088,0,82705,82705,0,419862,419862,0,"CRUDE OIL, LIGHT SWEET - NEW YORK MERCANTILE EXCHANGE",79391,79391,0,68677,68677,0,2077398,2077398,0,253093,253093,0,101262,101262,0,264499,264499,0,10.5,10.5,0.0,4.0,4.0,0.0,20.2,20.2,0.0,3.8,3.8,0.0,3.3,3.3,0.0,12.2,12.2,0.0,4.9,4.9,0.0,12.7,12.7,0.0,23.6,23.6,0.0,25.5,25.5,0.0,8.0,8.0,0.0,20.5,20.5,0.0,8.9,8.9,0.0,96.2,96.2,0.0,96.7,96.7,0.0,100.0,100.0,100.0,489709,489709,0,529299,529299,0,2019-02-12T00:00:00.000,426479,426479,0,184615,184615,0,167141,167141,0,1998007,1998007,0,2008721,2008721,0,51,51,0,53,53,0,68,68,0,63,63,0,59,59,0,96,96,0,66,66,0,71,71,0,23,23,0,21,21,0,35,35,0,372,372,0,323,323,0,305,305,0,2019 Report Week 06
085,085692,CMX,NYC,N25,1632,2550,5329,-440,-1244,7781,166,-427,-1298,756,-155,411,1801,1225,8221,9025,COPPER,NATURAL RESOURCES,COPPER,BASE METALS,15.6,15.6,0.0,28.8,28.8,0.0,25.8,25.8,0.0,44.7,44.7,0.0,13.3,13.3,0.0,24.3,24.3,0.0,20.3,20.3,0.0,34.8,34.8,0.0,COPPER- #1,"(CONTRACTS OF 25,000 POUNDS)",FutOnly,190219085692F,60587,60587,0,67204,67204,0,42273,42273,0,COPPER-GRADE #1 - COMMODITY EXCHANGE INC.,15823,15823,0,14264,14264,0,253256,253256,0,24137,24137,0,16642,16642,0,26428,26428,0,23.9,23.9,0.0,26.5,26.5,0.0,16.7,16.7,0.0,6.2,6.2,0.0,5.6,5.6,0.0,9.5,9.5,0.0,6.6,6.6,0.0,10.4,10.4,0.0,13.5,13.5,0.0,28.9,28.9,0.0,16.2,16.2,0.0,1.7,1.7,0.0,3.5,3.5,0.0,93.8,93.8,0.0,94.4,94.4,0.0,100.0,100.0,100.0,34113,34113,0,73211,73211,0,2019-02-19T00:00:00.000,4420,4420,0,8814,8814,0,41081,41081,0,237433,237433,0,238992,238992,0,75,75,0,43,43,0,48,48,0,47,47,0,59,59,0,43,43,0,38,38,0,43,43,0,16,16,0,4,4,0,15,15,0,307,307,0,231,231,0,213,213,0,2019 Report Week 07
088,088691,CMX,NYC,N20,34046,-5712,-1813,2022,2429,28556,5870,4855,1946,-1330,12940,-10503,15593,-1682,26534,26127,GOLD,NATURAL RESOURCES,GOLD,PRECIOUS METALS,14.4,14.4,0.0,30.9,30.9,0.0,22.1,22.1,0.0,44.9,44.9,0.0,13.3,13.3,0.0,29.2,29.2,0.0,20.5,20.5,0.0,41.6,41.6,0.0,GOLD,(CONTRACTS OF 100 TROY OUNCES),FutOnly,190219088691F,166411,166411,0,84034,84034,0,26270,26270,0,GOLD - COMMODITY EXCHANGE INC.,50871,50871,0,30041,30041,0,504639,504639,0,87675,87675,0,24405,24405,0,27251,27251,0,33.0,33.0,0.0,16.7,16.7,0.0,5.2,5.2,0.0,10.1,10.1,0.0,6.0,6.0,0.0,17.4,17.4,0.0,4.8,4.8,0.0,5.4,5.4,0.0,3.0,3.0,0.0,20.5,20.5,0.0,20.4,20.4,0.0,35.8,35.8,0.0,5.6,5.6,0.0,89.9,89.9,0.0,94.0,94.0,0.0,100.0,100.0,100.0,15236,15236,0,103673,103673,0,2019-02-19T00:00:00.000,180889,180889,0,28076,28076,0,102849,102849,0,453768,453768,0,474598,474598,0,108,108,0,32,32,0,31,31,0,110,110,0,40,40,0,37,37,0,16,16,0,24,24,0,19,19,0,25,25,0,18,18,0,372,372,0,291,291,0,173,173,0,2019 Report Week 07
067,067651,NYME,NYC,N10,3559,-3507,-14292,-1005,1253,-58180,3260,-15427,-17321,137,-21557,-11588,33601,-20930,-57175,-59433,CRUDE OIL,NATURAL RESOURCES,CRUDE OIL,PETROLEUM AND PRODUCTS,20.1,20.1,0.0,20.1,20.1,0.0,33.1,33.1,0.0,31.8,31.8,0.0,11.8,11.8,0.0,14.2,14.2,0.0,17.4,17.4,0.0,20.3,20.3,0.0,WTI-PHYSICAL,"(CONTRACTS OF 1,000 BARRELS)",FutOnly,190219067651F,222647,222647,0,79198,79198,0,405570,405570,0,"CRUDE OIL, LIGHT SWEET - NEW YORK MERCANTILE EXCHANGE",78386,78386,0,69930,69930,0,2019218,2019218,0,256353,256353,0,85835,85835,0,247178,247178,0,11.0,11.0,0.0,3.9,3.9,0.0,20.1,20.1,0.0,3.9,3.9,0.0,3.5,3.5,0.0,12.7,12.7,0.0,4.3,4.3,0.0,12.2,12.2,0.0,24.3,24.3,0.0,25.1,25.1,0.0,7.7,7.7,0.0,22.8,22.8,0.0,8.1,8.1,0.0,96.1,96.1,0.0,96.5,96.5,0.0,100.0,100.0,100.0,489846,489846,0,507742,507742,0,2019-02-19T00:00:00.000,460080,460080,0,163685,163685,0,155553,155553,0,1940832,1940832,0,1949288,1949288,0,53,53,0,47,47,0,70,70,0,64,64,0,54,54,0,85,85,0,62,62,0,69,69,0,20,20,0,23,23,0,35,35,0,356,356,0,309,309,0,291,291,0,2019 Report Week 07
085,085692,CMX,NYC,N25,12956,-10231,-2210,2713,35,3013,-698,983,-4048,-1648,18790,-2771,975,-1281,300,2978,COPPER,NATURAL RESOURCES,COPPER,BASE METALS,14.2,14.2,0.0,27.3,27.3,0.0,24.0,24.0,0.0,47.1,47.1,0.0,11.9,11.9,0.0,23.5,23.5,0.0,19.5,19.5,0.0,37.9,37.9,0.0,COPPER- #1,"(CONTRACTS OF 25,000 POUNDS)",FutOnly,190226085692F,73543,73543,0,56973,56973,0,40063,40063,0,COPPER-GRADE #1 - COMMODITY EXCHANGE INC.,18536,18536,0,14299,14299,0,256269,256269,0,23439,23439,0,17625,17625,0,22380,22380,0,28.7,28.7,0.0,22.2,22.2,0.0,15.6,15.6,0.0,7.2,7.2,0.0,5.6,5.6,0.0,9.1,9.1,0.0,6.9,6.9,0.0,8.7,8.7,0.0,12.7,12.7,0.0,35.9,35.9,0.0,14.9,14.9,0.0,2.1,2.1,0.0,2.9,2.9,0.0,92.8,92.8,0.0,94.4,94.4,0.0,100.0,100.0,100.0,32465,32465,0,92001,92001,0,2019-02-26T00:00:00.000,5395,5395,0,7533,7533,0,38310,38310,0,237733,237733,0,241970,241970,0,86,86,0,26,26,0,43,43,0,47,47,0,57,57,0,42,42,0,35,35,0,45,45,0,16,16,0,5,5,0,15,15,0,299,299,0,234,234,0,195,195,0,2019 Report Week 08
088,088691,CMX,NYC,N20,-12194,-8376,4907,2118,-1201,-3371,-5057,1076,6974,76,-2612,-33,-3977,-162,-5489,-2170,GOLD,NATURAL RESOURCES,GOLD,PRECIOUS METALS,14.8,14.8,0.0,30.5,30.5,0.0,22.5,22.5,0.0,42.3,42.3,0.0,13.5,13.5,0.0,28.5,28.5,0.0,20.2,20.2,0.0,38.8,38.8,0.0,GOLD,(CONTRACTS OF 100 TROY OUNCES),FutOnly,190226088691F,154217,154217,0,75658,75658,0,31177,31177,0,GOLD - COMMODITY EXCHANGE INC.,52989,52989,0,28840,28840,0,501268,501268,0,82618,82618,0,25481,25481,0,34225,34225,0,30.8,30.8,0.0,15.1,15.1,0.0,6.2,6.2,0.0,10.6,10.6,0.0,5.8,5.8,0.0,16.5,16.5,0.0,5.1,5.1,0.0,6.8,6.8,0.0,3.1,3.1,0.0,20.2,20.2,0.0,20.5,20.5,0.0,35.3,35.3,0.0,5.6,5.6,0.0,89.4,89.4,0.0,94.2,94.2,0.0,100.0,100.0,100.0,15312,15312,0,101061,101061,0,2019-02-26T00:00:00.000,176912,176912,0,27914,27914,0,102816,102816,0,448279,448279,0,472428,472428,0,99,99,0,29,29,0,33,33,0,101,101,0,40,40,0,37,37,0,16,16,0,22,22,0,20,20,0,23,23,0,22,22,0,353,353,0,282,282,0,167,167,0,2019 Report Week 08
067,067651,NYME,NYC,N10,1666,-2799,-7739,968,-525,6666,5569,-3670,-6925,7980,6080,-4856,12241,10003,5698,7191,CRUDE OIL,NATURAL RESOURCES,CRUDE OIL,PETROLEUM AND PRODUCTS,21.1,21.1,0.0,20.1,20.1,0.0,34.2,34.2,0.0,32.5,32.5,0.0,11.7,11.7,0.0,13.9,13.9,0.0,17.0,17.0,0.0,19.9,19.9,0.0,WTI-PHYSICAL,"(CONTRACTS OF 1,000 BARRELS)",FutOnly,190226067651F,224313,224313,0,76399,76399,0,397831,397831,0,"CRUDE OIL, LIGHT SWEET - NEW YORK MERCANTILE EXCHANGE",79354,79354,0,69405,69405,0,2025884,2025884,0,261922,261922,0,82165,82165,0,240253,240253,0,11.1,11.1,0.0,3.8,3.8,0.0,19.6,19.6,0.0,3.9,3.9,0.0,3.4,3.4,0.0,12.9,12.9,0.0,4.1,4.1,0.0,11.9,11.9,0.0,24.6,24.6,0.0,25.4,25.4,0.0,7.4,7.4,0.0,23.3,23.3,0.0,8.6,8.6,0.0,96.1,96.1,0.0,96.6,96.6,0.0,100.0,100.0,100.0,497826,497826,0,513822,513822,0,2019-02-26T00:00:00.000,472321,472321,0,173688,173688,0,150697,150697,0,1946530,1946530,0,1956479,1956479,0,55,55,0,47,47,0,72,72,0,65,65,0,51,51,0,94,94,0,58,58,0,67,67,0,20,20,0,22,22,0,35,35,0,357,357,0,311,311,0,298,298,0,2019 Report Week 08
085,085692,CMX,NYC,N25,-1816,-7969,357,-824,545,-1107,-935,-3654,-437,2627,10053,-293,-216,214,-283,-1652,COPPER,NATURAL RESOURCES,COPPER,BASE METALS,14.9,14.9,0.0,30.0,30.0,0.0,25.0,25.0,0.0,49.2,49.2,0.0,12.1,12.1,0.0,26.6,26.6,0.0,20.0,20.0,0.0,39.2,39.2,0.0,COPPER- #1,"(CONTRACTS OF 25,000 POUNDS)",FutOnly,190305085692F,71727,71727,0,49004,49004,0,40420,40420,0,COPPER-GRADE #1 - COMMODITY EXCHANGE INC.,17712,17712,0,14844,14844,0,255162,255162,0,22504,22504,0,13971,13971,0,21943,21943,0,28.1,28.1,0.0,19.2,19.2,0.0,15.8,15.8,0.0,6.9,6.9,0.0,5.8,5.8,0.0,8.8,8.8,0.0,5.5,5.5,0.0,8.6,8.6,0.0,13.8,13.8,0.0,40.0,40.0,0.0,14.9,14.9,0.0,2.0,2.0,0.0,3.0,3.0,0.0,93.1,93.1,0.0,94.2,94.2,0.0,100.0,100.0,100.0,35092,35092,0,102054,102054,0,2019-03-05T00:00:00.000,5179,5179,0,7747,7747,0,38017,38017,0,237450,237450,0,240318,240318,0,85,85,0,27,27,0,45,45,0,48,48,0,53,53,0,38,38,0,35,35,0,44,44,0,16,16,0,5,5,0,15,15,0,291,291,0,231,231,0,188,188,0,2019 Report Week 09
088,088691,CMX,NYC,N20,-28314,18998,993,232,-1598,-29957,-5893,-5527,-6665,-1392,-14960,2946,-29334,8136,-30189,-28359,GOLD,NATURAL RESOURCES,GOLD,PRECIOUS METALS,15.4,15.4,0.0,29.8,29.8,0.0,23.8,23.8,0.0,43.0,43.0,0.0,14.5,14.5,0.0,25.4,25.4,0.0,20.9,20.9,0.0,37.4,37.4,0.0,GOLD,(CONTRACTS OF 100 TROY OUNCES),FutOnly,190305088691F,125903,125903,0,94656,94656,0,32170,32170,0,GOLD - COMMODITY EXCHANGE INC.,53221,53221,0,27242,27242,0,471311,471311,0,76725,76725,0,19954,19954,0,27560,27560,0,26.7,26.7,0.0,20.1,20.1,0.0,6.8,6.8,0.0,11.3,11.3,0.0,5.8,5.8,0.0,16.3,16.3,0.0,4.2,4.2,0.0,5.8,5.8,0.0,3.0,3.0,0.0,18.3,18.3,0.0,22.4,22.4,0.0,31.3,31.3,0.0,7.6,7.6,0.0,88.7,88.7,0.0,94.2,94.2,0.0,100.0,100.0,100.0,13920,13920,0,86101,86101,0,2019-03-05T00:00:00.000,147578,147578,0,36050,36050,0,105762,105762,0,418090,418090,0,444069,444069,0,89,89,0,37,37,0,42,42,0,96,96,0,31,31,0,39,39,0,17,17,0,21,21,0,19,19,0,22,22,0,22,22,0,329,329,0,269,269,0,168,168,0,2019 Report Week 09
067,067651,NYME,NYC,N10,15410,-12743,28924,2402,3577,41967,-3989,3034,10342,-14768,-5376,-2423,8140,6069,39565,38390,CRUDE OIL,NATURAL RESOURCES,CRUDE OIL,PETROLEUM AND PRODUCTS,21.3,21.3,0.0,20.7,20.7,0.0,34.3,34.3,0.0,32.8,32.8,0.0,11.4,11.4,0.0,13.6,13.6,0.0,17.0,17.0,0.0,19.5,19.5,0.0,WTI-PHYSICAL,"(CONTRACTS OF 1,000 BARRELS)",FutOnly,190305067651F,239723,239723,0,63656,63656,0,426755,426755,0,"CRUDE OIL, LIGHT SWEET - NEW YORK MERCANTILE EXCHANGE",81756,81756,0,72982,72982,0,2067851,2067851,0,257933,257933,0,85199,85199,0,250595,250595,0,11.6,11.6,0.0,3.1,3.1,0.0,20.6,20.6,0.0,4.0,4.0,0.0,3.5,3.5,0.0,12.5,12.5,0.0,4.1,4.1,0.0,12.1,12.1,0.0,23.4,23.4,0.0,24.6,24.6,0.0,7.2,7.2,0.0,23.2,23.2,0.0,8.7,8.7,0.0,96.0,96.0,0.0,96.5,96.5,0.0,100.0,100.0,100.0,483058,483058,0,508446,508446,0,2019-03-05T00:00:00.000,480461,480461,0,179757,179757,0,148274,148274,0,1986095,1986095,0,1994869,1994869,0,59,59,0,46,46,0,72,72,0,61,61,0,50,50,0,94,94,0,60,60,0,66,66,0,20,20,0,23,23,0,40,40,0,356,356,0,320,320,0,296,296,0,2019 Report Week 09
085,085692,CMX,NYC,N25,-5498,789,2434,572,-662,3719,839,241,1956,5205,274,-648,-172,-1141,3147,4381,COPPER,NATURAL RESOURCES,COPPER,BASE METALS,16.2,16.2,0.0,28.8,28.8,0.0,25.9,25.9,0.0,47.9,47.9,0.0,11.9,11.9,0.0,25.2,25.2,0.0,19.6,19.6,0.0,37.7,37.7,0.0,COPPER- #1,"(CONTRACTS OF 25,000 POUNDS)",FutOnly,190312085692F,66229,66229,0,49793,49793,0,42854,42854,0,COPPER-GRADE #1 - COMMODITY EXCHANGE INC.,18284,18284,0,14182,14182,0,258881,258881,0,23343,23343,0,14212,14212,0,23899,23899,0,25.6,25.6,0.0,19.2,19.2,0.0,16.6,16.6,0.0,7.1,7.1,0.0,5.5,5.5,0.0,9.0,9.0,0.0,5.5,5.5,0.0,9.2,9.2,0.0,15.6,15.6,0.0,39.5,39.5,0.0,14.4,14.4,0.0,1.9,1.9,0.0,2.6,2.6,0.0,92.9,92.9,0.0,94.5,94.5,0.0,100.0,100.0,100.0,40297,40297,0,102328,102328,0,2019-03-12T00:00:00.000,5007,5007,0,6606,6606,0,37369,37369,0,240597,240597,0,244699,244699,0,85,85,0,29,29,0,44,44,0,49,49,0,48,48,0,37,37,0,35,35,0,43,43,0,16,16,0,5,5,0,14,14,0,289,289,0,230,230,0,184,184,0,2019 Report Week 10
088,088691,CMX,NYC,N20,-2610,11230,4227,4319,643,58719,5232,591,11254,13208,1348,-1719,4618,24808,54400,58076,GOLD,NATURAL RESOURCES,GOLD,PRECIOUS METALS,18.0,18.0,0.0,29.6,29.6,0.0,27.0,27.0,0.0,41.9,41.9,0.0,12.7,12.7,0.0,22.5,22.5,0.0,18.5,18.5,0.0,33.4,33.4,0.0,GOLD,(CONTRACTS OF 100 TROY OUNCES),FutOnly,190312088691F,123293,123293,0,105886,105886,0,36397,36397,0,GOLD - COMMODITY EXCHANGE INC.,57540,57540,0,27885,27885,0,530030,530030,0,81957,81957,0,20545,20545,0,38814,38814,0,23.3,23.3,0.0,20.0,20.0,0.0,6.9,6.9,0.0,10.9,10.9,0.0,5.3,5.3,0.0,15.5,15.5,0.0,3.9,3.9,0.0,7.3,7.3,0.0,5.1,5.1,0.0,16.5,16.5,0.0,19.6,19.6,0.0,28.7,28.7,0.0,11.5,11.5,0.0,89.1,89.1,0.0,94.7,94.7,0.0,100.0,100.0,100.0,27128,27128,0,87449,87449,0,2019-03-12T00:00:00.000,152196,152196,0,60858,60858,0,104043,104043,0,472490,472490,0,502145,502145,0,91,91,0,34,34,0,44,44,0,107,107,0,33,33,0,40,40,0,18,18,0,24,24,0,20,20,0,23,23,0,21,21,0,345,345,0,283,283,0,176,176,0,2019 Report Week 10
067,067651,NYME,NYC,N10,2454,-5287,-6376,901,2437,-54987,59,-5664,5185,-24928,-17997,9,5006,-32291,-55888,-57424,CRUDE OIL,NATURAL RESOURCES,CRUDE OIL,PETROLEUM AND PRODUCTS,20.9,20.9,0.0,20.5,20.5,0.0,33.9,33.9,0.0,32.3,32.3,0.0,11.6,11.6,0.0,13.9,13.9,0.0,17.7,17.7,0.0,20.0,20.0,0.0,WTI-PHYSICAL,"(CONTRACTS OF 1,000 BARRELS)",FutOnly,190312067651F,242177,242177,0,58369,58369,0,420379,420379,0,"CRUDE OIL, LIGHT SWEET - NEW YORK MERCANTILE EXCHANGE",82657,82657,0,75419,75419,0,2012864,2012864,0,257992,257992,0,79535,79535,0,255780,255780,0,12.0,12.0,0.0,2.9,2.9,0.0,20.9,20.9,0.0,4.1,4.1,0.0,3.7,3.7,0.0,12.8,12.8,0.0,4.0,4.0,0.0,12.7,12.7,0.0,22.8,22.8,0.0,24.4,24.4,0.0,7.4,7.4,0.0,24.1,24.1,0.0,7.3,7.3,0.0,95.9,95.9,0.0,96.3,96.3,0.0,100.0,100.0,100.0,458130,458130,0,490449,490449,0,2019-03-12T00:00:00.000,485467,485467,0,147466,147466,0,148283,148283,0,1930207,1930207,0,1937445,1937445,0,62,62,0,44,44,0,72,72,0,64,64,0,53,53,0,92,92,0,60,60,0,68,68,0,20,20,0,24,24,0,37,37,0,356,356,0,317,317,0,295,295,0,2019 Report Week 10
088,088691,CMX,NYC,N20,616,-12452,1910,-3097,-705,-15867,-1541,1950,-8430,6464,10140,-4347,-838,-7442,-12770,-15162,GOLD,NATURAL RESOURCES,GOLD,PRECIOUS METALS,17.9,17.9,0.0,28.2,28.2,0.0,26.5,26.5,0.0,41.5,41.5,0.0,12.9,12.9,0.0,22.2,22.2,0.0,18.7,18.7,0.0,32.7,32.7,0.0,GOLD,(CONTRACTS OF 100 TROY OUNCES),FutOnly,190319088691F,123909,123909,0,93434,93434,0,38307,38307,0,GOLD - COMMODITY EXCHANGE INC.,54443,54443,0,27180,27180,0,514163,514163,0,80416,80416,0,22495,22495,0,30384,30384,0,24.1,24.1,0.0,18.2,18.2,0.0,7.5,7.5,0.0,10.6,10.6,0.0,5.3,5.3,0.0,15.6,15.6,0.0,4.4,4.4,0.0,5.9,5.9,0.0,6.5,6.5,0.0,19.0,19.0,0.0,19.4,19.4,0.0,29.4,29.4,0.0,10.4,10.4,0.0,89.4,89.4,0.0,94.7,94.7,0.0,100.0,100.0,100.0,33592,33592,0,97589,97589,0,2019-03-19T00:00:00.000,151358,151358,0,53416,53416,0,99696,99696,0,459720,459720,0,486983,486983,0,91,91,0,33,33,0,45,45,0,102,102,0,35,35,0,36,36,0,18,18,0,24,24,0,19,19,0,23,23,0,24,24,0,341,341,0,280,280,0,176,176,0,2019 Report Week 11
085,085692,CMX,NYC,N25,-6054,2233,1282,959,347,-5140,-753,172,-5416,4520,-3216,263,-601,59,-6099,-5487,COPPER,NATURAL RESOURCES,COPPER,BASE METALS,17.1,17.1,0.0,28.5,28.5,0.0,26.6,26.6,0.0,47.4,47.4,0.0,12.9,12.9,0.0,24.4,24.4,0.0,20.2,20.2,0.0,37.4,37.4,0.0,COPPER- #1,"(CONTRACTS OF 25,000 POUNDS)",FutOnly,190319085692F,60175,60175,0,52026,52026,0,44136,44136,0,COPPER-GRADE #1 - COMMODITY EXCHANGE INC.,19243,19243,0,14529,14529,0,253741,253741,0,22590,22590,0,14384,14384,0,18483,18483,0,23.7,23.7,0.0,20.5,20.5,0.0,17.4,17.4,0.0,7.6,7.6,0.0,5.7,5.7,0.0,8.9,8.9,0.0,5.7,5.7,0.0,7.3,7.3,0.0,17.7,17.7,0.0,39.1,39.1,0.0,14.8,14.8,0.0,1.7,1.7,0.0,2.6,2.6,0.0,92.4,92.4,0.0,94.3,94.3,0.0,100.0,100.0,100.0,44817,44817,0,99112,99112,0,2019-03-19T00:00:00.000,4406,4406,0,6665,6665,0,37632,37632,0,234498,234498,0,239212,239212,0,82,82,0,30,30,0,45,45,0,49,49,0,50,50,0,37,37,0,34,34,0,43,43,0,16,16,0,5,5,0,14,14,0,288,288,0,225,225,0,190,190,0,2019 Report Week 11
067,067651,NYME,NYC,N10,42797,-12060,-24866,-2302,-7165,-50305,-8403,-6027,-4827,-27786,-19339,-5013,43884,-19905,-48003,-43140,CRUDE OIL,NATURAL RESOURCES,CRUDE OIL,PETROLEUM AND PRODUCTS,19.8,19.8,0.0,20.4,20.4,0.0,32.0,32.0,0.0,31.5,31.5,0.0,12.0,12.0,0.0,14.6,14.6,0.0,19.1,19.1,0.0,21.0,21.0,0.0,WTI-PHYSICAL,"(CONTRACTS OF 1,000 BARRELS)",FutOnly,190319067651F,284974,284974,0,46309,46309,0,395513,395513,0,"CRUDE OIL, LIGHT SWEET - NEW YORK MERCANTILE EXCHANGE",80355,80355,0,68254,68254,0,1962559,1962559,0,249589,249589,0,73508,73508,0,250953,250953,0,14.5,14.5,0.0,2.4,2.4,0.0,20.2,20.2,0.0,4.1,4.1,0.0,3.5,3.5,0.0,12.7,12.7,0.0,3.7,3.7,0.0,12.8,12.8,0.0,21.9,21.9,0.0,24.0,24.0,0.0,7.3,7.3,0.0,27.0,27.0,0.0,6.5,6.5,0.0,95.9,95.9,0.0,96.5,96.5,0.0,100.0,100.0,100.0,430344,430344,0,471110,471110,0,2019-03-19T00:00:00.000,529351,529351,0,127561,127561,0,143270,143270,0,1882204,1882204,0,1894305,1894305,0,58,58,0,42,42,0,70,70,0,63,63,0,51,51,0,89,89,0,57,57,0,64,64,0,18,18,0,26,26,0,34,34,0,348,348,0,305,305,0,286,286,0,2019 Report Week 11
088,088691,CMX,NYC,N20,11464,-16048,-3684,9827,5594,-4588,-892,-4922,4200,-18888,-13536,-2948,27475,-3667,-14415,-10182,GOLD,NATURAL RESOURCES,GOLD,PRECIOUS METALS,14.5,14.5,0.0,30.6,30.6,0.0,22.6,22.6,0.0,44.1,44.1,0.0,12.8,12.8,0.0,25.7,25.7,0.0,19.1,19.1,0.0,36.9,36.9,0.0,GOLD,(CONTRACTS OF 100 TROY OUNCES),FutOnly,190326088691F,135373,135373,0,77386,77386,0,34623,34623,0,GOLD - COMMODITY EXCHANGE INC.,64270,64270,0,32774,32774,0,509575,509575,0,79524,79524,0,17573,17573,0,34584,34584,0,26.6,26.6,0.0,15.2,15.2,0.0,6.8,6.8,0.0,12.6,12.6,0.0,6.4,6.4,0.0,15.6,15.6,0.0,3.4,3.4,0.0,6.8,6.8,0.0,2.9,2.9,0.0,16.5,16.5,0.0,19.0,19.0,0.0,35.1,35.1,0.0,9.8,9.8,0.0,87.4,87.4,0.0,93.6,93.6,0.0,100.0,100.0,100.0,14704,14704,0,84053,84053,0,2019-03-26T00:00:00.000,178833,178833,0,49749,49749,0,96748,96748,0,445305,445305,0,476801,476801,0,94,94,0,33,33,0,40,40,0,99,99,0,31,31,0,41,41,0,17,17,0,22,22,0,20,20,0,22,22,0,23,23,0,332,332,0,276,276,0,169,169,0,2019 Report Week 12
085,085692,CMX,NYC,N25,-7217,9481,-3265,-2732,-948,-1788,286,-1999,-725,8807,-4015,1629,-1746,1429,944,-840,COPPER,NATURAL RESOURCES,COPPER,BASE METALS,17.2,17.2,0.0,28.6,28.6,0.0,28.5,28.5,0.0,47.7,47.7,0.0,13.9,13.9,0.0,24.4,24.4,0.0,22.5,22.5,0.0,39.1,39.1,0.0,COPPER- #1,"(CONTRACTS OF 25,000 POUNDS)",FutOnly,190326085692F,52958,52958,0,61507,61507,0,40871,40871,0,COPPER-GRADE #1 - COMMODITY EXCHANGE INC.,16511,16511,0,13581,13581,0,251953,251953,0,22876,22876,0,12385,12385,0,17758,17758,0,21.0,21.0,0.0,24.4,24.4,0.0,16.2,16.2,0.0,6.6,6.6,0.0,5.4,5.4,0.0,9.1,9.1,0.0,4.9,4.9,0.0,7.0,7.0,0.0,21.3,21.3,0.0,37.7,37.7,0.0,15.6,15.6,0.0,1.1,1.1,0.0,3.2,3.2,0.0,93.4,93.4,0.0,94.6,94.6,0.0,100.0,100.0,100.0,53624,53624,0,95097,95097,0,2019-03-26T00:00:00.000,2660,2660,0,8094,8094,0,39261,39261,0,235442,235442,0,238372,238372,0,72,72,0,38,38,0,49,49,0,51,51,0,38,38,0,42,42,0,36,36,0,46,46,0,18,18,0,,,0,15,15,0,282,282,0,224,224,0,196,196,0,2019 Report Week 12
067,067651,NYME,NYC,N10,20620,-7766,-2692,-1252,4050,5952,5369,-118,-11858,-21161,-5349,1768,14527,15158,7204,1902,CRUDE OIL,NATURAL RESOURCES,CRUDE OIL,PETROLEUM AND PRODUCTS,18.0,18.0,0.0,18.6,18.6,0.0,30.8,30.8,0.0,30.6,30.6,0.0,12.1,12.1,0.0,14.6,14.6,0.0,19.4,19.4,0.0,21.4,21.4,0.0,WTI-PHYSICAL,"(CONTRACTS OF 1,000 BARRELS)",FutOnly,190326067651F,305594,305594,0,38543,38543,0,392821,392821,0,"CRUDE OIL, LIGHT SWEET - NEW YORK MERCANTILE EXCHANGE",79103,79103,0,72304,72304,0,1968511,1968511,0,254958,254958,0,73390,73390,0,239095,239095,0,15.5,15.5,0.0,2.0,2.0,0.0,20.0,20.0,0.0,4.0,4.0,0.0,3.7,3.7,0.0,13.0,13.0,0.0,3.7,3.7,0.0,12.1,12.1,0.0,20.8,20.8,0.0,23.7,23.7,0.0,7.4,7.4,0.0,27.6,27.6,0.0,7.3,7.3,0.0,96.0,96.0,0.0,96.3,96.3,0.0,100.0,100.0,100.0,409183,409183,0,465761,465761,0,2019-03-26T00:00:00.000,543878,543878,0,142719,142719,0,145038,145038,0,1889408,1889408,0,1896207,1896207,0,69,69,0,38,38,0,74,74,0,68,68,0,49,49,0,93,93,0,52,52,0,64,64,0,19,19,0,26,26,0,34,34,0,362,362,0,312,312,0,296,296,0,2019 Report Week 12
067,067651,NYME,NYC,N10,12486,-6165,-25942,9624,10511,6498,17274,3183,-12771,4145,13993,1307,23314,375,-3126,-4013,CRUDE OIL,NATURAL RESOURCES,CRUDE OIL,PETROLEUM AND PRODUCTS,16.7,16.7,0.0,17.9,17.9,0.0,29.4,29.4,0.0,29.0,29.0,0.0,12.6,12.6,0.0,15.0,15.0,0.0,20.3,20.3,0.0,22.3,22.3,0.0,WTI-PHYSICAL,"(CONTRACTS OF 1,000 BARRELS)",FutOnly,190402067651F,318080,318080,0,32378,32378,0,366879,366879,0,"CRUDE OIL, LIGHT SWEET - NEW YORK MERCANTILE EXCHANGE",88727,88727,0,82815,82815,0,1975009,1975009,0,272232,272232,0,76573,76573,0,226324,226324,0,16.1,16.1,0.0,1.6,1.6,0.0,18.6,18.6,0.0,4.5,4.5,0.0,4.2,4.2,0.0,13.8,13.8,0.0,3.9,3.9,0.0,11.5,11.5,0.0,20.9,20.9,0.0,24.3,24.3,0.0,7.4,7.4,0.0,28.7,28.7,0.0,7.2,7.2,0.0,95.5,95.5,0.0,95.8,95.8,0.0,100.0,100.0,100.0,413328,413328,0,479754,479754,0,2019-04-02T00:00:00.000,567192,567192,0,143094,143094,0,146345,146345,0,1886282,1886282,0,1892194,1892194,0,66,66,0,37,37,0,73,73,0,69,69,0,52,52,0,91,91,0,54,54,0,63,63,0,19,19,0,26,26,0,34,34,0,359,359,0,315,315,0,289,289,0,2019 Report Week 13
088,088691,CMX,NYC,N20,-24557,8812,-1089,-14224,-6402,-69405,3444,-4543,-11292,1635,-9479,1844,-20246,-25166,-55181,-63003,GOLD,NATURAL RESOURCES,GOLD,PRECIOUS METALS,15.1,15.1,0.0,27.8,27.8,0.0,23.5,23.5,0.0,42.6,42.6,0.0,14.9,14.9,0.0,25.0,25.0,0.0,21.5,21.5,0.0,37.7,37.7,0.0,GOLD,(CONTRACTS OF 100 TROY OUNCES),FutOnly,190402088691F,110816,110816,0,86198,86198,0,33534,33534,0,GOLD - COMMODITY EXCHANGE INC.,50046,50046,0,26372,26372,0,440170,440170,0,82968,82968,0,13030,13030,0,23292,23292,0,25.2,25.2,0.0,19.6,19.6,0.0,7.6,7.6,0.0,11.4,11.4,0.0,6.0,6.0,0.0,18.8,18.8,0.0,3.0,3.0,0.0,5.3,5.3,0.0,3.7,3.7,0.0,16.9,16.9,0.0,22.4,22.4,0.0,36.0,36.0,0.0,5.6,5.6,0.0,88.6,88.6,0.0,94.0,94.0,0.0,100.0,100.0,100.0,16339,16339,0,74574,74574,0,2019-04-02T00:00:00.000,158587,158587,0,24583,24583,0,98592,98592,0,390124,390124,0,413798,413798,0,86,86,0,41,41,0,45,45,0,102,102,0,28,28,0,32,32,0,20,20,0,23,23,0,23,23,0,20,20,0,20,20,0,338,338,0,274,274,0,169,169,0,2019 Report Week 13
085,085692,CMX,NYC,N25,5678,573,-759,2557,-738,-1644,433,2924,-448,-8884,-3875,-154,746,-67,-4201,-906,COPPER,NATURAL RESOURCES,COPPER,BASE METALS,17.2,17.2,0.0,28.5,28.5,0.0,27.3,27.3,0.0,47.6,47.6,0.0,13.9,13.9,0.0,24.5,24.5,0.0,22.6,22.6,0.0,39.5,39.5,0.0,COPPER- #1,"(CONTRACTS OF 25,000 POUNDS)",FutOnly,190402085692F,58636,58636,0,62080,62080,0,40112,40112,0,COPPER-GRADE #1 - COMMODITY EXCHANGE INC.,19068,19068,0,12843,12843,0,250309,250309,0,23309,23309,0,15309,15309,0,17310,17310,0,23.4,23.4,0.0,24.8,24.8,0.0,16.0,16.0,0.0,7.6,7.6,0.0,5.1,5.1,0.0,9.3,9.3,0.0,6.1,6.1,0.0,6.9,6.9,0.0,17.9,17.9,0.0,36.4,36.4,0.0,15.6,15.6,0.0,1.4,1.4,0.0,3.2,3.2,0.0,92.4,92.4,0.0,94.9,94.9,0.0,100.0,100.0,100.0,44740,44740,0,91222,91222,0,2019-04-02T00:00:00.000,3406,3406,0,8027,8027,0,39107,39107,0,231241,231241,0,237466,237466,0,78,78,0,36,36,0,45,45,0,49,49,0,47,47,0,39,39,0,32,32,0,43,43,0,16,16,0,5,5,0,14,14,0,289,289,0,224,224,0,190,190,0,2019 Report Week 13
085,085692,CMX,NYC,N25,2849,837,-214,-875,-79,-3681,-3291,263,-23,-3757,-3653,2838,396,-1208,-2806,-3602,COPPER,NATURAL RESOURCES,COPPER,BASE METALS,17.9,17.9,0.0,28.6,28.6,0.0,28.3,28.3,0.0,47.6,47.6,0.0,14.3,14.3,0.0,24.7,24.7,0.0,23.3,23.3,0.0,40.6,40.6,0.0,COPPER- #1,"(CONTRACTS OF 25,000 POUNDS)",FutOnly,190409085692F,61485,61485,0,62917,62917,0,39898,39898,0,COPPER-GRADE #1 - COMMODITY EXCHANGE INC.,18193,18193,0,12764,12764,0,246628,246628,0,20018,20018,0,15572,15572,0,17287,17287,0,24.9,24.9,0.0,25.5,25.5,0.0,16.2,16.2,0.0,7.4,7.4,0.0,5.2,5.2,0.0,8.1,8.1,0.0,6.3,6.3,0.0,7.0,7.0,0.0,16.6,16.6,0.0,35.5,35.5,0.0,17.0,17.0,0.0,1.5,1.5,0.0,2.8,2.8,0.0,92.6,92.6,0.0,94.8,94.8,0.0,100.0,100.0,100.0,40983,40983,0,87569,87569,0,2019-04-09T00:00:00.000,3802,3802,0,6819,6819,0,41945,41945,0,228435,228435,0,233864,233864,0,83,83,0,29,29,0,43,43,0,46,46,0,48,48,0,42,42,0,32,32,0,40,40,0,15,15,0,6,6,0,12,12,0,286,286,0,227,227,0,181,181,0,2019 Report Week 14
088,088691,CMX,NYC,N20,7101,-5318,923,4403,632,7369,-1378,233,3356,-97,1265,-9307,3910,2368,2966,6737,GOLD,NATURAL RESOURCES,GOLD,PRECIOUS METALS,15.0,15.0,0.0,28.5,28.5,0.0,23.6,23.6,0.0,43.4,43.4,0.0,14.4,14.4,0.0,24.7,24.7,0.0,20.9,20.9,0.0,37.7,37.7,0.0,GOLD,(CONTRACTS OF 100 TROY OUNCES),FutOnly,190409088691F,117917,117917,0,80880,80880,0,34457,34457,0,GOLD - COMMODITY EXCHANGE INC.,54449,54449,0,27004,27004,0,447539,447539,0,81590,81590,0,13263,13263,0,26648,26648,0,26.3,26.3,0.0,18.1,18.1,0.0,7.7,7.7,0.0,12.2,12.2,0.0,6.0,6.0,0.0,18.2,18.2,0.0,3.0,3.0,0.0,6.0,6.0,0.0,3.6,3.6,0.0,16.9,16.9,0.0,20.0,20.0,0.0,36.3,36.3,0.0,6.0,6.0,0.0,87.8,87.8,0.0,94.0,94.0,0.0,100.0,100.0,100.0,16242,16242,0,75839,75839,0,2019-04-09T00:00:00.000,162497,162497,0,26951,26951,0,89285,89285,0,393090,393090,0,420535,420535,0,90,90,0,30,30,0,43,43,0,103,103,0,31,31,0,38,38,0,18,18,0,22,22,0,23,23,0,22,22,0,23,23,0,334,334,0,277,277,0,168,168,0,2019 Report Week 14
067,067651,NYME,NYC,N10,26149,-8207,14469,8402,-4506,46805,5305,4360,-16793,30908,38977,6906,47046,-28541,38403,51311,CRUDE OIL,NATURAL RESOURCES,CRUDE OIL,PETROLEUM AND PRODUCTS,18.8,18.8,0.0,19.0,19.0,0.0,31.3,31.3,0.0,31.2,31.2,0.0,12.7,12.7,0.0,15.7,15.7,0.0,20.5,20.5,0.0,23.4,23.4,0.0,WTI-PHYSICAL,"(CONTRACTS OF 1,000 BARRELS)",FutOnly,190409067651F,344229,344229,0,24171,24171,0,381348,381348,0,"CRUDE OIL, LIGHT SWEET - NEW YORK MERCANTILE EXCHANGE",97129,97129,0,78309,78309,0,2021814,2021814,0,277537,277537,0,80933,80933,0,209531,209531,0,17.0,17.0,0.0,1.2,1.2,0.0,18.9,18.9,0.0,4.8,4.8,0.0,3.9,3.9,0.0,13.7,13.7,0.0,4.0,4.0,0.0,10.4,10.4,0.0,22.0,22.0,0.0,25.7,25.7,0.0,7.6,7.6,0.0,30.4,30.4,0.0,5.7,5.7,0.0,95.2,95.2,0.0,96.1,96.1,0.0,100.0,100.0,100.0,444236,444236,0,518731,518731,0,2019-04-09T00:00:00.000,614238,614238,0,114553,114553,0,153251,153251,0,1924685,1924685,0,1943505,1943505,0,71,71,0,31,31,0,69,69,0,66,66,0,52,52,0,87,87,0,56,56,0,67,67,0,19,19,0,25,25,0,32,32,0,353,353,0,306,306,0,285,285,0,2019 Report Week 14
085,085692,CMX,NYC,N25,2993,404,-16,304,1215,11285,-251,40,1822,3970,6174,1238,421,1225,10981,10070,COPPER,NATURAL RESOURCES,COPPER,BASE METALS,17.1,17.1,0.0,27.0,27.0,0.0,27.2,27.2,0.0,44.8,44.8,0.0,14.3,14.3,0.0,23.8,23.8,0.0,22.9,22.9,0.0,39.1,39.1,0.0,COPPER- #1,"(CONTRACTS OF 25,000 POUNDS)",FutOnly,190416085692F,64478,64478,0,63321,63321,0,39882,39882,0,COPPER-GRADE #1 - COMMODITY EXCHANGE INC.,18497,18497,0,13979,13979,0,257913,257913,0,19767,19767,0,15612,15612,0,19109,19109,0,25.0,25.0,0.0,24.6,24.6,0.0,15.5,15.5,0.0,7.2,7.2,0.0,5.4,5.4,0.0,7.7,7.7,0.0,6.1,6.1,0.0,7.4,7.4,0.0,17.4,17.4,0.0,36.3,36.3,0.0,16.7,16.7,0.0,1.6,1.6,0.0,3.1,3.1,0.0,92.8,92.8,0.0,94.6,94.6,0.0,100.0,100.0,100.0,44953,44953,0,93743,93743,0,2019-04-16T00:00:00.000,4223,4223,0,8044,8044,0,43183,43183,0,239416,239416,0,243934,243934,0,85,85,0,30,30,0,42,42,0,51,51,0,47,47,0,42,42,0,33,33,0,43,43,0,16,16,0,6,6,0,16,16,0,299,299,0,240,240,0,186,186,0,2019 Report Week 15
088,088691,CMX,NYC,N20,-21721,30703,1590,-1227,4061,-6958,5427,2094,-4251,2344,-14043,12828,-25164,-1948,-5731,-11019,GOLD,NATURAL RESOURCES,GOLD,PRECIOUS METALS,14.9,14.9,0.0,24.8,24.8,0.0,23.4,23.4,0.0,39.0,39.0,0.0,14.9,14.9,0.0,20.3,20.3,0.0,21.7,21.7,0.0,33.6,33.6,0.0,GOLD,(CONTRACTS OF 100 TROY OUNCES),FutOnly,190416088691F,96196,96196,0,111583,111583,0,36047,36047,0,GOLD - COMMODITY EXCHANGE INC.,53222,53222,0,31065,31065,0,440581,440581,0,87017,87017,0,15357,15357,0,22397,22397,0,21.8,21.8,0.0,25.3,25.3,0.0,8.2,8.2,0.0,12.1,12.1,0.0,7.1,7.1,0.0,19.8,19.8,0.0,3.5,3.5,0.0,5.1,5.1,0.0,4.2,4.2,0.0,14.0,14.0,0.0,23.2,23.2,0.0,31.2,31.2,0.0,5.7,5.7,0.0,87.9,87.9,0.0,92.9,92.9,0.0,100.0,100.0,100.0,18586,18586,0,61796,61796,0,2019-04-16T00:00:00.000,137333,137333,0,25003,25003,0,102113,102113,0,387359,387359,0,409516,409516,0,76,76,0,52,52,0,46,46,0,103,103,0,30,30,0,28,28,0,21,21,0,22,22,0,25,25,0,19,19,0,23,23,0,344,344,0,267,267,0,181,181,0,2019 Report Week 15
067,067651,NYME,NYC,N10,1029,1039,50496,-5181,-1093,70337,-6685,-5291,9992,6228,-2438,3491,6665,10967,75518,71430,CRUDE OIL,NATURAL RESOURCES,CRUDE OIL,PETROLEUM AND PRODUCTS,20.4,20.4,0.0,20.3,20.3,0.0,32.2,32.2,0.0,33.0,33.0,0.0,12.8,12.8,0.0,15.5,15.5,0.0,19.7,19.7,0.0,23.4,23.4,0.0,WTI-PHYSICAL,"(CONTRACTS OF 1,000 BARRELS)",FutOnly,190416067651F,345258,345258,0,25210,25210,0,431844,431844,0,"CRUDE OIL, LIGHT SWEET - NEW YORK MERCANTILE EXCHANGE",91948,91948,0,77216,77216,0,2092151,2092151,0,270852,270852,0,75642,75642,0,219523,219523,0,16.5,16.5,0.0,1.2,1.2,0.0,20.6,20.6,0.0,4.4,4.4,0.0,3.7,3.7,0.0,12.9,12.9,0.0,3.6,3.6,0.0,10.5,10.5,0.0,21.5,21.5,0.0,24.7,24.7,0.0,7.5,7.5,0.0,29.7,29.7,0.0,6.0,6.0,0.0,95.6,95.6,0.0,96.3,96.3,0.0,100.0,100.0,100.0,450464,450464,0,516293,516293,0,2019-04-16T00:00:00.000,620903,620903,0,125520,125520,0,156742,156742,0,2000203,2000203,0,2014935,2014935,0,73,73,0,34,34,0,74,74,0,62,62,0,53,53,0,88,88,0,55,55,0,65,65,0,21,21,0,25,25,0,35,35,0,356,356,0,311,311,0,291,291,0,2019 Report Week 15
085,085692,CMX,NYC,N25,-3492,4790,-5146,1856,-365,-1646,2330,-2766,-988,5837,1429,-2634,809,591,-3502,-1281,COPPER,NATURAL RESOURCES,COPPER,BASE METALS,16.9,16.9,0.0,26.6,26.6,0.0,27.1,27.1,0.0,45.2,45.2,0.0,14.3,14.3,0.0,22.2,22.2,0.0,22.8,22.8,0.0,37.8,37.8,0.0,COPPER- #1,"(CONTRACTS OF 25,000 POUNDS)",FutOnly,190423085692F,60986,60986,0,68111,68111,0,34736,34736,0,COPPER-GRADE #1 - COMMODITY EXCHANGE INC.,20353,20353,0,13614,13614,0,256267,256267,0,22097,22097,0,12846,12846,0,18121,18121,0,23.8,23.8,0.0,26.6,26.6,0.0,13.6,13.6,0.0,7.9,7.9,0.0,5.3,5.3,0.0,8.6,8.6,0.0,5.0,5.0,0.0,7.1,7.1,0.0,19.8,19.8,0.0,37.1,37.1,0.0,15.8,15.8,0.0,2.0,2.0,0.0,3.4,3.4,0.0,92.1,92.1,0.0,94.7,94.7,0.0,100.0,100.0,100.0,50790,50790,0,95172,95172,0,2019-04-23T00:00:00.000,5032,5032,0,8635,8635,0,40549,40549,0,235914,235914,0,242653,242653,0,81,81,0,35,35,0,45,45,0,57,57,0,35,35,0,47,47,0,33,33,0,44,44,0,12,12,0,8,8,0,15,15,0,293,293,0,240,240,0,188,188,0,2019 Report Week 16
088,088691,CMX,NYC,N20,-7207,11235,-1209,-3567,-1411,-533,685,1121,2064,-1496,-8723,9425,-4382,772,3034,878,GOLD,NATURAL RESOURCES,GOLD,PRECIOUS METALS,15.2,15.2,0.0,25.4,25.4,0.0,24.2,24.2,0.0,39.2,39.2,0.0,15.0,15.0,0.0,21.2,21.2,0.0,22.1,22.1,0.0,34.1,34.1,0.0,GOLD,(CONTRACTS OF 100 TROY OUNCES),FutOnly,190423088691F,88989,88989,0,122818,122818,0,34838,34838,0,GOLD - COMMODITY EXCHANGE INC.,49655,49655,0,29654,29654,0,440048,440048,0,87702,87702,0,16478,16478,0,24461,24461,0,20.2,20.2,0.0,27.9,27.9,0.0,7.9,7.9,0.0,11.3,11.3,0.0,6.7,6.7,0.0,19.9,19.9,0.0,3.7,3.7,0.0,5.6,5.6,0.0,3.9,3.9,0.0,12.1,12.1,0.0,25.3,25.3,0.0,30.2,30.2,0.0,5.9,5.9,0.0,88.7,88.7,0.0,93.3,93.3,0.0,100.0,100.0,100.0,17090,17090,0,53073,53073,0,2019-04-23T00:00:00.000,132951,132951,0,25775,25775,0,111538,111538,0,390393,390393,0,410394,410394,0,68,68,0,59,59,0,48,48,0,106,106,0,31,31,0,29,29,0,21,21,0,22,22,0,23,23,0,20,20,0,23,23,0,343,343,0,267,267,0,184,184,0,2019 Report Week 16
067,067651,NYME,NYC,N10,7195,-3153,40741,4452,-3926,47062,21365,-388,-10935,-1707,-8487,1903,49162,-15952,42610,50988,CRUDE OIL,NATURAL RESOURCES,CRUDE OIL,PETROLEUM AND PRODUCTS,21.5,21.5,0.0,22.2,22.2,0.0,33.2,33.2,0.0,34.9,34.9,0.0,12.7,12.7,0.0,16.0,16.0,0.0,19.8,19.8,0.0,24.3,24.3,0.0,WTI-PHYSICAL,"(CONTRACTS OF 1,000 BARRELS)",FutOnly,190423067651F,352453,352453,0,22057,22057,0,472585,472585,0,"CRUDE OIL, LIGHT SWEET - NEW YORK MERCANTILE EXCHANGE",96400,96400,0,73290,73290,0,2139213,2139213,0,292217,292217,0,75254,75254,0,208588,208588,0,16.5,16.5,0.0,1.0,1.0,0.0,22.1,22.1,0.0,4.5,4.5,0.0,3.4,3.4,0.0,13.7,13.7,0.0,3.5,3.5,0.0,9.8,9.8,0.0,21.0,21.0,0.0,23.7,23.7,0.0,7.4,7.4,0.0,31.3,31.3,0.0,5.1,5.1,0.0,95.5,95.5,0.0,96.6,96.6,0.0,100.0,100.0,100.0,448757,448757,0,507806,507806,0,2019-04-23T00:00:00.000,670065,670065,0,109568,109568,0,158645,158645,0,2042813,2042813,0,2065923,2065923,0,82,82,0,25,25,0,70,70,0,70,70,0,44,44,0,82,82,0,52,52,0,65,65,0,20,20,0,26,26,0,34,34,0,357,357,0,309,309,0,279,279,0,2019 Report Week 16
088,088691,CMX,NYC,N20,6170,-27735,-2605,-512,-2604,-10037,-5586,-505,-389,-192,14800,-4271,11653,-2652,-9525,-7433,GOLD,NATURAL RESOURCES,GOLD,PRECIOUS METALS,15.4,15.4,0.0,27.4,27.4,0.0,24.7,24.7,0.0,43.3,43.3,0.0,15.3,15.3,0.0,22.3,22.3,0.0,23.0,23.0,0.0,37.9,37.9,0.0,GOLD,(CONTRACTS OF 100 TROY OUNCES),FutOnly,190430088691F,95159,95159,0,95083,95083,0,32233,32233,0,GOLD - COMMODITY EXCHANGE INC.,49143,49143,0,27050,27050,0,430011,430011,0,82116,82116,0,15973,15973,0,24072,24072,0,22.1,22.1,0.0,22.1,22.1,0.0,7.5,7.5,0.0,11.4,11.4,0.0,6.3,6.3,0.0,19.1,19.1,0.0,3.7,3.7,0.0,5.6,5.6,0.0,3.9,3.9,0.0,15.8,15.8,0.0,24.9,24.9,0.0,33.6,33.6,0.0,5.4,5.4,0.0,88.6,88.6,0.0,93.7,93.7,0.0,100.0,100.0,100.0,16898,16898,0,67873,67873,0,2019-04-30T00:00:00.000,144604,144604,0,23123,23123,0,107267,107267,0,380868,380868,0,402961,402961,0,75,75,0,38,38,0,46,46,0,92,92,0,30,30,0,32,32,0,17,17,0,24,24,0,22,22,0,23,23,0,26,26,0,316,316,0,254,254,0,172,172,0,2019 Report Week 17
085,085692,CMX,NYC,N25,-2620,527,320,-3190,-1383,-6665,-864,-1752,-2404,3054,-52,-433,-1393,-528,-3475,-5282,COPPER,NATURAL RESOURCES,COPPER,BASE METALS,17.7,17.7,0.0,27.5,27.5,0.0,28.9,28.9,0.0,46.1,46.1,0.0,14.3,14.3,0.0,23.3,23.3,0.0,23.6,23.6,0.0,39.6,39.6,0.0,COPPER- #1,"(CONTRACTS OF 25,000 POUNDS)",FutOnly,190430085692F,58366,58366,0,68638,68638,0,35056,35056,0,COPPER-GRADE #1 - COMMODITY EXCHANGE INC.,17163,17163,0,12231,12231,0,249602,249602,0,21233,21233,0,11094,11094,0,15717,15717,0,23.4,23.4,0.0,27.5,27.5,0.0,14.0,14.0,0.0,6.9,6.9,0.0,4.9,4.9,0.0,8.5,8.5,0.0,4.4,4.4,0.0,6.3,6.3,0.0,21.6,21.6,0.0,38.1,38.1,0.0,16.1,16.1,0.0,1.5,1.5,0.0,3.2,3.2,0.0,93.1,93.1,0.0,95.1,95.1,0.0,100.0,100.0,100.0,53844,53844,0,95120,95120,0,2019-04-30T00:00:00.000,3639,3639,0,8107,8107,0,40116,40116,0,232439,232439,0,237371,237371,0,75,75,0,28,28,0,44,44,0,54,54,0,29,29,0,39,39,0,33,33,0,42,42,0,13,13,0,6,6,0,13,13,0,271,271,0,219,219,0,174,174,0,2019 Report Week 17
067,067651,NYME,NYC,N10,-8969,5429,22683,-5842,-7792,5435,2597,11455,361,-15129,-26652,-2218,-12001,11952,11277,13227,CRUDE OIL,NATURAL RESOURCES,CRUDE OIL,PETROLEUM AND PRODUCTS,21.5,21.5,0.0,21.9,21.9,0.0,33.4,33.4,0.0,34.0,34.0,0.0,12.3,12.3,0.0,15.6,15.6,0.0,19.3,19.3,0.0,23.7,23.7,0.0,WTI-PHYSICAL,"(CONTRACTS OF 1,000 BARRELS)",FutOnly,190430067651F,343484,343484,0,27486,27486,0,495268,495268,0,"CRUDE OIL, LIGHT SWEET - NEW YORK MERCANTILE EXCHANGE",90558,90558,0,65498,65498,0,2144648,2144648,0,294814,294814,0,86709,86709,0,208949,208949,0,16.0,16.0,0.0,1.3,1.3,0.0,23.1,23.1,0.0,4.2,4.2,0.0,3.1,3.1,0.0,13.7,13.7,0.0,4.0,4.0,0.0,9.7,9.7,0.0,20.2,20.2,0.0,22.4,22.4,0.0,7.3,7.3,0.0,30.7,30.7,0.0,5.7,5.7,0.0,95.8,95.8,0.0,96.9,96.9,0.0,100.0,100.0,100.0,433628,433628,0,481154,481154,0,2019-04-30T00:00:00.000,658064,658064,0,121520,121520,0,156427,156427,0,2054090,2054090,0,2079150,2079150,0,68,68,0,35,35,0,73,73,0,67,67,0,49,49,0,85,85,0,53,53,0,62,62,0,21,21,0,26,26,0,37,37,0,353,353,0,308,308,0,286,286,0,2019 Report Week 17
085,085692,CMX,NYC,N25,-7359,9525,-10078,535,1192,-4514,1382,-2757,373,9869,-3712,-302,-123,1066,-5049,-5706,COPPER,NATURAL RESOURCES,COPPER,BASE METALS,19.0,19.0,0.0,29.3,29.3,0.0,30.2,30.2,0.0,46.6,46.6,0.0,15.6,15.6,0.0,24.8,24.8,0.0,24.9,24.9,0.0,39.7,39.7,0.0,COPPER- #1,"(CONTRACTS OF 25,000 POUNDS)",FutOnly,190507085692F,51007,51007,0,78163,78163,0,24978,24978,0,COPPER-GRADE #1 - COMMODITY EXCHANGE INC.,17698,17698,0,13423,13423,0,245088,245088,0,22615,22615,0,8337,8337,0,16090,16090,0,20.8,20.8,0.0,31.9,31.9,0.0,10.2,10.2,0.0,7.2,7.2,0.0,5.5,5.5,0.0,9.2,9.2,0.0,3.4,3.4,0.0,6.6,6.6,0.0,26.0,26.0,0.0,37.3,37.3,0.0,16.2,16.2,0.0,1.4,1.4,0.0,3.7,3.7,0.0,92.8,92.8,0.0,94.5,94.5,0.0,100.0,100.0,100.0,63713,63713,0,91408,91408,0,2019-05-07T00:00:00.000,3516,3516,0,9173,9173,0,39814,39814,0,227390,227390,0,231665,231665,0,60,60,0,42,42,0,45,45,0,53,53,0,26,26,0,34,34,0,38,38,0,41,41,0,14,14,0,6,6,0,13,13,0,268,268,0,214,214,0,173,173,0,2019 Report Week 18
088,088691,CMX,NYC,N20,7816,-1655,14519,-43,1102,20028,710,989,2236,2384,-639,-10025,1045,2431,20071,18926,GOLD,NATURAL RESOURCES,GOLD,PRECIOUS METALS,15.4,15.4,0.0,25.7,25.7,0.0,25.0,25.0,0.0,43.0,43.0,0.0,13.6,13.6,0.0,20.9,20.9,0.0,21.3,21.3,0.0,36.5,36.5,0.0,GOLD,(CONTRACTS OF 100 TROY OUNCES),FutOnly,190507088691F,102975,102975,0,93428,93428,0,46752,46752,0,GOLD - COMMODITY EXCHANGE INC.,49100,49100,0,28152,28152,0,450039,450039,0,82826,82826,0,16962,16962,0,26308,26308,0,22.9,22.9,0.0,20.8,20.8,0.0,10.4,10.4,0.0,10.9,10.9,0.0,6.3,6.3,0.0,18.4,18.4,0.0,3.8,3.8,0.0,5.8,5.8,0.0,4.3,4.3,0.0,14.9,14.9,0.0,21.6,21.6,0.0,32.4,32.4,0.0,5.7,5.7,0.0,89.1,89.1,0.0,93.7,93.7,0.0,100.0,100.0,100.0,19282,19282,0,67234,67234,0,2019-05-07T00:00:00.000,145649,145649,0,25554,25554,0,97242,97242,0,400939,400939,0,421887,421887,0,83,83,0,35,35,0,42,42,0,97,97,0,35,35,0,37,37,0,20,20,0,27,27,0,19,19,0,23,23,0,25,25,0,333,333,0,261,261,0,185,185,0,2019 Report Week 18
067,067651,NYME,NYC,N10,-24164,10706,11451,6843,4660,-11109,2655,-2448,10297,-8404,-24940,-5960,-17008,-3827,-17952,-15769,CRUDE OIL,NATURAL RESOURCES,CRUDE OIL,PETROLEUM AND PRODUCTS,21.9,21.9,0.0,22.0,22.0,0.0,34.4,34.4,0.0,34.0,34.0,0.0,12.2,12.2,0.0,15.3,15.3,0.0,18.7,18.7,0.0,23.2,23.2,0.0,WTI-PHYSICAL,"(CONTRACTS OF 1,000 BARRELS)",FutOnly,190507067651F,319320,319320,0,38192,38192,0,506719,506719,0,"CRUDE OIL, LIGHT SWEET - NEW YORK MERCANTILE EXCHANGE",97401,97401,0,70158,70158,0,2133539,2133539,0,297469,297469,0,84261,84261,0,219246,219246,0,15.0,15.0,0.0,1.8,1.8,0.0,23.8,23.8,0.0,4.6,4.6,0.0,3.3,3.3,0.0,13.9,13.9,0.0,3.9,3.9,0.0,10.3,10.3,0.0,19.9,19.9,0.0,21.4,21.4,0.0,7.1,7.1,0.0,30.0,30.0,0.0,5.5,5.5,0.0,95.4,95.4,0.0,96.7,96.7,0.0,100.0,100.0,100.0,425224,425224,0,456214,456214,0,2019-05-07T00:00:00.000,641056,641056,0,117693,117693,0,150467,150467,0,2036138,2036138,0,2063381,2063381,0,68,68,0,38,38,0,73,73,0,71,71,0,48,48,0,88,88,0,56,56,0,62,62,0,20,20,0,26,26,0,39,39,0,357,357,0,315,315,0,290,290,0,2019 Report Week 18
085,085692,CMX,NYC,N25,-3554,4996,4963,243,864,11712,3311,1249,-2302,11693,4166,-478,-60,-2164,11469,10848,COPPER,NATURAL RESOURCES,COPPER,BASE METALS,19.7,19.7,0.0,28.4,28.4,0.0,31.2,31.2,0.0,46.7,46.7,0.0,15.5,15.5,0.0,23.8,23.8,0.0,24.3,24.3,0.0,37.9,37.9,0.0,COPPER- #1,"(CONTRACTS OF 25,000 POUNDS)",FutOnly,190514085692F,47453,47453,0,83159,83159,0,29941,29941,0,COPPER-GRADE #1 - COMMODITY EXCHANGE INC.,17941,17941,0,14287,14287,0,256800,256800,0,25926,25926,0,9586,9586,0,13788,13788,0,18.5,18.5,0.0,32.4,32.4,0.0,11.7,11.7,0.0,7.0,7.0,0.0,5.6,5.6,0.0,10.1,10.1,0.0,3.7,3.7,0.0,5.4,5.4,0.0,29.4,29.4,0.0,37.2,37.2,0.0,15.3,15.3,0.0,1.3,1.3,0.0,2.7,2.7,0.0,93.0,93.0,0.0,94.4,94.4,0.0,100.0,100.0,100.0,75406,75406,0,95574,95574,0,2019-05-14T00:00:00.000,3456,3456,0,7009,7009,0,39336,39336,0,238859,238859,0,242513,242513,0,57,57,0,45,45,0,45,45,0,59,59,0,28,28,0,39,39,0,35,35,0,38,38,0,17,17,0,4,4,0,12,12,0,269,269,0,216,216,0,176,176,0,2019 Report Week 19
088,088691,CMX,NYC,N20,35492,-7507,10074,4331,12632,67956,5068,-1058,-4375,18353,35283,-4237,19657,3250,63625,55324,GOLD,NATURAL RESOURCES,GOLD,PRECIOUS METALS,20.6,20.6,0.0,24.9,24.9,0.0,29.4,29.4,0.0,41.9,41.9,0.0,14.6,14.6,0.0,20.6,20.6,0.0,21.7,21.7,0.0,35.5,35.5,0.0,GOLD,(CONTRACTS OF 100 TROY OUNCES),FutOnly,190514088691F,138467,138467,0,85921,85921,0,56826,56826,0,GOLD - COMMODITY EXCHANGE INC.,53431,53431,0,40784,40784,0,517995,517995,0,87894,87894,0,15904,15904,0,21933,21933,0,26.7,26.7,0.0,16.6,16.6,0.0,11.0,11.0,0.0,10.3,10.3,0.0,7.9,7.9,0.0,17.0,17.0,0.0,3.1,3.1,0.0,4.2,4.2,0.0,7.3,7.3,0.0,19.8,19.8,0.0,18.0,18.0,0.0,31.9,31.9,0.0,5.6,5.6,0.0,89.7,89.7,0.0,92.1,92.1,0.0,100.0,100.0,100.0,37635,37635,0,102517,102517,0,2019-05-14T00:00:00.000,165306,165306,0,28804,28804,0,93005,93005,0,464564,464564,0,477211,477211,0,90,90,0,30,30,0,36,36,0,95,95,0,35,35,0,41,41,0,19,19,0,26,26,0,19,19,0,22,22,0,22,22,0,334,334,0,267,267,0,175,175,0,2019 Report Week 19
067,067651,NYME,NYC,N10,-14613,1976,-7740,-6446,-274,20118,5803,-4258,1394,28557,29530,-3477,-17150,16640,26564,20392,CRUDE OIL,NATURAL RESOURCES,CRUDE OIL,PETROLEUM AND PRODUCTS,21.4,21.4,0.0,21.2,21.2,0.0,34.9,34.9,0.0,33.2,33.2,0.0,12.0,12.0,0.0,15.0,15.0,0.0,18.3,18.3,0.0,22.7,22.7,0.0,WTI-PHYSICAL,"(CONTRACTS OF 1,000 BARRELS)",FutOnly,190514067651F,304707,304707,0,40168,40168,0,498979,498979,0,"CRUDE OIL, LIGHT SWEET - NEW YORK MERCANTILE EXCHANGE",90955,90955,0,69884,69884,0,2153657,2153657,0,303272,303272,0,80003,80003,0,220640,220640,0,14.1,14.1,0.0,1.9,1.9,0.0,23.2,23.2,0.0,4.2,4.2,0.0,3.2,3.2,0.0,14.1,14.1,0.0,3.7,3.7,0.0,10.2,10.2,0.0,21.1,21.1,0.0,22.6,22.6,0.0,6.8,6.8,0.0,29.0,29.0,0.0,6.2,6.2,0.0,95.8,95.8,0.0,96.8,96.8,0.0,100.0,100.0,100.0,453781,453781,0,485744,485744,0,2019-05-14T00:00:00.000,623906,623906,0,134333,134333,0,146990,146990,0,2062702,2062702,0,2083773,2083773,0,63,63,0,37,37,0,77,77,0,67,67,0,50,50,0,91,91,0,62,62,0,65,65,0,20,20,0,27,27,0,42,42,0,355,355,0,322,322,0,298,298,0,2019 Report Week 19
088,088691,CMX,NYC,N20,-23481,13128,3431,224,-6262,-9352,748,-130,1343,4496,2346,4929,-22166,-1042,-9576,-3090,GOLD,NATURAL RESOURCES,GOLD,PRECIOUS METALS,21.3,21.3,0.0,23.1,23.1,0.0,30.9,30.9,0.0,39.5,39.5,0.0,15.1,15.1,0.0,17.9,17.9,0.0,22.5,22.5,0.0,31.9,31.9,0.0,GOLD,(CONTRACTS OF 100 TROY OUNCES),FutOnly,190521088691F,114986,114986,0,99049,99049,0,60257,60257,0,GOLD - COMMODITY EXCHANGE INC.,53655,53655,0,34522,34522,0,508643,508643,0,88642,88642,0,15774,15774,0,23276,23276,0,22.6,22.6,0.0,19.5,19.5,0.0,11.8,11.8,0.0,10.5,10.5,0.0,6.8,6.8,0.0,17.4,17.4,0.0,3.1,3.1,0.0,4.6,4.6,0.0,8.3,8.3,0.0,20.6,20.6,0.0,19.3,19.3,0.0,28.1,28.1,0.0,5.5,5.5,0.0,89.5,89.5,0.0,93.2,93.2,0.0,100.0,100.0,100.0,42131,42131,0,104863,104863,0,2019-05-21T00:00:00.000,143140,143140,0,27762,27762,0,97934,97934,0,454988,454988,0,474121,474121,0,82,82,0,46,46,0,38,38,0,95,95,0,35,35,0,45,45,0,18,18,0,25,25,0,22,22,0,18,18,0,25,25,0,338,338,0,261,261,0,193,193,0,2019 Report Week 20
067,067651,NYME,NYC,N10,-26868,-1063,14393,207,-2210,-68628,4868,-11527,-16676,-25859,-35767,-8168,-5253,-10525,-68835,-66418,CRUDE OIL,NATURAL RESOURCES,CRUDE OIL,PETROLEUM AND PRODUCTS,21.9,21.9,0.0,22.0,22.0,0.0,35.6,35.6,0.0,34.0,34.0,0.0,12.2,12.2,0.0,15.3,15.3,0.0,18.9,18.9,0.0,23.7,23.7,0.0,WTI-PHYSICAL,"(CONTRACTS OF 1,000 BARRELS)",FutOnly,190521067651F,277839,277839,0,39105,39105,0,513372,513372,0,"CRUDE OIL, LIGHT SWEET - NEW YORK MERCANTILE EXCHANGE",91162,91162,0,67674,67674,0,2085029,2085029,0,308140,308140,0,68476,68476,0,203964,203964,0,13.3,13.3,0.0,1.9,1.9,0.0,24.6,24.6,0.0,4.4,4.4,0.0,3.2,3.2,0.0,14.8,14.8,0.0,3.3,3.3,0.0,9.8,9.8,0.0,20.5,20.5,0.0,21.6,21.6,0.0,6.7,6.7,0.0,29.7,29.7,0.0,5.9,5.9,0.0,95.6,95.6,0.0,96.8,96.8,0.0,100.0,100.0,100.0,427922,427922,0,449977,449977,0,2019-05-21T00:00:00.000,618653,618653,0,123808,123808,0,138822,138822,0,1993867,1993867,0,2017355,2017355,0,58,58,0,44,44,0,75,75,0,64,64,0,46,46,0,83,83,0,58,58,0,67,67,0,21,21,0,27,27,0,37,37,0,349,349,0,306,306,0,292,292,0,2019 Report Week 20
085,085692,CMX,NYC,N25,-572,1067,7403,-1361,-28,4924,-317,397,1528,-2874,-4608,1151,-801,-34,6285,4952,COPPER,NATURAL RESOURCES,COPPER,BASE METALS,19.8,19.8,0.0,27.9,27.9,0.0,31.7,31.7,0.0,45.8,45.8,0.0,15.4,15.4,0.0,23.0,23.0,0.0,24.1,24.1,0.0,36.4,36.4,0.0,COPPER- #1,"(CONTRACTS OF 25,000 POUNDS)",FutOnly,190521085692F,46881,46881,0,84226,84226,0,37344,37344,0,COPPER-GRADE #1 - COMMODITY EXCHANGE INC.,16580,16580,0,14259,14259,0,261724,261724,0,25609,25609,0,9983,9983,0,15316,15316,0,17.9,17.9,0.0,32.2,32.2,0.0,14.3,14.3,0.0,6.3,6.3,0.0,5.4,5.4,0.0,9.8,9.8,0.0,3.8,3.8,0.0,5.9,5.9,0.0,27.7,27.7,0.0,34.8,34.8,0.0,15.5,15.5,0.0,1.0,1.0,0.0,2.7,2.7,0.0,93.7,93.7,0.0,94.6,94.6,0.0,100.0,100.0,100.0,72532,72532,0,90966,90966,0,2019-05-21T00:00:00.000,2655,2655,0,6975,6975,0,40487,40487,0,245144,245144,0,247465,247465,0,56,56,0,48,48,0,50,50,0,54,54,0,33,33,0,47,47,0,37,37,0,36,36,0,17,17,0,5,5,0,13,13,0,275,275,0,220,220,0,190,190,0,2019 Report Week 20
088,088691,CMX,NYC,N20,4328,-6009,-21493,3512,-621,-3517,-13493,-1039,166,5726,5790,3981,5933,13756,-7029,-2896,GOLD,NATURAL RESOURCES,GOLD,PRECIOUS METALS,20.5,20.5,0.0,26.4,26.4,0.0,30.0,30.0,0.0,43.9,43.9,0.0,15.9,15.9,0.0,18.6,18.6,0.0,23.4,23.4,0.0,34.4,34.4,0.0,GOLD,(CONTRACTS OF 100 TROY OUNCES),FutOnly,190528088691F,119314,119314,0,93040,93040,0,38764,38764,0,GOLD - COMMODITY EXCHANGE INC.,57167,57167,0,33901,33901,0,505126,505126,0,75149,75149,0,14735,14735,0,23442,23442,0,23.6,23.6,0.0,18.4,18.4,0.0,7.7,7.7,0.0,11.3,11.3,0.0,6.7,6.7,0.0,14.9,14.9,0.0,2.9,2.9,0.0,4.6,4.6,0.0,9.5,9.5,0.0,21.9,21.9,0.0,20.2,20.2,0.0,29.5,29.5,0.0,8.2,8.2,0.0,88.7,88.7,0.0,93.3,93.3,0.0,100.0,100.0,100.0,47857,47857,0,110653,110653,0,2019-05-28T00:00:00.000,149073,149073,0,41518,41518,0,101915,101915,0,447959,447959,0,471225,471225,0,88,88,0,40,40,0,44,44,0,90,90,0,34,34,0,43,43,0,18,18,0,23,23,0,23,23,0,17,17,0,24,24,0,330,330,0,270,270,0,179,179,0,2019 Report Week 21
085,085692,CMX,NYC,N25,129,3550,3510,-494,1084,10470,1165,-142,2479,2327,-1740,-401,-26,1755,10964,9386,COPPER,NATURAL RESOURCES,COPPER,BASE METALS,18.4,18.4,0.0,27.1,27.1,0.0,30.1,30.1,0.0,43.8,43.8,0.0,14.6,14.6,0.0,22.2,22.2,0.0,22.8,22.8,0.0,34.9,34.9,0.0,COPPER- #1,"(CONTRACTS OF 25,000 POUNDS)",FutOnly,190528085692F,47010,47010,0,87776,87776,0,40854,40854,0,COPPER-GRADE #1 - COMMODITY EXCHANGE INC.,16086,16086,0,15343,15343,0,272194,272194,0,26774,26774,0,9841,9841,0,17795,17795,0,17.3,17.3,0.0,32.2,32.2,0.0,15.0,15.0,0.0,5.9,5.9,0.0,5.6,5.6,0.0,9.8,9.8,0.0,3.6,3.6,0.0,6.5,6.5,0.0,27.5,27.5,0.0,32.8,32.8,0.0,14.7,14.7,0.0,1.0,1.0,0.0,3.2,3.2,0.0,94.1,94.1,0.0,94.4,94.4,0.0,100.0,100.0,100.0,74859,74859,0,89226,89226,0,2019-05-28T00:00:00.000,2629,2629,0,8730,8730,0,40086,40086,0,256108,256108,0,256851,256851,0,57,57,0,46,46,0,48,48,0,53,53,0,36,36,0,49,49,0,41,41,0,39,39,0,17,17,0,6,6,0,14,14,0,283,283,0,228,228,0,193,193,0,2019 Report Week 21
067,067651,NYME,NYC,N10,-20642,16785,18138,-11273,2076,17825,-904,1129,-3326,2152,-17734,-3389,-36312,37069,29098,15749,CRUDE OIL,NATURAL RESOURCES,CRUDE OIL,PETROLEUM AND PRODUCTS,23.5,23.5,0.0,23.1,23.1,0.0,37.0,37.0,0.0,34.6,34.6,0.0,12.3,12.3,0.0,14.6,14.6,0.0,19.1,19.1,0.0,22.1,22.1,0.0,WTI-PHYSICAL,"(CONTRACTS OF 1,000 BARRELS)",FutOnly,190528067651F,257197,257197,0,55890,55890,0,531510,531510,0,"CRUDE OIL, LIGHT SWEET - NEW YORK MERCANTILE EXCHANGE",79889,79889,0,69750,69750,0,2102854,2102854,0,307236,307236,0,69605,69605,0,200638,200638,0,12.2,12.2,0.0,2.7,2.7,0.0,25.3,25.3,0.0,3.8,3.8,0.0,3.3,3.3,0.0,14.6,14.6,0.0,3.3,3.3,0.0,9.5,9.5,0.0,20.5,20.5,0.0,20.6,20.6,0.0,6.4,6.4,0.0,27.7,27.7,0.0,7.7,7.7,0.0,96.2,96.2,0.0,96.7,96.7,0.0,100.0,100.0,100.0,430074,430074,0,432243,432243,0,2019-05-28T00:00:00.000,582341,582341,0,160877,160877,0,135433,135433,0,2022965,2022965,0,2033104,2033104,0,56,56,0,50,50,0,79,79,0,61,61,0,51,51,0,86,86,0,59,59,0,64,64,0,21,21,0,27,27,0,40,40,0,355,355,0,308,308,0,305,305,0,2019 Report Week 21
088,088691,CMX,NYC,N20,40349,-29559,741,-5564,1241,-23631,5665,6146,-6049,-28334,-4360,-9304,29344,-21135,-18067,-24872,GOLD,NATURAL RESOURCES,GOLD,PRECIOUS METALS,16.7,16.7,0.0,25.3,25.3,0.0,25.3,25.3,0.0,41.8,41.8,0.0,16.0,16.0,0.0,23.5,23.5,0.0,23.8,23.8,0.0,38.2,38.2,0.0,GOLD,(CONTRACTS OF 100 TROY OUNCES),FutOnly,190604088691F,159663,159663,0,63481,63481,0,39505,39505,0,GOLD - COMMODITY EXCHANGE INC.,51603,51603,0,35142,35142,0,481495,481495,0,80814,80814,0,20881,20881,0,17393,17393,0,33.2,33.2,0.0,13.2,13.2,0.0,8.2,8.2,0.0,10.7,10.7,0.0,7.3,7.3,0.0,16.8,16.8,0.0,4.3,4.3,0.0,3.6,3.6,0.0,4.1,4.1,0.0,22.1,22.1,0.0,19.2,19.2,0.0,37.1,37.1,0.0,4.2,4.2,0.0,89.3,89.3,0.0,92.7,92.7,0.0,100.0,100.0,100.0,19523,19523,0,106293,106293,0,2019-06-04T00:00:00.000,178417,178417,0,20383,20383,0,92611,92611,0,429892,429892,0,446353,446353,0,106,106,0,28,28,0,32,32,0,92,92,0,44,44,0,35,35,0,18,18,0,25,25,0,21,21,0,21,21,0,19,19,0,354,354,0,278,278,0,168,168,0,2019 Report Week 22
085,085692,CMX,NYC,N25,-1133,3870,3285,1026,-365,9619,3566,1476,4640,-2361,-3349,159,-375,437,8593,9984,COPPER,NATURAL RESOURCES,COPPER,BASE METALS,16.5,16.5,0.0,26.0,26.0,0.0,26.9,26.9,0.0,43.8,43.8,0.0,13.3,13.3,0.0,22.7,22.7,0.0,21.0,21.0,0.0,35.2,35.2,0.0,COPPER- #1,"(CONTRACTS OF 25,000 POUNDS)",FutOnly,190604085692F,45877,45877,0,91646,91646,0,44139,44139,0,COPPER-GRADE #1 - COMMODITY EXCHANGE INC.,17112,17112,0,14978,14978,0,281813,281813,0,30340,30340,0,11317,11317,0,22435,22435,0,16.3,16.3,0.0,32.5,32.5,0.0,15.7,15.7,0.0,6.1,6.1,0.0,5.3,5.3,0.0,10.8,10.8,0.0,4.0,4.0,0.0,8.0,8.0,0.0,25.7,25.7,0.0,30.5,30.5,0.0,14.3,14.3,0.0,0.8,0.8,0.0,3.3,3.3,0.0,93.9,93.9,0.0,94.7,94.7,0.0,100.0,100.0,100.0,72498,72498,0,85877,85877,0,2019-06-04T00:00:00.000,2254,2254,0,9167,9167,0,40245,40245,0,264701,264701,0,266835,266835,0,59,59,0,47,47,0,54,54,0,57,57,0,36,36,0,54,54,0,42,42,0,36,36,0,18,18,0,5,5,0,14,14,0,291,291,0,242,242,0,198,198,0,2019 Report Week 22
067,067651,NYME,NYC,N10,-18133,12798,-25942,2462,1221,-24447,-7353,486,13759,5471,-8119,-3189,-27128,8478,-26909,-25668,CRUDE OIL,NATURAL RESOURCES,CRUDE OIL,PETROLEUM AND PRODUCTS,22.5,22.5,0.0,22.3,22.3,0.0,36.1,36.1,0.0,34.1,34.1,0.0,12.2,12.2,0.0,14.1,14.1,0.0,19.0,19.0,0.0,21.3,21.3,0.0,WTI-PHYSICAL,"(CONTRACTS OF 1,000 BARRELS)",FutOnly,190604067651F,239064,239064,0,68688,68688,0,505568,505568,0,"CRUDE OIL, LIGHT SWEET - NEW YORK MERCANTILE EXCHANGE",82351,82351,0,70971,70971,0,2078407,2078407,0,299883,299883,0,70091,70091,0,214397,214397,0,11.5,11.5,0.0,3.3,3.3,0.0,24.3,24.3,0.0,4.0,4.0,0.0,3.4,3.4,0.0,14.4,14.4,0.0,3.4,3.4,0.0,10.3,10.3,0.0,21.0,21.0,0.0,20.4,20.4,0.0,6.4,6.4,0.0,26.7,26.7,0.0,8.1,8.1,0.0,96.0,96.0,0.0,96.6,96.6,0.0,100.0,100.0,100.0,435545,435545,0,424124,424124,0,2019-06-04T00:00:00.000,555213,555213,0,169355,169355,0,132244,132244,0,1996056,1996056,0,2007436,2007436,0,56,56,0,44,44,0,78,78,0,65,65,0,51,51,0,88,88,0,59,59,0,61,61,0,21,21,0,24,24,0,34,34,0,345,345,0,309,309,0,288,288,0,2019 Report Week 22
067,067651,NYME,NYC,N10,-24136,27839,-18540,-667,3749,-21361,646,-2816,9911,11263,4310,6453,-39523,-6291,-20694,-25110,CRUDE OIL,NATURAL RESOURCES,CRUDE OIL,PETROLEUM AND PRODUCTS,21.9,21.9,0.0,21.6,21.6,0.0,35.9,35.9,0.0,33.3,33.3,0.0,12.5,12.5,0.0,13.7,13.7,0.0,19.3,19.3,0.0,20.5,20.5,0.0,WTI-PHYSICAL,"(CONTRACTS OF 1,000 BARRELS)",FutOnly,190611067651F,214928,214928,0,96527,96527,0,487028,487028,0,"CRUDE OIL, LIGHT SWEET - NEW YORK MERCANTILE EXCHANGE",81684,81684,0,74720,74720,0,2057046,2057046,0,300529,300529,0,67275,67275,0,224308,224308,0,10.4,10.4,0.0,4.7,4.7,0.0,23.7,23.7,0.0,4.0,4.0,0.0,3.6,3.6,0.0,14.6,14.6,0.0,3.3,3.3,0.0,10.9,10.9,0.0,21.7,21.7,0.0,20.8,20.8,0.0,6.7,6.7,0.0,25.1,25.1,0.0,7.9,7.9,0.0,96.0,96.0,0.0,96.4,96.4,0.0,100.0,100.0,100.0,446808,446808,0,428434,428434,0,2019-06-11T00:00:00.000,515690,515690,0,163064,163064,0,138697,138697,0,1975362,1975362,0,1982326,1982326,0,47,47,0,56,56,0,72,72,0,68,68,0,54,54,0,93,93,0,58,58,0,65,65,0,23,23,0,20,20,0,34,34,0,351,351,0,305,305,0,299,299,0,2019 Report Week 23
088,088691,CMX,NYC,N20,9977,-23001,2986,-2608,-3936,15168,-340,4515,-49,2703,8549,2996,26601,-497,17776,19104,GOLD,NATURAL RESOURCES,GOLD,PRECIOUS METALS,16.6,16.6,0.0,29.0,29.0,0.0,25.8,25.8,0.0,43.2,43.2,0.0,15.6,15.6,0.0,28.1,28.1,0.0,23.4,23.4,0.0,41.7,41.7,0.0,GOLD,(CONTRACTS OF 100 TROY OUNCES),FutOnly,190611088691F,169640,169640,0,40480,40480,0,42491,42491,0,GOLD - COMMODITY EXCHANGE INC.,48995,48995,0,31206,31206,0,496663,496663,0,80474,80474,0,25396,25396,0,17344,17344,0,34.2,34.2,0.0,8.2,8.2,0.0,8.6,8.6,0.0,9.9,9.9,0.0,6.3,6.3,0.0,16.2,16.2,0.0,5.1,5.1,0.0,3.5,3.5,0.0,4.5,4.5,0.0,23.1,23.1,0.0,19.2,19.2,0.0,41.3,41.3,0.0,4.0,4.0,0.0,90.1,90.1,0.0,93.7,93.7,0.0,100.0,100.0,100.0,22226,22226,0,114842,114842,0,2019-06-11T00:00:00.000,205018,205018,0,19886,19886,0,95607,95607,0,447668,447668,0,465457,465457,0,101,101,0,25,25,0,30,30,0,91,91,0,47,47,0,36,36,0,23,23,0,27,27,0,20,20,0,22,22,0,21,21,0,350,350,0,280,280,0,167,167,0,2019 Report Week 23
085,085692,CMX,NYC,N25,3475,10011,-4251,2587,1306,3035,-293,-3054,-1452,1496,2383,3510,129,-2037,448,1729,COPPER,NATURAL RESOURCES,COPPER,BASE METALS,14.8,14.8,0.0,27.7,27.7,0.0,25.9,25.9,0.0,45.8,45.8,0.0,13.1,13.1,0.0,24.4,24.4,0.0,20.8,20.8,0.0,37.1,37.1,0.0,COPPER- #1,"(CONTRACTS OF 25,000 POUNDS)",FutOnly,190611085692F,49352,49352,0,101657,101657,0,39888,39888,0,COPPER-GRADE #1 - COMMODITY EXCHANGE INC.,19699,19699,0,16284,16284,0,284848,284848,0,30047,30047,0,8263,8263,0,20983,20983,0,17.3,17.3,0.0,35.7,35.7,0.0,14.0,14.0,0.0,6.9,6.9,0.0,5.7,5.7,0.0,10.5,10.5,0.0,2.9,2.9,0.0,7.4,7.4,0.0,26.0,26.0,0.0,31.0,31.0,0.0,15.4,15.4,0.0,0.8,0.8,0.0,2.5,2.5,0.0,93.1,93.1,0.0,94.3,94.3,0.0,100.0,100.0,100.0,73994,73994,0,88260,88260,0,2019-06-11T00:00:00.000,2383,2383,0,7130,7130,0,43755,43755,0,265149,265149,0,268564,268564,0,59,59,0,50,50,0,50,50,0,59,59,0,29,29,0,49,49,0,37,37,0,36,36,0,19,19,0,4,4,0,13,13,0,284,284,0,232,232,0,189,189,0,2019 Report Week 23
085,085692,CMX,NYC,N25,3496,-3833,4269,-704,400,-4205,-640,120,-4850,-5374,-453,-115,429,-287,-3501,-4605,COPPER,NATURAL RESOURCES,COPPER,BASE METALS,14.7,14.7,0.0,28.7,28.7,0.0,26.6,26.6,0.0,45.9,45.9,0.0,12.3,12.3,0.0,23.5,23.5,0.0,20.3,20.3,0.0,35.4,35.4,0.0,COPPER- #1,"(CONTRACTS OF 25,000 POUNDS)",FutOnly,190618085692F,52848,52848,0,97824,97824,0,44157,44157,0,COPPER-GRADE #1 - COMMODITY EXCHANGE INC.,18995,18995,0,16684,16684,0,280643,280643,0,29407,29407,0,8383,8383,0,16133,16133,0,18.8,18.8,0.0,34.9,34.9,0.0,15.7,15.7,0.0,6.8,6.8,0.0,5.9,5.9,0.0,10.5,10.5,0.0,3.0,3.0,0.0,5.7,5.7,0.0,24.5,24.5,0.0,31.3,31.3,0.0,15.6,15.6,0.0,1.0,1.0,0.0,2.4,2.4,0.0,93.2,93.2,0.0,94.1,94.1,0.0,100.0,100.0,100.0,68620,68620,0,87807,87807,0,2019-06-18T00:00:00.000,2812,2812,0,6843,6843,0,43640,43640,0,261648,261648,0,263959,263959,0,72,72,0,47,47,0,53,53,0,59,59,0,26,26,0,45,45,0,37,37,0,36,36,0,18,18,0,6,6,0,13,13,0,294,294,0,240,240,0,188,188,0,2019 Report Week 24
088,088691,CMX,NYC,N20,22126,770,-4969,3360,1617,28973,2393,3664,1789,294,9930,4138,16330,-158,25613,27356,GOLD,NATURAL RESOURCES,GOLD,PRECIOUS METALS,16.2,16.2,0.0,28.8,28.8,0.0,25.0,25.0,0.0,42.6,42.6,0.0,15.0,15.0,0.0,27.9,27.9,0.0,22.2,22.2,0.0,40.9,40.9,0.0,GOLD,(CONTRACTS OF 100 TROY OUNCES),FutOnly,190618088691F,191766,191766,0,41250,41250,0,37522,37522,0,GOLD - COMMODITY EXCHANGE INC.,52355,52355,0,32823,32823,0,525636,525636,0,82867,82867,0,29060,29060,0,19133,19133,0,36.5,36.5,0.0,7.8,7.8,0.0,7.1,7.1,0.0,10.0,10.0,0.0,6.2,6.2,0.0,15.8,15.8,0.0,5.5,5.5,0.0,3.6,3.6,0.0,4.3,4.3,0.0,23.7,23.7,0.0,19.0,19.0,0.0,42.1,42.1,0.0,3.8,3.8,0.0,90.0,90.0,0.0,93.8,93.8,0.0,100.0,100.0,100.0,22520,22520,0,124772,124772,0,2019-06-18T00:00:00.000,221348,221348,0,19728,19728,0,99745,99745,0,473281,473281,0,492813,492813,0,108,108,0,24,24,0,30,30,0,98,98,0,45,45,0,38,38,0,22,22,0,31,31,0,20,20,0,22,22,0,19,19,0,362,362,0,290,290,0,170,170,0,2019 Report Week 24
067,067651,NYME,NYC,N10,8823,-25455,-24981,-3016,4366,-53428,-21531,1315,4224,-11629,-5122,1894,-563,-7212,-50412,-57794,CRUDE OIL,NATURAL RESOURCES,CRUDE OIL,PETROLEUM AND PRODUCTS,21.8,21.8,0.0,21.4,21.4,0.0,36.1,36.1,0.0,33.5,33.5,0.0,12.9,12.9,0.0,14.1,14.1,0.0,20.0,20.0,0.0,21.0,21.0,0.0,WTI-PHYSICAL,"(CONTRACTS OF 1,000 BARRELS)",FutOnly,190618067651F,223751,223751,0,71072,71072,0,462047,462047,0,"CRUDE OIL, LIGHT SWEET - NEW YORK MERCANTILE EXCHANGE",78668,78668,0,79086,79086,0,2003618,2003618,0,278998,278998,0,68590,68590,0,228532,228532,0,11.2,11.2,0.0,3.5,3.5,0.0,23.1,23.1,0.0,3.9,3.9,0.0,3.9,3.9,0.0,13.9,13.9,0.0,3.4,3.4,0.0,11.4,11.4,0.0,21.7,21.7,0.0,21.1,21.1,0.0,7.0,7.0,0.0,25.7,25.7,0.0,7.8,7.8,0.0,96.1,96.1,0.0,96.1,96.1,0.0,100.0,100.0,100.0,435179,435179,0,423312,423312,0,2019-06-18T00:00:00.000,515127,515127,0,155852,155852,0,140591,140591,0,1924950,1924950,0,1924532,1924532,0,55,55,0,45,45,0,71,71,0,60,60,0,50,50,0,90,90,0,58,58,0,67,67,0,24,24,0,22,22,0,37,37,0,346,346,0,305,305,0,292,292,0,2019 Report Week 24
085,085692,CMX,NYC,N25,-4965,-13336,-3748,300,-1766,-36182,-3993,6965,4016,-28385,-28454,623,171,-30,-36482,-34416,COPPER,NATURAL RESOURCES,COPPER,BASE METALS,17.5,17.5,0.0,32.4,32.4,0.0,28.1,28.1,0.0,48.7,48.7,0.0,14.0,14.0,0.0,26.3,26.3,0.0,22.0,22.0,0.0,38.3,38.3,0.0,COPPER- #1,"(CONTRACTS OF 25,000 POUNDS)",FutOnly,190625085692F,47883,47883,0,84488,84488,0,40409,40409,0,COPPER-GRADE #1 - COMMODITY EXCHANGE INC.,19295,19295,0,14918,14918,0,244461,244461,0,25414,25414,0,15348,15348,0,20149,20149,0,19.6,19.6,0.0,34.6,34.6,0.0,16.5,16.5,0.0,7.9,7.9,0.0,6.1,6.1,0.0,10.4,10.4,0.0,6.3,6.3,0.0,8.2,8.2,0.0,16.5,16.5,0.0,24.3,24.3,0.0,18.1,18.1,0.0,1.2,1.2,0.0,2.8,2.8,0.0,92.1,92.1,0.0,93.9,93.9,0.0,100.0,100.0,100.0,40235,40235,0,59353,59353,0,2019-06-25T00:00:00.000,2983,2983,0,6813,6813,0,44263,44263,0,225166,225166,0,229543,229543,0,62,62,0,52,52,0,59,59,0,54,54,0,31,31,0,33,33,0,37,37,0,37,37,0,19,19,0,6,6,0,15,15,0,280,280,0,222,222,0,190,190,0,2019 Report Week 25
088,088691,CMX,NYC,N20,13152,-14073,2450,7073,3009,51969,10323,5317,736,4995,30231,10357,21416,2883,44896,48960,GOLD,NATURAL RESOURCES,GOLD,PRECIOUS METALS,14.8,14.8,0.0,30.4,30.4,0.0,23.6,23.6,0.0,44.6,44.6,0.0,13.3,13.3,0.0,28.7,28.7,0.0,21.2,21.2,0.0,42.9,42.9,0.0,GOLD,(CONTRACTS OF 100 TROY OUNCES),FutOnly,190625088691F,204918,204918,0,27177,27177,0,39972,39972,0,GOLD - COMMODITY EXCHANGE INC.,59428,59428,0,35832,35832,0,577605,577605,0,93190,93190,0,34377,34377,0,19869,19869,0,35.5,35.5,0.0,4.7,4.7,0.0,6.9,6.9,0.0,10.3,10.3,0.0,6.2,6.2,0.0,16.1,16.1,0.0,6.0,6.0,0.0,3.4,3.4,0.0,4.8,4.8,0.0,26.8,26.8,0.0,19.1,19.1,0.0,42.0,42.0,0.0,3.9,3.9,0.0,89.7,89.7,0.0,93.8,93.8,0.0,100.0,100.0,100.0,27515,27515,0,155003,155003,0,2019-06-25T00:00:00.000,242764,242764,0,22611,22611,0,110102,110102,0,518177,518177,0,541773,541773,0,106,106,0,24,24,0,37,37,0,101,101,0,51,51,0,37,37,0,22,22,0,31,31,0,18,18,0,23,23,0,22,22,0,370,370,0,287,287,0,189,189,0,2019 Report Week 25
067,067651,NYME,NYC,N10,-8618,-17150,3921,-2576,901,1343,2810,-4374,-3763,13861,3351,-1647,21102,-2645,3919,442,CRUDE OIL,NATURAL RESOURCES,CRUDE OIL,PETROLEUM AND PRODUCTS,22.4,22.4,0.0,21.9,21.9,0.0,36.4,36.4,0.0,34.3,34.3,0.0,12.8,12.8,0.0,14.3,14.3,0.0,19.5,19.5,0.0,21.4,21.4,0.0,WTI-PHYSICAL,"(CONTRACTS OF 1,000 BARRELS)",FutOnly,190625067651F,215133,215133,0,53922,53922,0,465968,465968,0,"CRUDE OIL, LIGHT SWEET - NEW YORK MERCANTILE EXCHANGE",76092,76092,0,79987,79987,0,2004961,2004961,0,281808,281808,0,64216,64216,0,224769,224769,0,10.7,10.7,0.0,2.7,2.7,0.0,23.2,23.2,0.0,3.8,3.8,0.0,4.0,4.0,0.0,14.1,14.1,0.0,3.2,3.2,0.0,11.2,11.2,0.0,22.4,22.4,0.0,21.3,21.3,0.0,6.9,6.9,0.0,26.7,26.7,0.0,7.6,7.6,0.0,96.2,96.2,0.0,96.0,96.0,0.0,100.0,100.0,100.0,449040,449040,0,426663,426663,0,2019-06-25T00:00:00.000,536229,536229,0,153207,153207,0,138944,138944,0,1928869,1928869,0,1924974,1924974,0,51,51,0,44,44,0,67,67,0,62,62,0,51,51,0,88,88,0,52,52,0,64,64,0,22,22,0,23,23,0,33,33,0,340,340,0,293,293,0,283,283,0,2019 Report Week 25
085,085692,CMX,NYC,N25,-3622,5751,-237,-849,-661,9881,6803,107,1785,5985,3396,-248,-524,264,10730,10542,COPPER,NATURAL RESOURCES,COPPER,BASE METALS,17.3,17.3,0.0,31.4,31.4,0.0,28.6,28.6,0.0,47.9,47.9,0.0,13.6,13.6,0.0,26.0,26.0,0.0,21.6,21.6,0.0,37.8,37.8,0.0,COPPER- #1,"(CONTRACTS OF 25,000 POUNDS)",FutOnly,190702085692F,44261,44261,0,90239,90239,0,40172,40172,0,COPPER-GRADE #1 - COMMODITY EXCHANGE INC.,18446,18446,0,14257,14257,0,254342,254342,0,32217,32217,0,15455,15455,0,21934,21934,0,17.4,17.4,0.0,35.5,35.5,0.0,15.8,15.8,0.0,7.3,7.3,0.0,5.6,5.6,0.0,12.7,12.7,0.0,6.1,6.1,0.0,8.6,8.6,0.0,18.2,18.2,0.0,24.7,24.7,0.0,17.3,17.3,0.0,1.0,1.0,0.0,2.8,2.8,0.0,92.7,92.7,0.0,94.4,94.4,0.0,100.0,100.0,100.0,46220,46220,0,62749,62749,0,2019-07-02T00:00:00.000,2459,2459,0,7077,7077,0,44015,44015,0,235896,235896,0,240085,240085,0,58,58,0,51,51,0,44,44,0,71,71,0,36,36,0,35,35,0,42,42,0,34,34,0,18,18,0,,,0,12,12,0,294,294,0,232,232,0,179,179,0,2019 Report Week 26
088,088691,CMX,NYC,N20,9268,-7078,3508,1904,-2376,28344,5326,-720,8284,-1076,14942,1199,11853,-69,26440,30720,GOLD,NATURAL RESOURCES,GOLD,PRECIOUS METALS,15.4,15.4,0.0,31.7,31.7,0.0,24.8,24.8,0.0,46.5,46.5,0.0,14.3,14.3,0.0,29.6,29.6,0.0,21.6,21.6,0.0,44.4,44.4,0.0,GOLD,(CONTRACTS OF 100 TROY OUNCES),FutOnly,190702088691F,214186,214186,0,20099,20099,0,43480,43480,0,GOLD - COMMODITY EXCHANGE INC.,61332,61332,0,33456,33456,0,605949,605949,0,98516,98516,0,33657,33657,0,28153,28153,0,35.3,35.3,0.0,3.3,3.3,0.0,7.2,7.2,0.0,10.1,10.1,0.0,5.5,5.5,0.0,16.3,16.3,0.0,5.6,5.6,0.0,4.6,4.6,0.0,4.4,4.4,0.0,28.0,28.0,0.0,18.4,18.4,0.0,42.0,42.0,0.0,3.7,3.7,0.0,89.9,89.9,0.0,94.5,94.5,0.0,100.0,100.0,100.0,26439,26439,0,169945,169945,0,2019-07-02T00:00:00.000,254617,254617,0,22542,22542,0,111301,111301,0,544617,544617,0,572493,572493,0,108,108,0,20,20,0,34,34,0,108,108,0,50,50,0,39,39,0,22,22,0,29,29,0,18,18,0,24,24,0,21,21,0,373,373,0,298,298,0,178,178,0,2019 Report Week 26
067,067651,NYME,NYC,N10,9870,-2528,28796,7457,-1859,26208,6369,4760,-17057,-10638,-12055,-3576,21164,4987,18751,28067,CRUDE OIL,NATURAL RESOURCES,CRUDE OIL,PETROLEUM AND PRODUCTS,22.8,22.8,0.0,22.7,22.7,0.0,36.1,36.1,0.0,35.1,35.1,0.0,12.8,12.8,0.0,14.5,14.5,0.0,19.2,19.2,0.0,21.6,21.6,0.0,WTI-PHYSICAL,"(CONTRACTS OF 1,000 BARRELS)",FutOnly,190702067651F,225003,225003,0,51394,51394,0,494764,494764,0,"CRUDE OIL, LIGHT SWEET - NEW YORK MERCANTILE EXCHANGE",83549,83549,0,78128,78128,0,2031169,2031169,0,288177,288177,0,68976,68976,0,207712,207712,0,11.1,11.1,0.0,2.5,2.5,0.0,24.4,24.4,0.0,4.1,4.1,0.0,3.8,3.8,0.0,14.2,14.2,0.0,3.4,3.4,0.0,10.2,10.2,0.0,21.6,21.6,0.0,20.4,20.4,0.0,6.7,6.7,0.0,27.4,27.4,0.0,7.8,7.8,0.0,95.9,95.9,0.0,96.2,96.2,0.0,100.0,100.0,100.0,438402,438402,0,414608,414608,0,2019-07-02T00:00:00.000,557393,557393,0,158194,158194,0,135368,135368,0,1947620,1947620,0,1953041,1953041,0,53,53,0,42,42,0,70,70,0,66,66,0,45,45,0,90,90,0,54,54,0,62,62,0,22,22,0,22,22,0,35,35,0,336,336,0,300,300,0,280,280,0,2019 Report Week 26
085,085692,CMX,NYC,N25,-1164,9839,1405,362,-421,11077,1282,1050,1973,7908,-2365,-415,-130,-274,10715,11498,COPPER,NATURAL RESOURCES,COPPER,BASE METALS,17.2,17.2,0.0,29.7,29.7,0.0,28.6,28.6,0.0,46.9,46.9,0.0,12.9,12.9,0.0,26.1,26.1,0.0,20.6,20.6,0.0,37.1,37.1,0.0,COPPER- #1,"(CONTRACTS OF 25,000 POUNDS)",FutOnly,190709085692F,43097,43097,0,100078,100078,0,41577,41577,0,COPPER-GRADE #1 - COMMODITY EXCHANGE INC.,18808,18808,0,13836,13836,0,265419,265419,0,33499,33499,0,16505,16505,0,23907,23907,0,16.2,16.2,0.0,37.7,37.7,0.0,15.7,15.7,0.0,7.1,7.1,0.0,5.2,5.2,0.0,12.6,12.6,0.0,6.2,6.2,0.0,9.0,9.0,0.0,20.4,20.4,0.0,22.8,22.8,0.0,16.4,16.4,0.0,0.9,0.9,0.0,2.6,2.6,0.0,92.9,92.9,0.0,94.8,94.8,0.0,100.0,100.0,100.0,54128,54128,0,60384,60384,0,2019-07-09T00:00:00.000,2329,2329,0,6803,6803,0,43600,43600,0,246611,246611,0,251583,251583,0,54,54,0,61,61,0,51,51,0,68,68,0,37,37,0,38,38,0,43,43,0,36,36,0,20,20,0,5,5,0,11,11,0,310,310,0,241,241,0,195,195,0,2019 Report Week 27
088,088691,CMX,NYC,N20,-5885,5591,-6219,5056,-721,-6972,-712,1995,-2885,-3340,2768,2564,-11950,4449,-12028,-6251,GOLD,NATURAL RESOURCES,GOLD,PRECIOUS METALS,15.9,15.9,0.0,31.3,31.3,0.0,24.5,24.5,0.0,46.5,46.5,0.0,15.0,15.0,0.0,29.0,29.0,0.0,22.5,22.5,0.0,44.1,44.1,0.0,GOLD,(CONTRACTS OF 100 TROY OUNCES),FutOnly,190709088691F,208301,208301,0,25690,25690,0,37261,37261,0,GOLD - COMMODITY EXCHANGE INC.,66388,66388,0,32735,32735,0,598977,598977,0,97804,97804,0,35652,35652,0,25268,25268,0,34.8,34.8,0.0,4.3,4.3,0.0,6.2,6.2,0.0,11.1,11.1,0.0,5.5,5.5,0.0,16.3,16.3,0.0,6.0,6.0,0.0,4.2,4.2,0.0,3.9,3.9,0.0,28.8,28.8,0.0,19.0,19.0,0.0,40.5,40.5,0.0,4.5,4.5,0.0,88.9,88.9,0.0,94.5,94.5,0.0,100.0,100.0,100.0,23099,23099,0,172713,172713,0,2019-07-09T00:00:00.000,242667,242667,0,26991,26991,0,113865,113865,0,532589,532589,0,566242,566242,0,102,102,0,25,25,0,33,33,0,111,111,0,50,50,0,44,44,0,22,22,0,30,30,0,20,20,0,25,25,0,26,26,0,382,382,0,308,308,0,187,187,0,2019 Report Week 27
067,067651,NYME,NYC,N10,-987,-4415,-8073,-3745,-1142,-31403,-6497,-408,9902,-15946,-14824,1936,-4450,-7993,-27658,-30261,CRUDE OIL,NATURAL RESOURCES,CRUDE OIL,PETROLEUM AND PRODUCTS,22.6,22.6,0.0,23.1,23.1,0.0,35.8,35.8,0.0,35.4,35.4,0.0,13.0,13.0,0.0,14.7,14.7,0.0,19.8,19.8,0.0,22.0,22.0,0.0,WTI-PHYSICAL,"(CONTRACTS OF 1,000 BARRELS)",FutOnly,190709067651F,224016,224016,0,46979,46979,0,486691,486691,0,"CRUDE OIL, LIGHT SWEET - NEW YORK MERCANTILE EXCHANGE",79804,79804,0,76986,76986,0,1999766,1999766,0,281680,281680,0,68568,68568,0,217614,217614,0,11.2,11.2,0.0,2.3,2.3,0.0,24.3,24.3,0.0,4.0,4.0,0.0,3.8,3.8,0.0,14.1,14.1,0.0,3.4,3.4,0.0,10.9,10.9,0.0,21.1,21.1,0.0,20.0,20.0,0.0,6.9,6.9,0.0,27.7,27.7,0.0,7.5,7.5,0.0,96.0,96.0,0.0,96.2,96.2,0.0,100.0,100.0,100.0,422456,422456,0,399784,399784,0,2019-07-09T00:00:00.000,552943,552943,0,150201,150201,0,137304,137304,0,1919962,1919962,0,1922780,1922780,0,50,50,0,43,43,0,66,66,0,60,60,0,51,51,0,87,87,0,57,57,0,66,66,0,23,23,0,20,20,0,35,35,0,333,333,0,299,299,0,276,276,0,2019 Report Week 27
085,085692,CMX,NYC,N25,3351,-14492,1737,-1402,204,1463,-6225,3574,1365,3126,9167,-31,366,-458,2865,1259,COPPER,NATURAL RESOURCES,COPPER,BASE METALS,18.1,18.1,0.0,29.7,29.7,0.0,29.2,29.2,0.0,47.6,47.6,0.0,12.9,12.9,0.0,24.8,24.8,0.0,20.6,20.6,0.0,37.0,37.0,0.0,COPPER- #1,"(CONTRACTS OF 25,000 POUNDS)",FutOnly,190716085692F,46448,46448,0,85586,85586,0,43314,43314,0,COPPER-GRADE #1 - COMMODITY EXCHANGE INC.,17406,17406,0,14040,14040,0,266882,266882,0,27274,27274,0,20079,20079,0,25272,25272,0,17.4,17.4,0.0,32.1,32.1,0.0,16.2,16.2,0.0,6.5,6.5,0.0,5.3,5.3,0.0,10.2,10.2,0.0,7.5,7.5,0.0,9.5,9.5,0.0,21.5,21.5,0.0,26.1,26.1,0.0,16.3,16.3,0.0,1.0,1.0,0.0,2.4,2.4,0.0,93.5,93.5,0.0,94.7,94.7,0.0,100.0,100.0,100.0,57254,57254,0,69551,69551,0,2019-07-16T00:00:00.000,2695,2695,0,6345,6345,0,43569,43569,0,249476,249476,0,252842,252842,0,63,63,0,47,47,0,50,50,0,57,57,0,43,43,0,46,46,0,39,39,0,38,38,0,20,20,0,5,5,0,13,13,0,300,300,0,238,238,0,197,197,0,2019 Report Week 28
088,088691,CMX,NYC,N20,3021,5573,-14225,1758,3504,2923,409,-2881,130,13010,396,-7313,4293,6133,1165,-581,GOLD,NATURAL RESOURCES,GOLD,PRECIOUS METALS,16.0,16.0,0.0,27.9,27.9,0.0,25.8,25.8,0.0,44.1,44.1,0.0,14.0,14.0,0.0,25.3,25.3,0.0,22.2,22.2,0.0,41.3,41.3,0.0,GOLD,(CONTRACTS OF 100 TROY OUNCES),FutOnly,190716088691F,211322,211322,0,31263,31263,0,23036,23036,0,GOLD - COMMODITY EXCHANGE INC.,68146,68146,0,36239,36239,0,601900,601900,0,98213,98213,0,32771,32771,0,25398,25398,0,35.1,35.1,0.0,5.2,5.2,0.0,3.8,3.8,0.0,11.3,11.3,0.0,6.0,6.0,0.0,16.3,16.3,0.0,5.4,5.4,0.0,4.2,4.2,0.0,6.0,6.0,0.0,28.8,28.8,0.0,17.7,17.7,0.0,41.0,41.0,0.0,5.5,5.5,0.0,88.7,88.7,0.0,94.0,94.0,0.0,100.0,100.0,100.0,36109,36109,0,173109,173109,0,2019-07-16T00:00:00.000,246960,246960,0,33124,33124,0,106552,106552,0,533754,533754,0,565661,565661,0,103,103,0,27,27,0,36,36,0,117,117,0,40,40,0,44,44,0,21,21,0,30,30,0,20,20,0,25,25,0,26,26,0,378,378,0,312,312,0,183,183,0,2019 Report Week 28
067,067651,NYME,NYC,N10,44591,1985,35396,4580,-386,89863,-4803,4190,1355,874,8504,870,31819,7000,85283,90249,CRUDE OIL,NATURAL RESOURCES,CRUDE OIL,PETROLEUM AND PRODUCTS,22.2,22.2,0.0,22.9,22.9,0.0,34.9,34.9,0.0,35.6,35.6,0.0,12.4,12.4,0.0,14.6,14.6,0.0,19.8,19.8,0.0,21.9,21.9,0.0,WTI-PHYSICAL,"(CONTRACTS OF 1,000 BARRELS)",FutOnly,190716067651F,268607,268607,0,48964,48964,0,522087,522087,0,"CRUDE OIL, LIGHT SWEET - NEW YORK MERCANTILE EXCHANGE",84384,84384,0,76600,76600,0,2089629,2089629,0,276877,276877,0,72758,72758,0,218969,218969,0,12.9,12.9,0.0,2.3,2.3,0.0,25.0,25.0,0.0,4.0,4.0,0.0,3.7,3.7,0.0,13.3,13.3,0.0,3.5,3.5,0.0,10.5,10.5,0.0,20.3,20.3,0.0,19.5,19.5,0.0,6.6,6.6,0.0,28.0,28.0,0.0,7.5,7.5,0.0,96.0,96.0,0.0,96.3,96.3,0.0,100.0,100.0,100.0,423330,423330,0,408288,408288,0,2019-07-16T00:00:00.000,584762,584762,0,157201,157201,0,138174,138174,0,2005245,2005245,0,2013029,2013029,0,53,53,0,48,48,0,68,68,0,66,66,0,49,49,0,92,92,0,57,57,0,65,65,0,21,21,0,20,20,0,34,34,0,347,347,0,305,305,0,289,289,0,2019 Report Week 28
085,085692,CMX,NYC,N25,442,-6267,-3001,375,-106,-2653,2300,1115,4971,-9360,548,1490,-43,130,-3028,-2547,COPPER,NATURAL RESOURCES,COPPER,BASE METALS,17.8,17.8,0.0,29.5,29.5,0.0,28.6,28.6,0.0,46.8,46.8,0.0,13.0,13.0,0.0,23.7,23.7,0.0,20.4,20.4,0.0,36.6,36.6,0.0,COPPER- #1,"(CONTRACTS OF 25,000 POUNDS)",FutOnly,190723085692F,46890,46890,0,79319,79319,0,40313,40313,0,COPPER-GRADE #1 - COMMODITY EXCHANGE INC.,17781,17781,0,13934,13934,0,264229,264229,0,29574,29574,0,21194,21194,0,30243,30243,0,17.7,17.7,0.0,30.0,30.0,0.0,15.3,15.3,0.0,6.7,6.7,0.0,5.3,5.3,0.0,11.2,11.2,0.0,8.0,8.0,0.0,11.4,11.4,0.0,18.1,18.1,0.0,26.5,26.5,0.0,17.1,17.1,0.0,1.0,1.0,0.0,2.5,2.5,0.0,93.3,93.3,0.0,94.7,94.7,0.0,100.0,100.0,100.0,47894,47894,0,70099,70099,0,2019-07-23T00:00:00.000,2652,2652,0,6475,6475,0,45059,45059,0,246448,246448,0,250295,250295,0,64,64,0,45,45,0,49,49,0,66,66,0,36,36,0,53,53,0,38,38,0,37,37,0,20,20,0,,,0,13,13,0,304,304,0,249,249,0,196,196,0,2019 Report Week 29
088,088691,CMX,NYC,N20,-3169,-1283,5148,4849,167,14959,5515,-2120,2616,-1037,2161,-983,6250,2020,10110,14792,GOLD,NATURAL RESOURCES,GOLD,PRECIOUS METALS,16.1,16.1,0.0,26.0,26.0,0.0,25.6,25.6,0.0,42.8,42.8,0.0,13.6,13.6,0.0,24.3,24.3,0.0,21.9,21.9,0.0,40.4,40.4,0.0,GOLD,(CONTRACTS OF 100 TROY OUNCES),FutOnly,190723088691F,208153,208153,0,29980,29980,0,28184,28184,0,GOLD - COMMODITY EXCHANGE INC.,72995,72995,0,36406,36406,0,616859,616859,0,103728,103728,0,30651,30651,0,28014,28014,0,33.7,33.7,0.0,4.9,4.9,0.0,4.6,4.6,0.0,11.8,11.8,0.0,5.9,5.9,0.0,16.8,16.8,0.0,5.0,5.0,0.0,4.5,4.5,0.0,5.7,5.7,0.0,28.4,28.4,0.0,17.1,17.1,0.0,41.0,41.0,0.0,5.7,5.7,0.0,88.2,88.2,0.0,94.1,94.1,0.0,100.0,100.0,100.0,35072,35072,0,175270,175270,0,2019-07-23T00:00:00.000,253210,253210,0,35144,35144,0,105569,105569,0,543864,543864,0,580453,580453,0,102,102,0,28,28,0,42,42,0,118,118,0,36,36,0,49,49,0,19,19,0,29,29,0,21,21,0,24,24,0,29,29,0,376,376,0,316,316,0,189,189,0,2019 Report Week 29
067,067651,NYME,NYC,N10,-12926,27993,2463,-7145,1002,-33137,5382,-9626,-12932,-6597,-18223,972,-21460,-2354,-25992,-34139,CRUDE OIL,NATURAL RESOURCES,CRUDE OIL,PETROLEUM AND PRODUCTS,23.0,23.0,0.0,23.3,23.3,0.0,35.6,35.6,0.0,35.8,35.8,0.0,12.6,12.6,0.0,14.7,14.7,0.0,19.4,19.4,0.0,21.9,21.9,0.0,WTI-PHYSICAL,"(CONTRACTS OF 1,000 BARRELS)",FutOnly,190723067651F,255681,255681,0,76957,76957,0,524550,524550,0,"CRUDE OIL, LIGHT SWEET - NEW YORK MERCANTILE EXCHANGE",77239,77239,0,77602,77602,0,2056492,2056492,0,282259,282259,0,63132,63132,0,206037,206037,0,12.4,12.4,0.0,3.7,3.7,0.0,25.5,25.5,0.0,3.8,3.8,0.0,3.8,3.8,0.0,13.7,13.7,0.0,3.1,3.1,0.0,10.0,10.0,0.0,20.3,20.3,0.0,19.0,19.0,0.0,6.8,6.8,0.0,27.4,27.4,0.0,7.5,7.5,0.0,96.2,96.2,0.0,96.2,96.2,0.0,100.0,100.0,100.0,416733,416733,0,390065,390065,0,2019-07-23T00:00:00.000,563302,563302,0,154847,154847,0,139146,139146,0,1979253,1979253,0,1978890,1978890,0,54,54,0,55,55,0,71,71,0,72,72,0,44,44,0,90,90,0,51,51,0,61,61,0,23,23,0,21,21,0,35,35,0,349,349,0,295,295,0,298,298,0,2019 Report Week 29
085,085692,CMX,NYC,N25,-1792,7574,1620,1183,1012,4575,2662,-1998,813,-921,-5443,-85,-98,1095,3392,3563,COPPER,NATURAL RESOURCES,COPPER,BASE METALS,15.0,15.0,0.0,27.0,27.0,0.0,26.0,26.0,0.0,43.9,43.9,0.0,12.9,12.9,0.0,23.3,23.3,0.0,20.2,20.2,0.0,35.4,35.4,0.0,COPPER- #1,"(CONTRACTS OF 25,000 POUNDS)",FutOnly,190730085692F,45098,45098,0,86893,86893,0,41933,41933,0,COPPER-GRADE #1 - COMMODITY EXCHANGE INC.,18964,18964,0,14946,14946,0,268804,268804,0,32236,32236,0,19196,19196,0,31056,31056,0,16.8,16.8,0.0,32.3,32.3,0.0,15.6,15.6,0.0,7.1,7.1,0.0,5.6,5.6,0.0,12.0,12.0,0.0,7.1,7.1,0.0,11.6,11.6,0.0,17.5,17.5,0.0,24.1,24.1,0.0,16.7,16.7,0.0,1.0,1.0,0.0,2.8,2.8,0.0,92.9,92.9,0.0,94.4,94.4,0.0,100.0,100.0,100.0,46973,46973,0,64656,64656,0,2019-07-30T00:00:00.000,2554,2554,0,7570,7570,0,44974,44974,0,249840,249840,0,253858,253858,0,60,60,0,51,51,0,48,48,0,74,74,0,26,26,0,55,55,0,39,39,0,37,37,0,19,19,0,4,4,0,13,13,0,307,307,0,254,254,0,193,193,0,2019 Report Week 30
088,088691,CMX,NYC,N20,7428,-112,-9546,-8774,-5764,-53561,-7095,-2693,-953,-18588,-24195,-1968,3767,-14065,-44787,-47797,GOLD,NATURAL RESOURCES,GOLD,PRECIOUS METALS,16.8,16.8,0.0,29.8,29.8,0.0,25.6,25.6,0.0,46.2,46.2,0.0,15.8,15.8,0.0,27.9,27.9,0.0,24.6,24.6,0.0,43.5,43.5,0.0,GOLD,(CONTRACTS OF 100 TROY OUNCES),FutOnly,190730088691F,215581,215581,0,29868,29868,0,18638,18638,0,GOLD - COMMODITY EXCHANGE INC.,64221,64221,0,30642,30642,0,563298,563298,0,96633,96633,0,27958,27958,0,27061,27061,0,38.3,38.3,0.0,5.3,5.3,0.0,3.3,3.3,0.0,11.4,11.4,0.0,5.4,5.4,0.0,17.2,17.2,0.0,5.0,5.0,0.0,4.8,4.8,0.0,2.9,2.9,0.0,26.8,26.8,0.0,18.4,18.4,0.0,45.6,45.6,0.0,3.7,3.7,0.0,88.6,88.6,0.0,94.6,94.6,0.0,100.0,100.0,100.0,16484,16484,0,151075,151075,0,2019-07-30T00:00:00.000,256977,256977,0,21079,21079,0,103601,103601,0,499077,499077,0,532656,532656,0,104,104,0,28,28,0,34,34,0,106,106,0,33,33,0,33,33,0,19,19,0,27,27,0,21,21,0,23,23,0,23,23,0,358,358,0,287,287,0,168,168,0,2019 Report Week 30
067,067651,NYME,NYC,N10,4131,2235,-23937,1162,1023,12580,-1833,10623,10962,18878,23124,1057,-13610,2160,11418,11557,CRUDE OIL,NATURAL RESOURCES,CRUDE OIL,PETROLEUM AND PRODUCTS,21.6,21.6,0.0,21.7,21.7,0.0,34.0,34.0,0.0,33.6,33.6,0.0,12.6,12.6,0.0,14.4,14.4,0.0,19.3,19.3,0.0,21.5,21.5,0.0,WTI-PHYSICAL,"(CONTRACTS OF 1,000 BARRELS)",FutOnly,190730067651F,259812,259812,0,79192,79192,0,500613,500613,0,"CRUDE OIL, LIGHT SWEET - NEW YORK MERCANTILE EXCHANGE",78401,78401,0,78625,78625,0,2069072,2069072,0,280426,280426,0,73755,73755,0,216999,216999,0,12.6,12.6,0.0,3.8,3.8,0.0,24.2,24.2,0.0,3.8,3.8,0.0,3.8,3.8,0.0,13.6,13.6,0.0,3.6,3.6,0.0,10.5,10.5,0.0,21.1,21.1,0.0,20.0,20.0,0.0,6.8,6.8,0.0,26.6,26.6,0.0,7.6,7.6,0.0,96.2,96.2,0.0,96.2,96.2,0.0,100.0,100.0,100.0,435611,435611,0,413189,413189,0,2019-07-30T00:00:00.000,549692,549692,0,157007,157007,0,140203,140203,0,1990671,1990671,0,1990447,1990447,0,57,57,0,52,52,0,71,71,0,65,65,0,51,51,0,91,91,0,52,52,0,64,64,0,21,21,0,20,20,0,32,32,0,352,352,0,298,298,0,298,298,0,2019 Report Week 30
088,088691,CMX,NYC,N20,33106,-8014,1496,-1377,422,37019,5238,8201,2710,5093,9832,-5967,25652,-3280,38396,36597,GOLD,NATURAL RESOURCES,GOLD,PRECIOUS METALS,16.2,16.2,0.0,31.0,31.0,0.0,24.8,24.8,0.0,46.8,46.8,0.0,15.3,15.3,0.0,29.6,29.6,0.0,23.8,23.8,0.0,44.7,44.7,0.0,GOLD,(CONTRACTS OF 100 TROY OUNCES),FutOnly,190806088691F,248687,248687,0,21854,21854,0,20134,20134,0,GOLD - COMMODITY EXCHANGE INC.,62844,62844,0,31064,31064,0,600317,600317,0,101871,101871,0,36159,36159,0,29771,29771,0,41.4,41.4,0.0,3.6,3.6,0.0,3.4,3.4,0.0,10.5,10.5,0.0,5.2,5.2,0.0,17.0,17.0,0.0,6.0,6.0,0.0,5.0,5.0,0.0,3.6,3.6,0.0,26.8,26.8,0.0,16.3,16.3,0.0,47.1,47.1,0.0,3.0,3.0,0.0,89.5,89.5,0.0,94.8,94.8,0.0,100.0,100.0,100.0,21577,21577,0,160907,160907,0,2019-08-06T00:00:00.000,282629,282629,0,17799,17799,0,97634,97634,0,537473,537473,0,569253,569253,0,121,121,0,23,23,0,40,40,0,114,114,0,43,43,0,36,36,0,21,21,0,29,29,0,21,21,0,22,22,0,24,24,0,388,388,0,312,312,0,185,185,0,2019 Report Week 31
085,085692,CMX,NYC,N25,-1693,31626,3931,2148,4684,34960,3492,-133,8593,16750,-13258,2426,204,-687,32812,30276,COPPER,NATURAL RESOURCES,COPPER,BASE METALS,14.0,14.0,0.0,23.9,23.9,0.0,23.2,23.2,0.0,38.5,38.5,0.0,11.3,11.3,0.0,20.7,20.7,0.0,18.4,18.4,0.0,30.5,30.5,0.0,COPPER- #1,"(CONTRACTS OF 25,000 POUNDS)",FutOnly,190806085692F,43405,43405,0,118519,118519,0,45864,45864,0,COPPER-GRADE #1 - COMMODITY EXCHANGE INC.,21112,21112,0,19630,19630,0,303764,303764,0,35728,35728,0,19063,19063,0,39649,39649,0,14.3,14.3,0.0,39.0,39.0,0.0,15.1,15.1,0.0,7.0,7.0,0.0,6.5,6.5,0.0,11.8,11.8,0.0,6.3,6.3,0.0,13.1,13.1,0.0,21.0,21.0,0.0,16.9,16.9,0.0,15.6,15.6,0.0,0.9,0.9,0.0,2.3,2.3,0.0,93.0,93.0,0.0,93.5,93.5,0.0,100.0,100.0,100.0,63723,63723,0,51398,51398,0,2019-08-06T00:00:00.000,2758,2758,0,6883,6883,0,47400,47400,0,282652,282652,0,284134,284134,0,53,53,0,71,71,0,52,52,0,72,72,0,37,37,0,61,61,0,44,44,0,33,33,0,20,20,0,6,6,0,15,15,0,325,325,0,258,258,0,222,222,0,2019 Report Week 31
067,067651,NYME,NYC,N10,5124,7095,-38251,-2242,-914,1138,-4438,5241,12972,8062,-2968,-6665,-8613,26576,3380,2052,CRUDE OIL,NATURAL RESOURCES,CRUDE OIL,PETROLEUM AND PRODUCTS,20.1,20.1,0.0,20.3,20.3,0.0,32.3,32.3,0.0,32.3,32.3,0.0,12.4,12.4,0.0,14.4,14.4,0.0,19.5,19.5,0.0,21.3,21.3,0.0,WTI-PHYSICAL,"(CONTRACTS OF 1,000 BARRELS)",FutOnly,190806067651F,264936,264936,0,86287,86287,0,462362,462362,0,"CRUDE OIL, LIGHT SWEET - NEW YORK MERCANTILE EXCHANGE",76159,76159,0,77711,77711,0,2070210,2070210,0,275988,275988,0,78996,78996,0,229971,229971,0,12.8,12.8,0.0,4.2,4.2,0.0,22.3,22.3,0.0,3.7,3.7,0.0,3.8,3.8,0.0,13.3,13.3,0.0,3.8,3.8,0.0,11.1,11.1,0.0,21.4,21.4,0.0,19.8,19.8,0.0,6.5,6.5,0.0,26.1,26.1,0.0,8.9,8.9,0.0,96.3,96.3,0.0,96.2,96.2,0.0,100.0,100.0,100.0,443673,443673,0,410221,410221,0,2019-08-06T00:00:00.000,541079,541079,0,183583,183583,0,133538,133538,0,1994051,1994051,0,1992499,1992499,0,53,53,0,56,56,0,76,76,0,63,63,0,48,48,0,92,92,0,53,53,0,63,63,0,24,24,0,20,20,0,34,34,0,353,353,0,301,301,0,304,304,0,2019 Report Week 31
088,088691,CMX,NYC,N20,-3056,166,2035,614,-1243,-6355,-1279,-2046,-4482,-635,-1109,-1371,-1495,1819,-6969,-5112,GOLD,NATURAL RESOURCES,GOLD,PRECIOUS METALS,17.2,17.2,0.0,30.7,30.7,0.0,25.5,25.5,0.0,47.6,47.6,0.0,16.2,16.2,0.0,29.4,29.4,0.0,24.1,24.1,0.0,45.5,45.5,0.0,GOLD,(CONTRACTS OF 100 TROY OUNCES),FutOnly,190813088691F,245631,245631,0,22020,22020,0,22169,22169,0,GOLD - COMMODITY EXCHANGE INC.,63458,63458,0,29821,29821,0,593962,593962,0,100592,100592,0,34113,34113,0,25289,25289,0,41.4,41.4,0.0,3.7,3.7,0.0,3.7,3.7,0.0,10.7,10.7,0.0,5.0,5.0,0.0,16.9,16.9,0.0,5.7,5.7,0.0,4.3,4.3,0.0,3.5,3.5,0.0,26.9,26.9,0.0,16.2,16.2,0.0,47.3,47.3,0.0,3.3,3.3,0.0,89.3,89.3,0.0,95.0,95.0,0.0,100.0,100.0,100.0,20942,20942,0,159798,159798,0,2019-08-13T00:00:00.000,281134,281134,0,19618,19618,0,96263,96263,0,530504,530504,0,564141,564141,0,116,116,0,24,24,0,41,41,0,116,116,0,38,38,0,37,37,0,21,21,0,24,24,0,18,18,0,26,26,0,26,26,0,381,381,0,315,315,0,175,175,0,2019 Report Week 32
085,085692,CMX,NYC,N25,-992,-6094,-3643,-2870,-1664,-8156,-1934,-1681,585,629,3688,-1048,-464,1117,-5286,-6492,COPPER,NATURAL RESOURCES,COPPER,BASE METALS,12.9,12.9,0.0,24.5,24.5,0.0,22.1,22.1,0.0,38.7,38.7,0.0,11.7,11.7,0.0,20.5,20.5,0.0,19.1,19.1,0.0,30.6,30.6,0.0,COPPER- #1,"(CONTRACTS OF 25,000 POUNDS)",FutOnly,190813085692F,42413,42413,0,112425,112425,0,42221,42221,0,COPPER-GRADE #1 - COMMODITY EXCHANGE INC.,18242,18242,0,17966,17966,0,295608,295608,0,33794,33794,0,17382,17382,0,40234,40234,0,14.3,14.3,0.0,38.0,38.0,0.0,14.3,14.3,0.0,6.2,6.2,0.0,6.1,6.1,0.0,11.4,11.4,0.0,5.9,5.9,0.0,13.6,13.6,0.0,21.8,21.8,0.0,18.6,18.6,0.0,15.7,15.7,0.0,0.8,0.8,0.0,2.7,2.7,0.0,93.8,93.8,0.0,93.9,93.9,0.0,100.0,100.0,100.0,64352,64352,0,55086,55086,0,2019-08-13T00:00:00.000,2294,2294,0,8000,8000,0,46352,46352,0,277366,277366,0,277642,277642,0,53,53,0,62,62,0,51,51,0,66,66,0,34,34,0,57,57,0,43,43,0,34,34,0,19,19,0,6,6,0,13,13,0,307,307,0,244,244,0,213,213,0,2019 Report Week 32
067,067651,NYME,NYC,N10,13033,-18707,23796,-3693,5365,-11075,-6917,18320,8343,-40596,-27413,5347,-10391,-10388,-7382,-16440,CRUDE OIL,NATURAL RESOURCES,CRUDE OIL,PETROLEUM AND PRODUCTS,20.1,20.1,0.0,21.3,21.3,0.0,32.1,32.1,0.0,33.2,33.2,0.0,13.0,13.0,0.0,14.5,14.5,0.0,20.0,20.0,0.0,21.5,21.5,0.0,WTI-PHYSICAL,"(CONTRACTS OF 1,000 BARRELS)",FutOnly,190813067651F,277969,277969,0,67580,67580,0,486158,486158,0,"CRUDE OIL, LIGHT SWEET - NEW YORK MERCANTILE EXCHANGE",72466,72466,0,83076,83076,0,2059135,2059135,0,269071,269071,0,97316,97316,0,238314,238314,0,13.5,13.5,0.0,3.3,3.3,0.0,23.6,23.6,0.0,3.5,3.5,0.0,4.0,4.0,0.0,13.1,13.1,0.0,4.7,4.7,0.0,11.6,11.6,0.0,19.6,19.6,0.0,18.6,18.6,0.0,6.7,6.7,0.0,25.8,25.8,0.0,8.4,8.4,0.0,96.5,96.5,0.0,96.0,96.0,0.0,100.0,100.0,100.0,403077,403077,0,382808,382808,0,2019-08-13T00:00:00.000,530688,530688,0,173195,173195,0,138885,138885,0,1986669,1986669,0,1976059,1976059,0,59,59,0,49,49,0,76,76,0,62,62,0,60,60,0,95,95,0,56,56,0,61,61,0,23,23,0,21,21,0,38,38,0,358,358,0,314,314,0,304,304,0,2019 Report Week 32
067,067651,NYME,NYC,N10,-8044,-18087,14047,-3882,-5670,-56288,-10027,-32475,-25396,-1948,14372,-5037,12922,-16001,-52406,-50618,CRUDE OIL,NATURAL RESOURCES,CRUDE OIL,PETROLEUM AND PRODUCTS,20.7,20.7,0.0,22.5,22.5,0.0,33.1,33.1,0.0,34.7,34.7,0.0,13.2,13.2,0.0,14.4,14.4,0.0,20.5,20.5,0.0,22.0,22.0,0.0,WTI-PHYSICAL,"(CONTRACTS OF 1,000 BARRELS)",FutOnly,190820067651F,269925,269925,0,49493,49493,0,500205,500205,0,"CRUDE OIL, LIGHT SWEET - NEW YORK MERCANTILE EXCHANGE",68584,68584,0,77406,77406,0,2002847,2002847,0,259044,259044,0,64841,64841,0,212918,212918,0,13.5,13.5,0.0,2.5,2.5,0.0,25.0,25.0,0.0,3.4,3.4,0.0,3.9,3.9,0.0,12.9,12.9,0.0,3.2,3.2,0.0,10.6,10.6,0.0,20.0,20.0,0.0,19.8,19.8,0.0,6.7,6.7,0.0,27.1,27.1,0.0,7.8,7.8,0.0,96.6,96.6,0.0,96.1,96.1,0.0,100.0,100.0,100.0,401129,401129,0,397180,397180,0,2019-08-20T00:00:00.000,543610,543610,0,157194,157194,0,133848,133848,0,1934263,1934263,0,1925441,1925441,0,60,60,0,42,42,0,70,70,0,57,57,0,57,57,0,93,93,0,55,55,0,61,61,0,21,21,0,23,23,0,36,36,0,344,344,0,306,306,0,286,286,0,2019 Report Week 33
088,088691,CMX,NYC,N20,4065,-2170,-1636,397,-2223,845,2006,-1662,-572,361,6822,-1363,4699,-2413,448,3068,GOLD,NATURAL RESOURCES,GOLD,PRECIOUS METALS,18.1,18.1,0.0,32.5,32.5,0.0,27.1,27.1,0.0,48.8,48.8,0.0,17.4,17.4,0.0,31.3,31.3,0.0,25.5,25.5,0.0,47.0,47.0,0.0,GOLD,(CONTRACTS OF 100 TROY OUNCES),FutOnly,190820088691F,249696,249696,0,19850,19850,0,20533,20533,0,GOLD - COMMODITY EXCHANGE INC.,63855,63855,0,27598,27598,0,594807,594807,0,102598,102598,0,32451,32451,0,24717,24717,0,42.0,42.0,0.0,3.3,3.3,0.0,3.5,3.5,0.0,10.7,10.7,0.0,4.6,4.6,0.0,17.2,17.2,0.0,5.5,5.5,0.0,4.2,4.2,0.0,3.6,3.6,0.0,28.0,28.0,0.0,16.0,16.0,0.0,48.1,48.1,0.0,2.9,2.9,0.0,89.3,89.3,0.0,95.4,95.4,0.0,100.0,100.0,100.0,21303,21303,0,166620,166620,0,2019-08-20T00:00:00.000,285833,285833,0,17205,17205,0,94900,94900,0,530952,530952,0,567209,567209,0,111,111,0,20,20,0,36,36,0,117,117,0,40,40,0,38,38,0,20,20,0,24,24,0,19,19,0,26,26,0,26,26,0,374,374,0,308,308,0,171,171,0,2019 Report Week 33
085,085692,CMX,NYC,N25,5,-6671,-3000,2887,1455,-13756,-723,1298,-6481,-4522,-1103,-1909,759,-13,-16643,-15211,COPPER,NATURAL RESOURCES,COPPER,BASE METALS,13.2,13.2,0.0,24.9,24.9,0.0,22.9,22.9,0.0,39.0,39.0,0.0,12.2,12.2,0.0,20.4,20.4,0.0,19.6,19.6,0.0,31.8,31.8,0.0,COPPER- #1,"(CONTRACTS OF 25,000 POUNDS)",FutOnly,190820085692F,42418,42418,0,105754,105754,0,39221,39221,0,COPPER-GRADE #1 - COMMODITY EXCHANGE INC.,21129,21129,0,19421,19421,0,281852,281852,0,33071,33071,0,18680,18680,0,33753,33753,0,15.0,15.0,0.0,37.5,37.5,0.0,13.9,13.9,0.0,7.5,7.5,0.0,6.9,6.9,0.0,11.7,11.7,0.0,6.6,6.6,0.0,12.0,12.0,0.0,21.2,21.2,0.0,19.2,19.2,0.0,15.8,15.8,0.0,1.1,1.1,0.0,2.8,2.8,0.0,92.5,92.5,0.0,93.1,93.1,0.0,100.0,100.0,100.0,59830,59830,0,53983,53983,0,2019-08-20T00:00:00.000,3053,3053,0,7987,7987,0,44443,44443,0,260723,260723,0,262431,262431,0,47,47,0,64,64,0,51,51,0,66,66,0,31,31,0,50,50,0,42,42,0,36,36,0,19,19,0,8,8,0,14,14,0,304,304,0,240,240,0,208,208,0,2019 Report Week 33
085,085692,CMX,NYC,N25,153,7338,-5415,-3724,-4611,-19090,-2847,-497,-10441,3332,-3196,829,-1291,-977,-15366,-14479,COPPER,NATURAL RESOURCES,COPPER,BASE METALS,14.3,14.3,0.0,26.1,26.1,0.0,24.8,24.8,0.0,40.1,40.1,0.0,13.0,13.0,0.0,21.6,21.6,0.0,21.9,21.9,0.0,33.8,33.8,0.0,COPPER- #1,"(CONTRACTS OF 25,000 POUNDS)",FutOnly,190827085692F,42571,42571,0,113092,113092,0,33806,33806,0,COPPER-GRADE #1 - COMMODITY EXCHANGE INC.,17405,17405,0,14810,14810,0,262762,262762,0,30224,30224,0,18183,18183,0,23312,23312,0,16.2,16.2,0.0,43.0,43.0,0.0,12.9,12.9,0.0,6.6,6.6,0.0,5.6,5.6,0.0,11.5,11.5,0.0,6.9,6.9,0.0,8.9,8.9,0.0,24.0,24.0,0.0,19.3,19.3,0.0,17.2,17.2,0.0,0.7,0.7,0.0,2.7,2.7,0.0,93.4,93.4,0.0,94.4,94.4,0.0,100.0,100.0,100.0,63162,63162,0,50787,50787,0,2019-08-27T00:00:00.000,1762,1762,0,7010,7010,0,45272,45272,0,245357,245357,0,247952,247952,0,51,51,0,71,71,0,53,53,0,63,63,0,30,30,0,43,43,0,37,37,0,36,36,0,20,20,0,5,5,0,14,14,0,306,306,0,231,231,0,210,210,0,2019 Report Week 34
088,088691,CMX,NYC,N20,8573,11703,5034,6556,5845,41376,1742,1767,4013,7286,6303,366,-1095,7806,34820,35531,GOLD,NATURAL RESOURCES,GOLD,PRECIOUS METALS,17.6,17.6,0.0,30.0,30.0,0.0,26.4,26.4,0.0,45.2,45.2,0.0,16.8,16.8,0.0,27.8,27.8,0.0,24.4,24.4,0.0,42.0,42.0,0.0,GOLD,(CONTRACTS OF 100 TROY OUNCES),FutOnly,190827088691F,258269,258269,0,31553,31553,0,25567,25567,0,GOLD - COMMODITY EXCHANGE INC.,70411,70411,0,33443,33443,0,636183,636183,0,104340,104340,0,34218,34218,0,28730,28730,0,40.6,40.6,0.0,5.0,5.0,0.0,4.0,4.0,0.0,11.1,11.1,0.0,5.3,5.3,0.0,16.4,16.4,0.0,5.4,5.4,0.0,4.5,4.5,0.0,4.5,4.5,0.0,27.2,27.2,0.0,15.0,15.0,0.0,44.8,44.8,0.0,3.9,3.9,0.0,88.9,88.9,0.0,94.7,94.7,0.0,100.0,100.0,100.0,28589,28589,0,172923,172923,0,2019-08-27T00:00:00.000,284738,284738,0,25011,25011,0,95266,95266,0,565772,565772,0,602740,602740,0,112,112,0,23,23,0,39,39,0,122,122,0,36,36,0,37,37,0,21,21,0,25,25,0,18,18,0,26,26,0,25,25,0,378,378,0,316,316,0,170,170,0,2019 Report Week 34
067,067651,NYME,NYC,N10,-19191,7560,-9407,2716,3099,160,3687,-79,1015,8398,10038,-415,-25423,13357,-2556,-2939,CRUDE OIL,NATURAL RESOURCES,CRUDE OIL,PETROLEUM AND PRODUCTS,20.5,20.5,0.0,22.2,22.2,0.0,32.9,32.9,0.0,34.0,34.0,0.0,12.9,12.9,0.0,14.1,14.1,0.0,19.9,19.9,0.0,21.2,21.2,0.0,WTI-PHYSICAL,"(CONTRACTS OF 1,000 BARRELS)",FutOnly,190827067651F,250734,250734,0,57053,57053,0,490798,490798,0,"CRUDE OIL, LIGHT SWEET - NEW YORK MERCANTILE EXCHANGE",71300,71300,0,80505,80505,0,2003007,2003007,0,262731,262731,0,64762,64762,0,213933,213933,0,12.5,12.5,0.0,2.8,2.8,0.0,24.5,24.5,0.0,3.6,3.6,0.0,4.0,4.0,0.0,13.1,13.1,0.0,3.2,3.2,0.0,10.7,10.7,0.0,20.4,20.4,0.0,20.3,20.3,0.0,6.7,6.7,0.0,25.9,25.9,0.0,8.5,8.5,0.0,96.4,96.4,0.0,96.0,96.0,0.0,100.0,100.0,100.0,409527,409527,0,407218,407218,0,2019-08-27T00:00:00.000,518187,518187,0,170551,170551,0,133433,133433,0,1931707,1931707,0,1922502,1922502,0,55,55,0,48,48,0,70,70,0,54,54,0,60,60,0,90,90,0,59,59,0,61,61,0,22,22,0,22,22,0,35,35,0,349,349,0,305,305,0,291,291,0,2019 Report Week 34
085,085692,CMX,NYC,N25,3947,4340,-3226,-1028,1723,-2722,-643,-675,95,-2314,-4882,352,-192,95,-1694,-4445,COPPER,NATURAL RESOURCES,COPPER,BASE METALS,14.3,14.3,0.0,26.3,26.3,0.0,24.7,24.7,0.0,41.5,41.5,0.0,13.3,13.3,0.0,22.4,22.4,0.0,22.6,22.6,0.0,35.2,35.2,0.0,COPPER- #1,"(CONTRACTS OF 25,000 POUNDS)",FutOnly,190903085692F,46518,46518,0,117432,117432,0,30580,30580,0,COPPER-GRADE #1 - COMMODITY EXCHANGE INC.,16377,16377,0,16533,16533,0,260040,260040,0,29581,29581,0,17508,17508,0,23407,23407,0,17.9,17.9,0.0,45.2,45.2,0.0,11.8,11.8,0.0,6.3,6.3,0.0,6.4,6.4,0.0,11.4,11.4,0.0,6.7,6.7,0.0,9.0,9.0,0.0,23.4,23.4,0.0,17.7,17.7,0.0,17.5,17.5,0.0,0.6,0.6,0.0,2.7,2.7,0.0,93.7,93.7,0.0,93.6,93.6,0.0,100.0,100.0,100.0,60848,60848,0,45905,45905,0,2019-09-03T00:00:00.000,1570,1570,0,7105,7105,0,45624,45624,0,243663,243663,0,243507,243507,0,53,53,0,71,71,0,49,49,0,58,58,0,39,39,0,38,38,0,41,41,0,35,35,0,21,21,0,6,6,0,11,11,0,310,310,0,230,230,0,201,201,0,2019 Report Week 35
088,088691,CMX,NYC,N20,6906,1996,-1117,-4763,-4989,-1825,-4130,-2929,2428,-4740,5583,2485,-3903,1106,2938,3164,GOLD,NATURAL RESOURCES,GOLD,PRECIOUS METALS,18.9,18.9,0.0,30.4,30.4,0.0,27.6,27.6,0.0,45.6,45.6,0.0,18.4,18.4,0.0,28.8,28.8,0.0,25.8,25.8,0.0,42.9,42.9,0.0,GOLD,(CONTRACTS OF 100 TROY OUNCES),FutOnly,190903088691F,265175,265175,0,33549,33549,0,24450,24450,0,GOLD - COMMODITY EXCHANGE INC.,65648,65648,0,28454,28454,0,634358,634358,0,100210,100210,0,31289,31289,0,31158,31158,0,41.8,41.8,0.0,5.3,5.3,0.0,3.9,3.9,0.0,10.3,10.3,0.0,4.5,4.5,0.0,15.8,15.8,0.0,4.9,4.9,0.0,4.9,4.9,0.0,3.8,3.8,0.0,28.1,28.1,0.0,15.4,15.4,0.0,44.3,44.3,0.0,4.1,4.1,0.0,89.7,89.7,0.0,95.5,95.5,0.0,100.0,100.0,100.0,23849,23849,0,178506,178506,0,2019-09-03T00:00:00.000,280835,280835,0,26117,26117,0,97751,97751,0,568710,568710,0,605904,605904,0,108,108,0,26,26,0,44,44,0,117,117,0,37,37,0,39,39,0,19,19,0,26,26,0,19,19,0,26,26,0,24,24,0,377,377,0,312,312,0,178,178,0,2019 Report Week 35
067,067651,NYME,NYC,N10,-8584,5501,28450,5191,-1976,79408,4059,-2533,14971,26004,9237,-1622,14819,10939,74217,81384,CRUDE OIL,NATURAL RESOURCES,CRUDE OIL,PETROLEUM AND PRODUCTS,20.0,20.0,0.0,22.1,22.1,0.0,32.2,32.2,0.0,33.6,33.6,0.0,12.2,12.2,0.0,14.2,14.2,0.0,18.9,18.9,0.0,21.0,21.0,0.0,WTI-PHYSICAL,"(CONTRACTS OF 1,000 BARRELS)",FutOnly,190903067651F,242150,242150,0,62554,62554,0,519248,519248,0,"CRUDE OIL, LIGHT SWEET - NEW YORK MERCANTILE EXCHANGE",76491,76491,0,78529,78529,0,2082415,2082415,0,266790,266790,0,62229,62229,0,228904,228904,0,11.6,11.6,0.0,3.0,3.0,0.0,24.9,24.9,0.0,3.7,3.7,0.0,3.8,3.8,0.0,12.8,12.8,0.0,3.0,3.0,0.0,11.0,11.0,0.0,20.9,20.9,0.0,20.0,20.0,0.0,6.3,6.3,0.0,25.6,25.6,0.0,8.7,8.7,0.0,96.3,96.3,0.0,96.2,96.2,0.0,100.0,100.0,100.0,435531,435531,0,416455,416455,0,2019-09-03T00:00:00.000,533006,533006,0,181490,181490,0,131811,131811,0,2005924,2005924,0,2003886,2003886,0,55,55,0,52,52,0,74,74,0,60,60,0,53,53,0,96,96,0,55,55,0,57,57,0,22,22,0,21,21,0,35,35,0,350,350,0,305,305,0,299,299,0,2019 Report Week 35
085,085692,CMX,NYC,N25,3490,-15334,865,-1142,-2063,-18130,-2404,-1235,204,-17551,-49,-694,380,-898,-16988,-16067,COPPER,NATURAL RESOURCES,COPPER,BASE METALS,15.0,15.0,0.0,28.0,28.0,0.0,26.3,26.3,0.0,43.6,43.6,0.0,14.2,14.2,0.0,23.7,23.7,0.0,24.0,24.0,0.0,36.4,36.4,0.0,COPPER- #1,"(CONTRACTS OF 25,000 POUNDS)",FutOnly,190910085692F,50008,50008,0,102098,102098,0,31445,31445,0,COPPER-GRADE #1 - COMMODITY EXCHANGE INC.,15235,15235,0,14470,14470,0,241910,241910,0,27177,27177,0,16273,16273,0,23611,23611,0,20.7,20.7,0.0,42.2,42.2,0.0,13.0,13.0,0.0,6.3,6.3,0.0,6.0,6.0,0.0,11.2,11.2,0.0,6.7,6.7,0.0,9.8,9.8,0.0,17.9,17.9,0.0,19.0,19.0,0.0,18.6,18.6,0.0,0.8,0.8,0.0,2.6,2.6,0.0,93.7,93.7,0.0,94.0,94.0,0.0,100.0,100.0,100.0,43297,43297,0,45856,45856,0,2019-09-10T00:00:00.000,1950,1950,0,6207,6207,0,44930,44930,0,226675,226675,0,227440,227440,0,53,53,0,55,55,0,48,48,0,53,53,0,37,37,0,43,43,0,38,38,0,37,37,0,19,19,0,6,6,0,13,13,0,284,284,0,223,223,0,191,191,0,2019 Report Week 36
088,088691,CMX,NYC,N20,-25700,-255,2054,-2107,-799,-19605,-5571,-194,3375,-650,-1479,11325,-19976,-2331,-17498,-18806,GOLD,NATURAL RESOURCES,GOLD,PRECIOUS METALS,21.1,21.1,0.0,30.4,30.4,0.0,30.2,30.2,0.0,45.5,45.5,0.0,20.5,20.5,0.0,28.7,28.7,0.0,28.3,28.3,0.0,43.1,43.1,0.0,GOLD,(CONTRACTS OF 100 TROY OUNCES),FutOnly,190910088691F,239475,239475,0,33294,33294,0,26504,26504,0,GOLD - COMMODITY EXCHANGE INC.,63541,63541,0,27655,27655,0,614753,614753,0,94639,94639,0,31095,31095,0,34533,34533,0,39.0,39.0,0.0,5.4,5.4,0.0,4.3,4.3,0.0,10.3,10.3,0.0,4.5,4.5,0.0,15.4,15.4,0.0,5.1,5.1,0.0,5.6,5.6,0.0,3.8,3.8,0.0,28.8,28.8,0.0,17.7,17.7,0.0,42.4,42.4,0.0,3.9,3.9,0.0,89.7,89.7,0.0,95.5,95.5,0.0,100.0,100.0,100.0,23199,23199,0,177027,177027,0,2019-09-10T00:00:00.000,260859,260859,0,23786,23786,0,109076,109076,0,551212,551212,0,587098,587098,0,96,96,0,29,29,0,45,45,0,114,114,0,38,38,0,39,39,0,17,17,0,25,25,0,19,19,0,25,25,0,25,25,0,363,363,0,296,296,0,181,181,0,2019 Report Week 36
067,067651,NYME,NYC,N10,19995,-20897,8666,3589,5568,-1421,-1356,-4512,307,-7720,906,1591,35034,-26493,-5010,-6989,CRUDE OIL,NATURAL RESOURCES,CRUDE OIL,PETROLEUM AND PRODUCTS,20.9,20.9,0.0,23.0,23.0,0.0,33.5,33.5,0.0,34.8,34.8,0.0,12.5,12.5,0.0,14.5,14.5,0.0,19.3,19.3,0.0,21.8,21.8,0.0,WTI-PHYSICAL,"(CONTRACTS OF 1,000 BARRELS)",FutOnly,190910067651F,262145,262145,0,41657,41657,0,527914,527914,0,"CRUDE OIL, LIGHT SWEET - NEW YORK MERCANTILE EXCHANGE",80080,80080,0,84097,84097,0,2080994,2080994,0,265434,265434,0,57717,57717,0,229211,229211,0,12.6,12.6,0.0,2.0,2.0,0.0,25.4,25.4,0.0,3.8,3.8,0.0,4.0,4.0,0.0,12.8,12.8,0.0,2.8,2.8,0.0,11.0,11.0,0.0,20.6,20.6,0.0,20.1,20.1,0.0,6.4,6.4,0.0,27.3,27.3,0.0,7.4,7.4,0.0,96.2,96.2,0.0,96.0,96.0,0.0,100.0,100.0,100.0,427811,427811,0,417361,417361,0,2019-09-10T00:00:00.000,568040,568040,0,154997,154997,0,133402,133402,0,2000914,2000914,0,1996897,1996897,0,66,66,0,40,40,0,75,75,0,62,62,0,54,54,0,96,96,0,54,54,0,60,60,0,22,22,0,21,21,0,34,34,0,352,352,0,312,312,0,296,296,0,2019 Report Week 36
085,085692,CMX,NYC,N25,-4417,-7415,859,1201,-2292,-7336,2315,1077,-3197,-3644,3840,-147,98,-306,-8537,-5044,COPPER,NATURAL RESOURCES,COPPER,BASE METALS,15.2,15.2,0.0,30.2,30.2,0.0,26.3,26.3,0.0,46.0,46.0,0.0,14.7,14.7,0.0,26.5,26.5,0.0,24.6,24.6,0.0,39.4,39.4,0.0,COPPER- #1,"(CONTRACTS OF 25,000 POUNDS)",FutOnly,190917085692F,45591,45591,0,94683,94683,0,32304,32304,0,COPPER-GRADE #1 - COMMODITY EXCHANGE INC.,16436,16436,0,12178,12178,0,234574,234574,0,29492,29492,0,17350,17350,0,20414,20414,0,19.4,19.4,0.0,40.4,40.4,0.0,13.8,13.8,0.0,7.0,7.0,0.0,5.2,5.2,0.0,12.6,12.6,0.0,7.4,7.4,0.0,8.7,8.7,0.0,16.9,16.9,0.0,21.2,21.2,0.0,19.1,19.1,0.0,0.9,0.9,0.0,2.5,2.5,0.0,93.0,93.0,0.0,94.8,94.8,0.0,100.0,100.0,100.0,39653,39653,0,49696,49696,0,2019-09-17T00:00:00.000,2048,2048,0,5901,5901,0,44783,44783,0,218138,218138,0,222396,222396,0,51,51,0,57,57,0,46,46,0,61,61,0,39,39,0,40,40,0,37,37,0,37,37,0,18,18,0,7,7,0,13,13,0,291,291,0,224,224,0,192,192,0,2019 Report Week 37
088,088691,CMX,NYC,N20,2461,-5214,103,-2452,-2366,16237,4936,-263,4242,-1918,3815,-834,6221,9699,18689,18603,GOLD,NATURAL RESOURCES,GOLD,PRECIOUS METALS,20.7,20.7,0.0,30.2,30.2,0.0,30.9,30.9,0.0,45.3,45.3,0.0,19.4,19.4,0.0,28.7,28.7,0.0,27.0,27.0,0.0,42.7,42.7,0.0,GOLD,(CONTRACTS OF 100 TROY OUNCES),FutOnly,190917088691F,241936,241936,0,28080,28080,0,26607,26607,0,GOLD - COMMODITY EXCHANGE INC.,61089,61089,0,25289,25289,0,630990,630990,0,99575,99575,0,30832,30832,0,38775,38775,0,38.3,38.3,0.0,4.5,4.5,0.0,4.2,4.2,0.0,9.7,9.7,0.0,4.0,4.0,0.0,15.8,15.8,0.0,4.9,4.9,0.0,6.1,6.1,0.0,3.4,3.4,0.0,28.7,28.7,0.0,17.2,17.2,0.0,42.3,42.3,0.0,5.3,5.3,0.0,90.3,90.3,0.0,96.0,96.0,0.0,100.0,100.0,100.0,21281,21281,0,180842,180842,0,2019-09-17T00:00:00.000,267080,267080,0,33485,33485,0,108242,108242,0,569901,569901,0,605701,605701,0,103,103,0,25,25,0,40,40,0,108,108,0,42,42,0,38,38,0,17,17,0,27,27,0,19,19,0,23,23,0,22,22,0,363,363,0,291,291,0,177,177,0,2019 Report Week 37
067,067651,NYME,NYC,N10,3993,-2333,-35593,12349,-4846,-7953,-1215,6211,1743,1467,-14782,2073,34417,7230,-20302,-3107,CRUDE OIL,NATURAL RESOURCES,CRUDE OIL,PETROLEUM AND PRODUCTS,21.8,21.8,0.0,23.4,23.4,0.0,34.4,34.4,0.0,36.0,36.0,0.0,12.0,12.0,0.0,15.4,15.4,0.0,18.9,18.9,0.0,23.2,23.2,0.0,WTI-PHYSICAL,"(CONTRACTS OF 1,000 BARRELS)",FutOnly,190917067651F,266138,266138,0,39324,39324,0,492321,492321,0,"CRUDE OIL, LIGHT SWEET - NEW YORK MERCANTILE EXCHANGE",92429,92429,0,79251,79251,0,2073041,2073041,0,264219,264219,0,63928,63928,0,230954,230954,0,12.8,12.8,0.0,1.9,1.9,0.0,23.7,23.7,0.0,4.5,4.5,0.0,3.8,3.8,0.0,12.7,12.7,0.0,3.1,3.1,0.0,11.1,11.1,0.0,20.7,20.7,0.0,19.4,19.4,0.0,6.5,6.5,0.0,29.1,29.1,0.0,7.8,7.8,0.0,95.5,95.5,0.0,96.2,96.2,0.0,100.0,100.0,100.0,429278,429278,0,402579,402579,0,2019-09-17T00:00:00.000,602457,602457,0,162227,162227,0,135475,135475,0,1980612,1980612,0,1993790,1993790,0,67,67,0,39,39,0,74,74,0,67,67,0,50,50,0,87,87,0,52,52,0,56,56,0,22,22,0,22,22,0,37,37,0,348,348,0,311,311,0,280,280,0,2019 Report Week 37
085,085692,CMX,NYC,N25,-2690,804,419,-199,678,-3847,-1188,-893,-1193,615,-3887,-194,-358,583,-3648,-4525,COPPER,NATURAL RESOURCES,COPPER,BASE METALS,15.5,15.5,0.0,31.1,31.1,0.0,26.5,26.5,0.0,46.8,46.8,0.0,15.0,15.0,0.0,27.8,27.8,0.0,24.2,24.2,0.0,39.6,39.6,0.0,COPPER- #1,"(CONTRACTS OF 25,000 POUNDS)",FutOnly,190924085692F,42901,42901,0,95487,95487,0,32723,32723,0,COPPER-GRADE #1 - COMMODITY EXCHANGE INC.,16237,16237,0,12856,12856,0,230727,230727,0,28304,28304,0,16457,16457,0,19221,19221,0,18.6,18.6,0.0,41.4,41.4,0.0,14.2,14.2,0.0,7.0,7.0,0.0,5.6,5.6,0.0,12.3,12.3,0.0,7.1,7.1,0.0,8.3,8.3,0.0,17.5,17.5,0.0,19.9,19.9,0.0,19.3,19.3,0.0,0.7,0.7,0.0,2.8,2.8,0.0,93.0,93.0,0.0,94.4,94.4,0.0,100.0,100.0,100.0,40268,40268,0,45809,45809,0,2019-09-24T00:00:00.000,1690,1690,0,6484,6484,0,44589,44589,0,214490,214490,0,217871,217871,0,51,51,0,57,57,0,41,41,0,54,54,0,38,38,0,40,40,0,39,39,0,37,37,0,21,21,0,6,6,0,14,14,0,290,290,0,218,218,0,194,194,0,2019 Report Week 38
088,088691,CMX,NYC,N20,23572,-443,-2015,2388,5487,27954,5310,-520,-1878,-607,4240,1224,23123,-40,25566,22467,GOLD,NATURAL RESOURCES,GOLD,PRECIOUS METALS,18.9,18.9,0.0,29.6,29.6,0.0,28.8,28.8,0.0,46.7,46.7,0.0,18.5,18.5,0.0,28.2,28.2,0.0,26.0,26.0,0.0,43.3,43.3,0.0,GOLD,(CONTRACTS OF 100 TROY OUNCES),FutOnly,190924088691F,265508,265508,0,27637,27637,0,24592,24592,0,GOLD - COMMODITY EXCHANGE INC.,63477,63477,0,30776,30776,0,658944,658944,0,104885,104885,0,30312,30312,0,36897,36897,0,40.3,40.3,0.0,4.2,4.2,0.0,3.7,3.7,0.0,9.6,9.6,0.0,4.7,4.7,0.0,15.9,15.9,0.0,4.6,4.6,0.0,5.6,5.6,0.0,3.1,3.1,0.0,28.1,28.1,0.0,16.6,16.6,0.0,44.0,44.0,0.0,5.1,5.1,0.0,90.4,90.4,0.0,95.3,95.3,0.0,100.0,100.0,100.0,20674,20674,0,185082,185082,0,2019-09-24T00:00:00.000,290203,290203,0,33445,33445,0,109466,109466,0,595467,595467,0,628168,628168,0,114,114,0,22,22,0,39,39,0,106,106,0,46,46,0,38,38,0,17,17,0,25,25,0,18,18,0,21,21,0,24,24,0,365,365,0,299,299,0,174,174,0,2019 Report Week 38
067,067651,NYME,NYC,N10,-4362,13740,-18356,-8905,-11819,-24953,2498,-12661,-8889,20606,18364,-1535,678,-6010,-16048,-13134,CRUDE OIL,NATURAL RESOURCES,CRUDE OIL,PETROLEUM AND PRODUCTS,22.2,22.2,0.0,23.9,23.9,0.0,36.0,36.0,0.0,36.4,36.4,0.0,12.4,12.4,0.0,15.8,15.8,0.0,19.0,19.0,0.0,23.8,23.8,0.0,WTI-PHYSICAL,"(CONTRACTS OF 1,000 BARRELS)",FutOnly,190924067651F,261776,261776,0,53064,53064,0,473965,473965,0,"CRUDE OIL, LIGHT SWEET - NEW YORK MERCANTILE EXCHANGE",83524,83524,0,67432,67432,0,2048088,2048088,0,266717,266717,0,51267,51267,0,222065,222065,0,12.8,12.8,0.0,2.6,2.6,0.0,23.1,23.1,0.0,4.1,4.1,0.0,3.3,3.3,0.0,13.0,13.0,0.0,2.5,2.5,0.0,10.8,10.8,0.0,22.0,22.0,0.0,20.6,20.6,0.0,6.5,6.5,0.0,29.4,29.4,0.0,7.6,7.6,0.0,95.9,95.9,0.0,96.7,96.7,0.0,100.0,100.0,100.0,449884,449884,0,420943,420943,0,2019-09-24T00:00:00.000,603135,603135,0,156217,156217,0,133940,133940,0,1964564,1964564,0,1980656,1980656,0,57,57,0,42,42,0,71,71,0,66,66,0,47,47,0,76,76,0,56,56,0,59,59,0,20,20,0,19,19,0,35,35,0,332,332,0,289,289,0,274,274,0,2019 Report Week 38
085,085692,CMX,NYC,N25,-3135,7091,4432,864,518,12224,3201,-991,1266,5450,-690,-602,-150,748,11360,11706,COPPER,NATURAL RESOURCES,COPPER,BASE METALS,15.4,15.4,0.0,29.2,29.2,0.0,26.3,26.3,0.0,45.2,45.2,0.0,14.1,14.1,0.0,26.4,26.4,0.0,22.8,22.8,0.0,37.0,37.0,0.0,COPPER- #1,"(CONTRACTS OF 25,000 POUNDS)",FutOnly,191001085692F,39766,39766,0,102578,102578,0,37155,37155,0,COPPER-GRADE #1 - COMMODITY EXCHANGE INC.,17101,17101,0,13374,13374,0,242951,242951,0,31505,31505,0,15466,15466,0,20487,20487,0,16.4,16.4,0.0,42.2,42.2,0.0,15.3,15.3,0.0,7.0,7.0,0.0,5.5,5.5,0.0,13.0,13.0,0.0,6.4,6.4,0.0,8.4,8.4,0.0,18.8,18.8,0.0,18.6,18.6,0.0,18.1,18.1,0.0,0.6,0.6,0.0,3.0,3.0,0.0,93.0,93.0,0.0,94.5,94.5,0.0,100.0,100.0,100.0,45718,45718,0,45119,45119,0,2019-10-01T00:00:00.000,1540,1540,0,7232,7232,0,43987,43987,0,225850,225850,0,229577,229577,0,48,48,0,62,62,0,45,45,0,65,65,0,30,30,0,35,35,0,39,39,0,36,36,0,21,21,0,6,6,0,15,15,0,291,291,0,222,222,0,188,188,0,2019 Report Week 39
088,088691,CMX,NYC,N20,-45518,1542,2751,-2941,-4935,-54059,-2075,-5684,-5741,2485,-11224,400,-27348,-3420,-51118,-49124,GOLD,NATURAL RESOURCES,GOLD,PRECIOUS METALS,19.0,19.0,0.0,29.5,29.5,0.0,28.9,28.9,0.0,45.9,45.9,0.0,18.1,18.1,0.0,27.7,27.7,0.0,26.3,26.3,0.0,42.2,42.2,0.0,GOLD,(CONTRACTS OF 100 TROY OUNCES),FutOnly,191001088691F,219990,219990,0,29179,29179,0,27343,27343,0,GOLD - COMMODITY EXCHANGE INC.,60536,60536,0,25841,25841,0,604885,604885,0,102810,102810,0,24628,24628,0,31156,31156,0,36.4,36.4,0.0,4.8,4.8,0.0,4.5,4.5,0.0,10.0,10.0,0.0,4.3,4.3,0.0,17.0,17.0,0.0,4.1,4.1,0.0,5.2,5.2,0.0,3.8,3.8,0.0,28.7,28.7,0.0,18.2,18.2,0.0,43.5,43.5,0.0,5.0,5.0,0.0,90.0,90.0,0.0,95.7,95.7,0.0,100.0,100.0,100.0,23159,23159,0,173858,173858,0,2019-10-01T00:00:00.000,262855,262855,0,30025,30025,0,109866,109866,0,544349,544349,0,579044,579044,0,99,99,0,26,26,0,44,44,0,106,106,0,45,45,0,40,40,0,18,18,0,24,24,0,19,19,0,23,23,0,23,23,0,358,358,0,288,288,0,183,183,0,2019 Report Week 39
067,067651,NYME,NYC,N10,-44012,23477,2390,128,3562,37588,30348,-2298,5356,18494,15052,1237,-33598,23647,37460,34026,CRUDE OIL,NATURAL RESOURCES,CRUDE OIL,PETROLEUM AND PRODUCTS,22.0,22.0,0.0,22.8,22.8,0.0,35.5,35.5,0.0,35.2,35.2,0.0,12.4,12.4,0.0,15.3,15.3,0.0,18.2,18.2,0.0,22.5,22.5,0.0,WTI-PHYSICAL,"(CONTRACTS OF 1,000 BARRELS)",FutOnly,191001067651F,217764,217764,0,76541,76541,0,476355,476355,0,"CRUDE OIL, LIGHT SWEET - NEW YORK MERCANTILE EXCHANGE",83652,83652,0,70994,70994,0,2085676,2085676,0,297065,297065,0,48969,48969,0,227421,227421,0,10.4,10.4,0.0,3.7,3.7,0.0,22.8,22.8,0.0,4.0,4.0,0.0,3.4,3.4,0.0,14.2,14.2,0.0,2.3,2.3,0.0,10.9,10.9,0.0,22.5,22.5,0.0,20.9,20.9,0.0,6.5,6.5,0.0,27.3,27.3,0.0,8.6,8.6,0.0,96.0,96.0,0.0,96.6,96.6,0.0,100.0,100.0,100.0,468378,468378,0,435995,435995,0,2019-10-01T00:00:00.000,569537,569537,0,179864,179864,0,135177,135177,0,2002024,2002024,0,2014682,2014682,0,53,53,0,51,51,0,70,70,0,74,74,0,39,39,0,80,80,0,57,57,0,62,62,0,22,22,0,21,21,0,38,38,0,344,344,0,299,299,0,284,284,0,2019 Report Week 39
067,067651,NYME,NYC,N10,-7301,36859,-7679,4230,8464,20041,12755,2829,8303,10605,11393,1370,-37886,-2242,15811,11577,CRUDE OIL,NATURAL RESOURCES,CRUDE OIL,PETROLEUM AND PRODUCTS,21.9,21.9,0.0,22.1,22.1,0.0,35.0,35.0,0.0,34.3,34.3,0.0,12.5,12.5,0.0,14.8,14.8,0.0,18.5,18.5,0.0,21.7,21.7,0.0,WTI-PHYSICAL,"(CONTRACTS OF 1,000 BARRELS)",FutOnly,191008067651F,210463,210463,0,113400,113400,0,468676,468676,0,"CRUDE OIL, LIGHT SWEET - NEW YORK MERCANTILE EXCHANGE",87882,87882,0,79458,79458,0,2105717,2105717,0,309820,309820,0,51798,51798,0,235724,235724,0,10.0,10.0,0.0,5.4,5.4,0.0,22.3,22.3,0.0,4.2,4.2,0.0,3.8,3.8,0.0,14.7,14.7,0.0,2.5,2.5,0.0,11.2,11.2,0.0,22.7,22.7,0.0,21.2,21.2,0.0,6.5,6.5,0.0,25.2,25.2,0.0,8.4,8.4,0.0,95.8,95.8,0.0,96.2,96.2,0.0,100.0,100.0,100.0,478983,478983,0,447388,447388,0,2019-10-08T00:00:00.000,531651,531651,0,177622,177622,0,136547,136547,0,2017835,2017835,0,2026259,2026259,0,51,51,0,55,55,0,67,67,0,68,68,0,42,42,0,88,88,0,56,56,0,59,59,0,20,20,0,21,21,0,33,33,0,344,344,0,294,294,0,286,286,0,2019 Report Week 40
085,085692,CMX,NYC,N25,2078,-2934,6884,-2328,1287,13773,-3465,2867,-564,9095,6190,2465,435,-392,16101,12486,COPPER,NATURAL RESOURCES,COPPER,BASE METALS,15.9,15.9,0.0,27.7,27.7,0.0,27.3,27.3,0.0,44.2,44.2,0.0,13.5,13.5,0.0,25.2,25.2,0.0,22.2,22.2,0.0,36.0,36.0,0.0,COPPER- #1,"(CONTRACTS OF 25,000 POUNDS)",FutOnly,191008085692F,41844,41844,0,99644,99644,0,44039,44039,0,COPPER-GRADE #1 - COMMODITY EXCHANGE INC.,14773,14773,0,14661,14661,0,256724,256724,0,28040,28040,0,18333,18333,0,19923,19923,0,16.3,16.3,0.0,38.8,38.8,0.0,17.2,17.2,0.0,5.8,5.8,0.0,5.7,5.7,0.0,10.9,10.9,0.0,7.1,7.1,0.0,7.8,7.8,0.0,21.4,21.4,0.0,20.0,20.0,0.0,18.1,18.1,0.0,0.8,0.8,0.0,2.7,2.7,0.0,94.2,94.2,0.0,94.3,94.3,0.0,100.0,100.0,100.0,54813,54813,0,51309,51309,0,2019-10-08T00:00:00.000,1975,1975,0,6840,6840,0,46452,46452,0,241951,241951,0,242063,242063,0,51,51,0,59,59,0,49,49,0,61,61,0,34,34,0,37,37,0,39,39,0,35,35,0,21,21,0,7,7,0,13,13,0,294,294,0,227,227,0,191,191,0,2019 Report Week 40
088,088691,CMX,NYC,N20,11986,2296,-2421,982,298,12072,-403,2717,-2777,-890,2653,2618,6329,2977,11090,11774,GOLD,NATURAL RESOURCES,GOLD,PRECIOUS METALS,19.5,19.5,0.0,29.3,29.3,0.0,29.9,29.9,0.0,45.5,45.5,0.0,19.0,19.0,0.0,27.6,27.6,0.0,27.1,27.1,0.0,42.0,42.0,0.0,GOLD,(CONTRACTS OF 100 TROY OUNCES),FutOnly,191008088691F,231976,231976,0,31475,31475,0,24922,24922,0,GOLD - COMMODITY EXCHANGE INC.,61518,61518,0,26139,26139,0,616957,616957,0,102407,102407,0,27345,27345,0,28379,28379,0,37.6,37.6,0.0,5.1,5.1,0.0,4.0,4.0,0.0,10.0,10.0,0.0,4.2,4.2,0.0,16.6,16.6,0.0,4.4,4.4,0.0,4.6,4.6,0.0,3.6,3.6,0.0,28.6,28.6,0.0,18.2,18.2,0.0,43.6,43.6,0.0,5.3,5.3,0.0,90.0,90.0,0.0,95.8,95.8,0.0,100.0,100.0,100.0,22269,22269,0,176511,176511,0,2019-10-08T00:00:00.000,269184,269184,0,33002,33002,0,112484,112484,0,555439,555439,0,590818,590818,0,107,107,0,22,22,0,40,40,0,107,107,0,47,47,0,38,38,0,15,15,0,23,23,0,21,21,0,22,22,0,24,24,0,360,360,0,292,292,0,175,175,0,2019 Report Week 40
088,088691,CMX,NYC,N20,-17989,6725,1606,1545,1676,-9570,2976,798,2347,518,-8413,5434,-8302,-6007,-11115,-11246,GOLD,NATURAL RESOURCES,GOLD,PRECIOUS METALS,21.0,21.0,0.0,28.9,28.9,0.0,31.4,31.4,0.0,45.6,45.6,0.0,20.8,20.8,0.0,26.6,26.6,0.0,29.1,29.1,0.0,42.3,42.3,0.0,GOLD,(CONTRACTS OF 100 TROY OUNCES),FutOnly,191015088691F,213987,213987,0,38200,38200,0,26528,26528,0,GOLD - COMMODITY EXCHANGE INC.,63063,63063,0,27815,27815,0,607387,607387,0,105383,105383,0,28143,28143,0,30726,30726,0,35.2,35.2,0.0,6.3,6.3,0.0,4.4,4.4,0.0,10.4,10.4,0.0,4.6,4.6,0.0,17.4,17.4,0.0,4.6,4.6,0.0,5.1,5.1,0.0,3.8,3.8,0.0,27.7,27.7,0.0,19.4,19.4,0.0,43.0,43.0,0.0,4.4,4.4,0.0,89.6,89.6,0.0,95.4,95.4,0.0,100.0,100.0,100.0,22787,22787,0,168098,168098,0,2019-10-15T00:00:00.000,260882,260882,0,26995,26995,0,117918,117918,0,544324,544324,0,579572,579572,0,90,90,0,38,38,0,48,48,0,107,107,0,44,44,0,39,39,0,15,15,0,24,24,0,21,21,0,23,23,0,22,22,0,358,358,0,278,278,0,195,195,0,2019 Report Week 41
085,085692,CMX,NYC,N25,-1732,-6051,2303,1415,50,454,-769,2712,-3058,850,4598,2059,514,-614,-961,404,COPPER,NATURAL RESOURCES,COPPER,BASE METALS,16.3,16.3,0.0,27.2,27.2,0.0,29.1,29.1,0.0,44.5,44.5,0.0,13.5,13.5,0.0,24.3,24.3,0.0,22.5,22.5,0.0,36.7,36.7,0.0,COPPER- #1,"(CONTRACTS OF 25,000 POUNDS)",FutOnly,191015085692F,40112,40112,0,93593,93593,0,46342,46342,0,COPPER-GRADE #1 - COMMODITY EXCHANGE INC.,16188,16188,0,14711,14711,0,257178,257178,0,27271,27271,0,21045,21045,0,16865,16865,0,15.6,15.6,0.0,36.4,36.4,0.0,18.0,18.0,0.0,6.3,6.3,0.0,5.7,5.7,0.0,10.6,10.6,0.0,8.2,8.2,0.0,6.6,6.6,0.0,21.6,21.6,0.0,21.7,21.7,0.0,18.9,18.9,0.0,1.0,1.0,0.0,2.4,2.4,0.0,93.7,93.7,0.0,94.3,94.3,0.0,100.0,100.0,100.0,55663,55663,0,55907,55907,0,2019-10-15T00:00:00.000,2489,2489,0,6226,6226,0,48511,48511,0,240990,240990,0,242467,242467,0,52,52,0,57,57,0,48,48,0,58,58,0,39,39,0,36,36,0,37,37,0,38,38,0,22,22,0,7,7,0,13,13,0,297,297,0,223,223,0,198,198,0,2019 Report Week 41
067,067651,NYME,NYC,N10,720,7321,28351,-5608,-4757,31000,15403,7003,-163,-4228,3816,1711,-5385,-5186,36608,35757,CRUDE OIL,NATURAL RESOURCES,CRUDE OIL,PETROLEUM AND PRODUCTS,21.4,21.4,0.0,21.3,21.3,0.0,34.0,34.0,0.0,33.3,33.3,0.0,12.3,12.3,0.0,14.8,14.8,0.0,18.5,18.5,0.0,21.5,21.5,0.0,WTI-PHYSICAL,"(CONTRACTS OF 1,000 BARRELS)",FutOnly,191015067651F,211183,211183,0,120721,120721,0,497027,497027,0,"CRUDE OIL, LIGHT SWEET - NEW YORK MERCANTILE EXCHANGE",82274,82274,0,74701,74701,0,2136717,2136717,0,325223,325223,0,58801,58801,0,235561,235561,0,9.9,9.9,0.0,5.6,5.6,0.0,23.3,23.3,0.0,3.9,3.9,0.0,3.5,3.5,0.0,15.2,15.2,0.0,2.8,2.8,0.0,11.0,11.0,0.0,22.2,22.2,0.0,21.1,21.1,0.0,6.5,6.5,0.0,24.6,24.6,0.0,8.1,8.1,0.0,96.1,96.1,0.0,96.5,96.5,0.0,100.0,100.0,100.0,474755,474755,0,451204,451204,0,2019-10-15T00:00:00.000,526266,526266,0,172436,172436,0,138258,138258,0,2054443,2054443,0,2062016,2062016,0,54,54,0,52,52,0,67,67,0,74,74,0,45,45,0,89,89,0,60,60,0,61,61,0,21,21,0,21,21,0,33,33,0,354,354,0,302,302,0,293,293,0,2019 Report Week 41
088,088691,CMX,NYC,N20,4330,-4321,4836,1030,53,18141,-783,1763,5099,-596,-641,1738,8865,2487,17111,18088,GOLD,NATURAL RESOURCES,GOLD,PRECIOUS METALS,20.4,20.4,0.0,28.2,28.2,0.0,31.5,31.5,0.0,45.4,45.4,0.0,20.3,20.3,0.0,25.8,25.8,0.0,28.7,28.7,0.0,41.8,41.8,0.0,GOLD,(CONTRACTS OF 100 TROY OUNCES),FutOnly,191022088691F,218317,218317,0,33879,33879,0,31364,31364,0,GOLD - COMMODITY EXCHANGE INC.,64093,64093,0,27868,27868,0,625528,625528,0,104600,104600,0,29906,29906,0,35825,35825,0,34.9,34.9,0.0,5.4,5.4,0.0,5.0,5.0,0.0,10.2,10.2,0.0,4.5,4.5,0.0,16.7,16.7,0.0,4.8,4.8,0.0,5.7,5.7,0.0,3.5,3.5,0.0,26.8,26.8,0.0,19.1,19.1,0.0,43.1,43.1,0.0,4.7,4.7,0.0,89.8,89.8,0.0,95.5,95.5,0.0,100.0,100.0,100.0,22191,22191,0,167457,167457,0,2019-10-22T00:00:00.000,269747,269747,0,29482,29482,0,119656,119656,0,561435,561435,0,597660,597660,0,85,85,0,35,35,0,42,42,0,111,111,0,46,46,0,39,39,0,16,16,0,23,23,0,22,22,0,23,23,0,23,23,0,357,357,0,278,278,0,189,189,0,2019 Report Week 42
085,085692,CMX,NYC,N25,3421,-5168,-1358,859,1603,-6014,-2060,847,-3126,-1831,1176,-1666,265,-253,-6873,-7617,COPPER,NATURAL RESOURCES,COPPER,BASE METALS,16.3,16.3,0.0,27.6,27.6,0.0,29.1,29.1,0.0,45.3,45.3,0.0,13.6,13.6,0.0,24.3,24.3,0.0,22.9,22.9,0.0,37.4,37.4,0.0,COPPER- #1,"(CONTRACTS OF 25,000 POUNDS)",FutOnly,191022085692F,43533,43533,0,88425,88425,0,44984,44984,0,COPPER-GRADE #1 - COMMODITY EXCHANGE INC.,17047,17047,0,16314,16314,0,251164,251164,0,25211,25211,0,21892,21892,0,13739,13739,0,17.3,17.3,0.0,35.2,35.2,0.0,17.9,17.9,0.0,6.8,6.8,0.0,6.5,6.5,0.0,10.0,10.0,0.0,8.7,8.7,0.0,5.5,5.5,0.0,21.4,21.4,0.0,22.7,22.7,0.0,18.7,18.7,0.0,1.1,1.1,0.0,2.4,2.4,0.0,93.2,93.2,0.0,93.5,93.5,0.0,100.0,100.0,100.0,53832,53832,0,57083,57083,0,2019-10-22T00:00:00.000,2754,2754,0,5973,5973,0,46845,46845,0,234117,234117,0,234850,234850,0,65,65,0,53,53,0,49,49,0,52,52,0,47,47,0,42,42,0,36,36,0,40,40,0,21,21,0,6,6,0,14,14,0,305,305,0,234,234,0,204,204,0,2019 Report Week 42
067,067651,NYME,NYC,N10,18752,9362,-29256,-6969,-194,-55427,-6207,-6105,-7505,-11456,-20047,-2112,8992,-10674,-48458,-55233,CRUDE OIL,NATURAL RESOURCES,CRUDE OIL,PETROLEUM AND PRODUCTS,21.0,21.0,0.0,20.9,20.9,0.0,33.6,33.6,0.0,32.9,32.9,0.0,12.8,12.8,0.0,15.7,15.7,0.0,19.0,19.0,0.0,23.0,23.0,0.0,WTI-PHYSICAL,"(CONTRACTS OF 1,000 BARRELS)",FutOnly,191022067651F,229935,229935,0,130083,130083,0,467771,467771,0,"CRUDE OIL, LIGHT SWEET - NEW YORK MERCANTILE EXCHANGE",75305,75305,0,74507,74507,0,2081290,2081290,0,319016,319016,0,52696,52696,0,228056,228056,0,11.0,11.0,0.0,6.3,6.3,0.0,22.5,22.5,0.0,3.6,3.6,0.0,3.6,3.6,0.0,15.3,15.3,0.0,2.5,2.5,0.0,11.0,11.0,0.0,22.3,22.3,0.0,20.7,20.7,0.0,6.5,6.5,0.0,25.7,25.7,0.0,7.8,7.8,0.0,96.4,96.4,0.0,96.4,96.4,0.0,100.0,100.0,100.0,463299,463299,0,431157,431157,0,2019-10-22T00:00:00.000,535258,535258,0,161762,161762,0,136146,136146,0,2005985,2005985,0,2006783,2006783,0,58,58,0,47,47,0,69,69,0,69,69,0,53,53,0,85,85,0,56,56,0,61,61,0,23,23,0,21,21,0,34,34,0,354,354,0,299,299,0,291,291,0,2019 Report Week 42
067,067651,NYME,NYC,N10,-2706,-14307,-14190,2829,2797,-35376,5997,423,-12197,-13168,-5158,1408,10605,-3349,-38205,-38173,CRUDE OIL,NATURAL RESOURCES,CRUDE OIL,PETROLEUM AND PRODUCTS,21.4,21.4,0.0,20.7,20.7,0.0,34.1,34.1,0.0,33.3,33.3,0.0,13.4,13.4,0.0,15.9,15.9,0.0,19.5,19.5,0.0,23.3,23.3,0.0,WTI-PHYSICAL,"(CONTRACTS OF 1,000 BARRELS)",FutOnly,191029067651F,227229,227229,0,115776,115776,0,453581,453581,0,"CRUDE OIL, LIGHT SWEET - NEW YORK MERCANTILE EXCHANGE",78134,78134,0,77304,77304,0,2045914,2045914,0,325013,325013,0,53119,53119,0,215859,215859,0,11.1,11.1,0.0,5.7,5.7,0.0,22.2,22.2,0.0,3.8,3.8,0.0,3.8,3.8,0.0,15.9,15.9,0.0,2.6,2.6,0.0,10.6,10.6,0.0,22.0,22.0,0.0,20.8,20.8,0.0,6.7,6.7,0.0,26.7,26.7,0.0,7.7,7.7,0.0,96.2,96.2,0.0,96.2,96.2,0.0,100.0,100.0,100.0,450131,450131,0,425999,425999,0,2019-10-29T00:00:00.000,545863,545863,0,158413,158413,0,137554,137554,0,1967780,1967780,0,1968610,1968610,0,56,56,0,49,49,0,72,72,0,66,66,0,60,60,0,85,85,0,58,58,0,60,60,0,21,21,0,21,21,0,32,32,0,356,356,0,297,297,0,297,297,0,2019 Report Week 43
088,088691,CMX,NYC,N20,12347,-1773,949,1524,13048,17914,159,-3104,-2733,-55,-5746,3338,14888,2385,16390,4866,GOLD,NATURAL RESOURCES,GOLD,PRECIOUS METALS,20.6,20.6,0.0,31.6,31.6,0.0,31.9,31.9,0.0,47.4,47.4,0.0,20.4,20.4,0.0,28.7,28.7,0.0,29.0,29.0,0.0,43.6,43.6,0.0,GOLD,(CONTRACTS OF 100 TROY OUNCES),FutOnly,191029088691F,230664,230664,0,32106,32106,0,32313,32313,0,GOLD - COMMODITY EXCHANGE INC.,65617,65617,0,40916,40916,0,643442,643442,0,104759,104759,0,26802,26802,0,33092,33092,0,35.8,35.8,0.0,5.0,5.0,0.0,5.0,5.0,0.0,10.2,10.2,0.0,6.4,6.4,0.0,16.3,16.3,0.0,4.2,4.2,0.0,5.1,5.1,0.0,3.4,3.4,0.0,25.1,25.1,0.0,19.1,19.1,0.0,44.2,44.2,0.0,5.0,5.0,0.0,89.8,89.8,0.0,93.6,93.6,0.0,100.0,100.0,100.0,22136,22136,0,161711,161711,0,2019-10-29T00:00:00.000,284635,284635,0,31867,31867,0,122994,122994,0,577825,577825,0,602526,602526,0,93,93,0,30,30,0,41,41,0,112,112,0,45,45,0,34,34,0,19,19,0,23,23,0,20,20,0,22,22,0,23,23,0,360,360,0,284,284,0,182,182,0,2019 Report Week 43
085,085692,CMX,NYC,N25,10860,-12120,-1342,-85,-483,-4912,-2790,3842,-744,-13842,3404,1046,546,1985,-4827,-4429,COPPER,NATURAL RESOURCES,COPPER,BASE METALS,15.6,15.6,0.0,27.3,27.3,0.0,26.7,26.7,0.0,44.5,44.5,0.0,14.1,14.1,0.0,23.5,23.5,0.0,22.3,22.3,0.0,36.6,36.6,0.0,COPPER- #1,"(CONTRACTS OF 25,000 POUNDS)",FutOnly,191029085692F,54393,54393,0,76305,76305,0,43642,43642,0,COPPER-GRADE #1 - COMMODITY EXCHANGE INC.,16962,16962,0,15831,15831,0,246252,246252,0,22421,22421,0,25734,25734,0,12995,12995,0,22.1,22.1,0.0,31.0,31.0,0.0,17.7,17.7,0.0,6.9,6.9,0.0,6.4,6.4,0.0,9.1,9.1,0.0,10.5,10.5,0.0,5.3,5.3,0.0,16.2,16.2,0.0,24.6,24.6,0.0,19.4,19.4,0.0,1.3,1.3,0.0,3.2,3.2,0.0,93.1,93.1,0.0,93.6,93.6,0.0,100.0,100.0,100.0,39990,39990,0,60487,60487,0,2019-10-29T00:00:00.000,3300,3300,0,7958,7958,0,47891,47891,0,229290,229290,0,230421,230421,0,67,67,0,48,48,0,48,48,0,44,44,0,55,55,0,41,41,0,33,33,0,41,41,0,22,22,0,6,6,0,15,15,0,301,301,0,226,226,0,206,206,0,2019 Report Week 43
085,085692,CMX,NYC,N25,5793,3349,-4667,1011,-920,-7105,-955,-425,523,-9308,-5854,64,455,434,-8116,-6185,COPPER,NATURAL RESOURCES,COPPER,BASE METALS,16.0,16.0,0.0,27.7,27.7,0.0,26.4,26.4,0.0,44.0,44.0,0.0,14.7,14.7,0.0,23.6,23.6,0.0,23.1,23.1,0.0,36.8,36.8,0.0,COPPER- #1,"(CONTRACTS OF 25,000 POUNDS)",FutOnly,191105085692F,60186,60186,0,79654,79654,0,38975,38975,0,COPPER-GRADE #1 - COMMODITY EXCHANGE INC.,17973,17973,0,14911,14911,0,239147,239147,0,21466,21466,0,25309,25309,0,13518,13518,0,25.2,25.2,0.0,33.3,33.3,0.0,16.3,16.3,0.0,7.5,7.5,0.0,6.2,6.2,0.0,9.0,9.0,0.0,10.6,10.6,0.0,5.7,5.7,0.0,12.8,12.8,0.0,22.8,22.8,0.0,20.1,20.1,0.0,1.6,1.6,0.0,3.5,3.5,0.0,92.5,92.5,0.0,93.8,93.8,0.0,100.0,100.0,100.0,30682,30682,0,54633,54633,0,2019-11-05T00:00:00.000,3755,3755,0,8392,8392,0,47955,47955,0,221174,221174,0,224236,224236,0,71,71,0,51,51,0,47,47,0,42,42,0,50,50,0,45,45,0,33,33,0,37,37,0,22,22,0,7,7,0,14,14,0,301,301,0,229,229,0,204,204,0,2019 Report Week 44
088,088691,CMX,NYC,N20,2503,3814,32993,-239,-12848,46739,6665,2041,126,-4281,-3716,3371,18728,5601,46978,59587,GOLD,NATURAL RESOURCES,GOLD,PRECIOUS METALS,20.8,20.8,0.0,28.3,28.3,0.0,32.3,32.3,0.0,44.4,44.4,0.0,19.2,19.2,0.0,26.4,26.4,0.0,27.2,27.2,0.0,40.8,40.8,0.0,GOLD,(CONTRACTS OF 100 TROY OUNCES),FutOnly,191105088691F,233167,233167,0,35920,35920,0,65306,65306,0,GOLD - COMMODITY EXCHANGE INC.,65378,65378,0,28068,28068,0,690181,690181,0,111424,111424,0,28843,28843,0,33218,33218,0,33.8,33.8,0.0,5.2,5.2,0.0,9.5,9.5,0.0,9.5,9.5,0.0,4.1,4.1,0.0,16.1,16.1,0.0,4.2,4.2,0.0,4.8,4.8,0.0,2.6,2.6,0.0,22.9,22.9,0.0,18.3,18.3,0.0,44.0,44.0,0.0,5.4,5.4,0.0,90.5,90.5,0.0,95.9,95.9,0.0,100.0,100.0,100.0,17855,17855,0,157995,157995,0,2019-11-05T00:00:00.000,303363,303363,0,37468,37468,0,126365,126365,0,624803,624803,0,662113,662113,0,91,91,0,38,38,0,43,43,0,111,111,0,45,45,0,38,38,0,18,18,0,22,22,0,22,22,0,24,24,0,26,26,0,373,373,0,290,290,0,196,196,0,2019 Report Week 44
067,067651,NYME,NYC,N10,9335,-9414,19756,4983,6007,37979,3449,-595,7661,-584,6776,-205,14204,-6416,32996,31972,CRUDE OIL,NATURAL RESOURCES,CRUDE OIL,PETROLEUM AND PRODUCTS,21.5,21.5,0.0,20.4,20.4,0.0,34.1,34.1,0.0,33.2,33.2,0.0,13.7,13.7,0.0,15.9,15.9,0.0,19.4,19.4,0.0,23.0,23.0,0.0,WTI-PHYSICAL,"(CONTRACTS OF 1,000 BARRELS)",FutOnly,191105067651F,236564,236564,0,106362,106362,0,473337,473337,0,"CRUDE OIL, LIGHT SWEET - NEW YORK MERCANTILE EXCHANGE",83117,83117,0,83311,83311,0,2083893,2083893,0,328462,328462,0,52524,52524,0,223520,223520,0,11.4,11.4,0.0,5.1,5.1,0.0,22.7,22.7,0.0,4.0,4.0,0.0,4.0,4.0,0.0,15.8,15.8,0.0,2.5,2.5,0.0,10.7,10.7,0.0,21.6,21.6,0.0,20.8,20.8,0.0,6.6,6.6,0.0,26.9,26.9,0.0,7.3,7.3,0.0,96.0,96.0,0.0,96.0,96.0,0.0,100.0,100.0,100.0,449547,449547,0,432775,432775,0,2019-11-05T00:00:00.000,560067,560067,0,151997,151997,0,137349,137349,0,2000776,2000776,0,2000582,2000582,0,60,60,0,44,44,0,71,71,0,61,61,0,55,55,0,82,82,0,59,59,0,62,62,0,19,19,0,24,24,0,35,35,0,348,348,0,293,293,0,293,293,0,2019 Report Week 44
085,085692,CMX,NYC,N25,-7311,-3654,-474,2965,1027,683,-1038,-1719,2260,4074,4328,872,-420,-665,-2282,-344,COPPER,NATURAL RESOURCES,COPPER,BASE METALS,16.3,16.3,0.0,27.4,27.4,0.0,27.5,27.5,0.0,42.9,42.9,0.0,14.9,14.9,0.0,23.3,23.3,0.0,22.8,22.8,0.0,35.1,35.1,0.0,COPPER- #1,"(CONTRACTS OF 25,000 POUNDS)",FutOnly,191112085692F,52875,52875,0,76000,76000,0,38501,38501,0,COPPER-GRADE #1 - COMMODITY EXCHANGE INC.,20938,20938,0,15938,15938,0,239830,239830,0,20428,20428,0,23590,23590,0,15778,15778,0,22.0,22.0,0.0,31.7,31.7,0.0,16.1,16.1,0.0,8.7,8.7,0.0,6.6,6.6,0.0,8.5,8.5,0.0,9.8,9.8,0.0,6.6,6.6,0.0,14.5,14.5,0.0,24.6,24.6,0.0,20.4,20.4,0.0,1.4,1.4,0.0,3.2,3.2,0.0,91.3,91.3,0.0,93.4,93.4,0.0,100.0,100.0,100.0,34756,34756,0,58961,58961,0,2019-11-12T00:00:00.000,3335,3335,0,7727,7727,0,48827,48827,0,218892,218892,0,223892,223892,0,59,59,0,49,49,0,42,42,0,45,45,0,48,48,0,47,47,0,31,31,0,34,34,0,23,23,0,6,6,0,16,16,0,289,289,0,220,220,0,197,197,0,2019 Report Week 45
088,088691,CMX,NYC,N20,-23735,-1929,9992,2343,5251,18282,2333,-6711,-1030,24119,6550,-2727,-828,6987,15939,13031,GOLD,NATURAL RESOURCES,GOLD,PRECIOUS METALS,23.3,23.3,0.0,27.2,27.2,0.0,34.4,34.4,0.0,43.0,43.0,0.0,18.1,18.1,0.0,24.5,24.5,0.0,25.9,25.9,0.0,38.6,38.6,0.0,GOLD,(CONTRACTS OF 100 TROY OUNCES),FutOnly,191112088691F,209432,209432,0,33991,33991,0,75298,75298,0,GOLD - COMMODITY EXCHANGE INC.,67721,67721,0,33319,33319,0,708463,708463,0,113757,113757,0,22132,22132,0,32188,32188,0,29.6,29.6,0.0,4.8,4.8,0.0,10.6,10.6,0.0,9.6,9.6,0.0,4.7,4.7,0.0,16.1,16.1,0.0,3.1,3.1,0.0,4.5,4.5,0.0,5.9,5.9,0.0,23.2,23.2,0.0,17.5,17.5,0.0,42.7,42.7,0.0,6.3,6.3,0.0,90.4,90.4,0.0,95.3,95.3,0.0,100.0,100.0,100.0,41974,41974,0,164545,164545,0,2019-11-12T00:00:00.000,302535,302535,0,44455,44455,0,123638,123638,0,640742,640742,0,675144,675144,0,81,81,0,40,40,0,40,40,0,106,106,0,34,34,0,42,42,0,17,17,0,20,20,0,20,20,0,23,23,0,25,25,0,342,342,0,272,272,0,183,183,0,2019 Report Week 45
067,067651,NYME,NYC,N10,-9922,-43239,38470,-5774,-6122,67606,-16022,-1162,28335,15331,45291,-735,-11890,17923,73380,73728,CRUDE OIL,NATURAL RESOURCES,CRUDE OIL,PETROLEUM AND PRODUCTS,21.5,21.5,0.0,20.3,20.3,0.0,34.4,34.4,0.0,33.1,33.1,0.0,12.8,12.8,0.0,15.7,15.7,0.0,18.2,18.2,0.0,22.4,22.4,0.0,WTI-PHYSICAL,"(CONTRACTS OF 1,000 BARRELS)",FutOnly,191112067651F,226642,226642,0,63123,63123,0,511807,511807,0,"CRUDE OIL, LIGHT SWEET - NEW YORK MERCANTILE EXCHANGE",77343,77343,0,77189,77189,0,2151499,2151499,0,312440,312440,0,51362,51362,0,251855,251855,0,10.5,10.5,0.0,2.9,2.9,0.0,23.8,23.8,0.0,3.6,3.6,0.0,3.6,3.6,0.0,14.5,14.5,0.0,2.4,2.4,0.0,11.7,11.7,0.0,21.6,21.6,0.0,22.2,22.2,0.0,6.3,6.3,0.0,25.5,25.5,0.0,7.9,7.9,0.0,96.4,96.4,0.0,96.4,96.4,0.0,100.0,100.0,100.0,464878,464878,0,478066,478066,0,2019-11-12T00:00:00.000,548177,548177,0,169920,169920,0,136614,136614,0,2074156,2074156,0,2074310,2074310,0,60,60,0,40,40,0,68,68,0,59,59,0,59,59,0,82,82,0,57,57,0,64,64,0,20,20,0,24,24,0,37,37,0,345,345,0,293,293,0,290,290,0,2019 Report Week 45
085,085692,CMX,NYC,N25,-10016,2014,987,-1939,509,-10869,460,-2751,-2698,5106,-7368,-1751,-544,-1018,-8930,-11378,COPPER,NATURAL RESOURCES,COPPER,BASE METALS,17.1,17.1,0.0,28.7,28.7,0.0,29.5,29.5,0.0,43.7,43.7,0.0,15.9,15.9,0.0,23.8,23.8,0.0,25.1,25.1,0.0,34.3,34.3,0.0,COPPER- #1,"(CONTRACTS OF 25,000 POUNDS)",FutOnly,191119085692F,42859,42859,0,78014,78014,0,39488,39488,0,COPPER-GRADE #1 - COMMODITY EXCHANGE INC.,18999,18999,0,16447,16447,0,228961,228961,0,20888,20888,0,20839,20839,0,13080,13080,0,18.7,18.7,0.0,34.1,34.1,0.0,17.2,17.2,0.0,8.3,8.3,0.0,7.2,7.2,0.0,9.1,9.1,0.0,9.1,9.1,0.0,5.7,5.7,0.0,17.4,17.4,0.0,22.5,22.5,0.0,20.6,20.6,0.0,1.2,1.2,0.0,2.9,2.9,0.0,91.7,91.7,0.0,92.8,92.8,0.0,100.0,100.0,100.0,39862,39862,0,51593,51593,0,2019-11-19T00:00:00.000,2791,2791,0,6709,6709,0,47076,47076,0,209962,209962,0,212514,212514,0,59,59,0,51,51,0,47,47,0,46,46,0,44,44,0,38,38,0,30,30,0,33,33,0,21,21,0,7,7,0,15,15,0,279,279,0,217,217,0,185,185,0,2019 Report Week 46
088,088691,CMX,NYC,N20,12363,-7395,3792,-2168,-1002,10748,1744,2709,-1542,-3139,1528,-1272,11688,970,12916,11750,GOLD,NATURAL RESOURCES,GOLD,PRECIOUS METALS,24.2,24.2,0.0,28.2,28.2,0.0,36.0,36.0,0.0,44.3,44.3,0.0,18.5,18.5,0.0,25.2,25.2,0.0,26.3,26.3,0.0,39.4,39.4,0.0,GOLD,(CONTRACTS OF 100 TROY OUNCES),FutOnly,191119088691F,221795,221795,0,26596,26596,0,79090,79090,0,GOLD - COMMODITY EXCHANGE INC.,65553,65553,0,32317,32317,0,719211,719211,0,115501,115501,0,24841,24841,0,30646,30646,0,30.8,30.8,0.0,3.7,3.7,0.0,11.0,11.0,0.0,9.1,9.1,0.0,4.5,4.5,0.0,16.1,16.1,0.0,3.5,3.5,0.0,4.3,4.3,0.0,5.4,5.4,0.0,23.1,23.1,0.0,17.0,17.0,0.0,43.7,43.7,0.0,6.3,6.3,0.0,90.9,90.9,0.0,95.5,95.5,0.0,100.0,100.0,100.0,38835,38835,0,166073,166073,0,2019-11-19T00:00:00.000,314223,314223,0,45425,45425,0,122366,122366,0,653658,653658,0,686894,686894,0,94,94,0,26,26,0,38,38,0,109,109,0,29,29,0,39,39,0,19,19,0,22,22,0,19,19,0,25,25,0,27,27,0,342,342,0,284,284,0,171,171,0,2019 Report Week 46
067,067651,NYME,NYC,N10,-13204,12245,17953,9779,-1236,-27903,15542,-15285,-26545,-7034,-19881,-11747,17493,-12647,-37682,-26667,CRUDE OIL,NATURAL RESOURCES,CRUDE OIL,PETROLEUM AND PRODUCTS,22.3,22.3,0.0,21.8,21.8,0.0,35.4,35.4,0.0,34.9,34.9,0.0,13.1,13.1,0.0,16.3,16.3,0.0,18.7,18.7,0.0,23.5,23.5,0.0,WTI-PHYSICAL,"(CONTRACTS OF 1,000 BARRELS)",FutOnly,191119067651F,213438,213438,0,75368,75368,0,529760,529760,0,"CRUDE OIL, LIGHT SWEET - NEW YORK MERCANTILE EXCHANGE",87122,87122,0,75953,75953,0,2123596,2123596,0,327982,327982,0,36077,36077,0,225310,225310,0,10.1,10.1,0.0,3.5,3.5,0.0,24.9,24.9,0.0,4.1,4.1,0.0,3.6,3.6,0.0,15.4,15.4,0.0,1.7,1.7,0.0,10.6,10.6,0.0,21.6,21.6,0.0,21.6,21.6,0.0,5.9,5.9,0.0,26.6,26.6,0.0,7.4,7.4,0.0,95.9,95.9,0.0,96.4,96.4,0.0,100.0,100.0,100.0,457844,457844,0,458185,458185,0,2019-11-19T00:00:00.000,565670,565670,0,157273,157273,0,124867,124867,0,2036474,2036474,0,2047643,2047643,0,54,54,0,52,52,0,73,73,0,64,64,0,44,44,0,74,74,0,60,60,0,65,65,0,21,21,0,22,22,0,36,36,0,343,343,0,290,290,0,288,288,0,2019 Report Week 46
085,085692,CMX,NYC,N25,-735,1932,-10778,-3318,-2690,-16384,-1846,-1057,-1139,1801,-2111,463,291,-832,-13066,-13694,COPPER,NATURAL RESOURCES,COPPER,BASE METALS,18.2,18.2,0.0,30.4,30.4,0.0,29.7,29.7,0.0,45.5,45.5,0.0,17.5,17.5,0.0,25.7,25.7,0.0,27.6,27.6,0.0,36.6,36.6,0.0,COPPER- #1,"(CONTRACTS OF 25,000 POUNDS)",FutOnly,191126085692F,42124,42124,0,79946,79946,0,28710,28710,0,COPPER-GRADE #1 - COMMODITY EXCHANGE INC.,15681,15681,0,13757,13757,0,212577,212577,0,19042,19042,0,19782,19782,0,11941,11941,0,19.8,19.8,0.0,37.6,37.6,0.0,13.5,13.5,0.0,7.4,7.4,0.0,6.5,6.5,0.0,9.0,9.0,0.0,9.3,9.3,0.0,5.6,5.6,0.0,19.6,19.6,0.0,23.3,23.3,0.0,22.4,22.4,0.0,1.4,1.4,0.0,2.8,2.8,0.0,92.6,92.6,0.0,93.5,93.5,0.0,100.0,100.0,100.0,41663,41663,0,49482,49482,0,2019-11-26T00:00:00.000,3082,3082,0,5877,5877,0,47539,47539,0,196896,196896,0,198820,198820,0,62,62,0,50,50,0,45,45,0,48,48,0,36,36,0,31,31,0,31,31,0,36,36,0,21,21,0,6,6,0,12,12,0,274,274,0,209,209,0,177,177,0,2019 Report Week 47
088,088691,CMX,NYC,N20,-3071,-2159,-24233,-6641,-7238,-49943,-8939,4374,8019,-14728,-20970,-1114,-8500,764,-43302,-42705,GOLD,NATURAL RESOURCES,GOLD,PRECIOUS METALS,23.7,23.7,0.0,28.1,28.1,0.0,34.2,34.2,0.0,44.0,44.0,0.0,19.4,19.4,0.0,27.1,27.1,0.0,27.8,27.8,0.0,41.2,41.2,0.0,GOLD,(CONTRACTS OF 100 TROY OUNCES),FutOnly,191126088691F,218724,218724,0,24437,24437,0,54857,54857,0,GOLD - COMMODITY EXCHANGE INC.,58912,58912,0,25079,25079,0,669268,669268,0,106562,106562,0,29215,29215,0,38665,38665,0,32.7,32.7,0.0,3.7,3.7,0.0,8.2,8.2,0.0,8.8,8.8,0.0,3.7,3.7,0.0,15.9,15.9,0.0,4.4,4.4,0.0,5.8,5.8,0.0,3.6,3.6,0.0,21.7,21.7,0.0,18.1,18.1,0.0,45.7,45.7,0.0,6.9,6.9,0.0,91.2,91.2,0.0,96.3,96.3,0.0,100.0,100.0,100.0,24107,24107,0,145103,145103,0,2019-11-26T00:00:00.000,305723,305723,0,46189,46189,0,121252,121252,0,610356,610356,0,644189,644189,0,91,91,0,23,23,0,37,37,0,94,94,0,37,37,0,42,42,0,16,16,0,21,21,0,17,17,0,27,27,0,23,23,0,326,326,0,265,265,0,170,170,0,2019 Report Week 47
067,067651,NYME,NYC,N10,31530,-39587,33060,-4998,2331,63572,-19213,10943,12510,10804,28240,-943,15253,822,68570,61241,CRUDE OIL,NATURAL RESOURCES,CRUDE OIL,PETROLEUM AND PRODUCTS,22.3,22.3,0.0,22.0,22.0,0.0,35.3,35.3,0.0,34.8,34.8,0.0,12.9,12.9,0.0,16.1,16.1,0.0,18.3,18.3,0.0,23.2,23.2,0.0,WTI-PHYSICAL,"(CONTRACTS OF 1,000 BARRELS)",FutOnly,191126067651F,244968,244968,0,35781,35781,0,562820,562820,0,"CRUDE OIL, LIGHT SWEET - NEW YORK MERCANTILE EXCHANGE",82124,82124,0,78284,78284,0,2187168,2187168,0,308769,308769,0,47020,47020,0,237820,237820,0,11.2,11.2,0.0,1.6,1.6,0.0,25.7,25.7,0.0,3.8,3.8,0.0,3.6,3.6,0.0,14.1,14.1,0.0,2.1,2.1,0.0,10.9,10.9,0.0,21.4,21.4,0.0,22.2,22.2,0.0,5.7,5.7,0.0,26.6,26.6,0.0,7.2,7.2,0.0,96.2,96.2,0.0,96.4,96.4,0.0,100.0,100.0,100.0,468648,468648,0,486425,486425,0,2019-11-26T00:00:00.000,580923,580923,0,158095,158095,0,123924,123924,0,2105044,2105044,0,2108884,2108884,0,69,69,0,40,40,0,75,75,0,55,55,0,56,56,0,80,80,0,55,55,0,60,60,0,21,21,0,26,26,0,37,37,0,352,352,0,296,296,0,293,293,0,2019 Report Week 47
085,085692,CMX,NYC,N25,-1632,6119,-3958,-148,-303,2847,4691,-3915,-170,3713,4493,-485,-255,836,2995,3150,COPPER,NATURAL RESOURCES,COPPER,BASE METALS,18.8,18.8,0.0,32.7,32.7,0.0,30.3,30.3,0.0,47.4,47.4,0.0,18.0,18.0,0.0,27.3,27.3,0.0,28.1,28.1,0.0,38.3,38.3,0.0,COPPER- #1,"(CONTRACTS OF 25,000 POUNDS)",FutOnly,191203085692F,40492,40492,0,86065,86065,0,24752,24752,0,COPPER-GRADE #1 - COMMODITY EXCHANGE INC.,15533,15533,0,13454,13454,0,215424,215424,0,23733,23733,0,15867,15867,0,11771,11771,0,18.8,18.8,0.0,40.0,40.0,0.0,11.5,11.5,0.0,7.2,7.2,0.0,6.2,6.2,0.0,11.0,11.0,0.0,7.4,7.4,0.0,5.5,5.5,0.0,21.1,21.1,0.0,25.1,25.1,0.0,21.8,21.8,0.0,1.3,1.3,0.0,3.1,3.1,0.0,92.8,92.8,0.0,93.8,93.8,0.0,100.0,100.0,100.0,45376,45376,0,53975,53975,0,2019-12-03T00:00:00.000,2827,2827,0,6713,6713,0,47054,47054,0,199891,199891,0,201970,201970,0,60,60,0,57,57,0,45,45,0,59,59,0,33,33,0,31,31,0,31,31,0,33,33,0,21,21,0,4,4,0,12,12,0,281,281,0,219,219,0,171,171,0,2019 Report Week 48
088,088691,CMX,NYC,N20,13552,-123,10823,-2232,-481,31748,7687,2291,-10454,1193,9008,1166,10671,10013,33980,32229,GOLD,NATURAL RESOURCES,GOLD,PRECIOUS METALS,25.3,25.3,0.0,28.7,28.7,0.0,35.7,35.7,0.0,45.8,45.8,0.0,18.6,18.6,0.0,26.5,26.5,0.0,27.0,27.0,0.0,40.6,40.6,0.0,GOLD,(CONTRACTS OF 100 TROY OUNCES),FutOnly,191203088691F,232276,232276,0,24314,24314,0,65680,65680,0,GOLD - COMMODITY EXCHANGE INC.,56680,56680,0,24598,24598,0,701016,701016,0,114249,114249,0,31506,31506,0,28211,28211,0,33.1,33.1,0.0,3.5,3.5,0.0,9.4,9.4,0.0,8.1,8.1,0.0,3.5,3.5,0.0,16.3,16.3,0.0,4.5,4.5,0.0,4.0,4.0,0.0,3.6,3.6,0.0,22.0,22.0,0.0,17.5,17.5,0.0,45.1,45.1,0.0,8.0,8.0,0.0,91.9,91.9,0.0,96.5,96.5,0.0,100.0,100.0,100.0,25300,25300,0,154111,154111,0,2019-12-03T00:00:00.000,316394,316394,0,56202,56202,0,122418,122418,0,644336,644336,0,676418,676418,0,104,104,0,18,18,0,34,34,0,101,101,0,34,34,0,40,40,0,16,16,0,22,22,0,19,19,0,24,24,0,22,22,0,338,338,0,280,280,0,158,158,0,2019 Report Week 48
067,067651,NYME,NYC,N10,-30798,27200,-5347,1289,-4546,-23411,8181,-6916,-15522,4097,-2867,6943,-23159,7746,-24700,-18865,CRUDE OIL,NATURAL RESOURCES,CRUDE OIL,PETROLEUM AND PRODUCTS,22.5,22.5,0.0,21.7,21.7,0.0,35.4,35.4,0.0,34.3,34.3,0.0,13.1,13.1,0.0,16.0,16.0,0.0,18.6,18.6,0.0,22.8,22.8,0.0,WTI-PHYSICAL,"(CONTRACTS OF 1,000 BARRELS)",FutOnly,191203067651F,214170,214170,0,62981,62981,0,557473,557473,0,"CRUDE OIL, LIGHT SWEET - NEW YORK MERCANTILE EXCHANGE",83413,83413,0,73738,73738,0,2163757,2163757,0,316950,316950,0,40104,40104,0,222298,222298,0,9.9,9.9,0.0,2.9,2.9,0.0,25.8,25.8,0.0,3.9,3.9,0.0,3.4,3.4,0.0,14.6,14.6,0.0,1.9,1.9,0.0,10.3,10.3,0.0,21.8,21.8,0.0,22.3,22.3,0.0,6.0,6.0,0.0,25.8,25.8,0.0,7.7,7.7,0.0,96.1,96.1,0.0,96.6,96.6,0.0,100.0,100.0,100.0,472745,472745,0,483558,483558,0,2019-12-03T00:00:00.000,557764,557764,0,165841,165841,0,130867,130867,0,2080344,2080344,0,2090019,2090019,0,58,58,0,46,46,0,77,77,0,62,62,0,53,53,0,79,79,0,61,61,0,61,61,0,24,24,0,23,23,0,38,38,0,353,353,0,300,300,0,296,296,0,2019 Report Week 48
085,085692,CMX,NYC,N25,17890,-12718,2295,552,1585,11563,-2884,7165,2940,-6950,9044,-2200,1332,-80,11011,9978,COPPER,NATURAL RESOURCES,COPPER,BASE METALS,17.0,17.0,0.0,32.6,32.6,0.0,28.1,28.1,0.0,46.9,46.9,0.0,16.2,16.2,0.0,28.3,28.3,0.0,26.2,26.2,0.0,39.4,39.4,0.0,COPPER- #1,"(CONTRACTS OF 25,000 POUNDS)",FutOnly,191210085692F,58382,58382,0,73347,73347,0,27047,27047,0,COPPER-GRADE #1 - COMMODITY EXCHANGE INC.,16085,16085,0,15039,15039,0,226987,226987,0,20849,20849,0,23032,23032,0,14711,14711,0,25.7,25.7,0.0,32.3,32.3,0.0,11.9,11.9,0.0,7.1,7.1,0.0,6.6,6.6,0.0,9.2,9.2,0.0,10.1,10.1,0.0,6.5,6.5,0.0,16.9,16.9,0.0,27.8,27.8,0.0,19.8,19.8,0.0,1.8,1.8,0.0,2.9,2.9,0.0,92.9,92.9,0.0,93.4,93.4,0.0,100.0,100.0,100.0,38426,38426,0,63019,63019,0,2019-12-10T00:00:00.000,4159,4159,0,6633,6633,0,44854,44854,0,210902,210902,0,211948,211948,0,75,75,0,45,45,0,43,43,0,39,39,0,44,44,0,35,35,0,30,30,0,37,37,0,19,19,0,5,5,0,11,11,0,287,287,0,214,214,0,183,183,0,2019 Report Week 49
088,088691,CMX,NYC,N20,-19347,4967,4888,-629,90,-11013,1991,-2538,2630,-101,-6734,1682,-12189,-2127,-10384,-11103,GOLD,NATURAL RESOURCES,GOLD,PRECIOUS METALS,25.7,25.7,0.0,28.5,28.5,0.0,36.3,36.3,0.0,46.3,46.3,0.0,19.1,19.1,0.0,26.1,26.1,0.0,27.7,27.7,0.0,40.8,40.8,0.0,GOLD,(CONTRACTS OF 100 TROY OUNCES),FutOnly,191210088691F,212929,212929,0,29281,29281,0,70568,70568,0,GOLD - COMMODITY EXCHANGE INC.,56051,56051,0,24688,24688,0,690003,690003,0,116240,116240,0,28968,28968,0,30841,30841,0,30.9,30.9,0.0,4.2,4.2,0.0,10.2,10.2,0.0,8.1,8.1,0.0,3.6,3.6,0.0,16.8,16.8,0.0,4.2,4.2,0.0,4.5,4.5,0.0,3.7,3.7,0.0,21.4,21.4,0.0,18.0,18.0,0.0,44.1,44.1,0.0,7.8,7.8,0.0,91.9,91.9,0.0,96.4,96.4,0.0,100.0,100.0,100.0,25199,25199,0,147377,147377,0,2019-12-10T00:00:00.000,304205,304205,0,54075,54075,0,124100,124100,0,633952,633952,0,665315,665315,0,87,87,0,25,25,0,30,30,0,107,107,0,33,33,0,44,44,0,19,19,0,19,19,0,19,19,0,25,25,0,23,23,0,333,333,0,273,273,0,163,163,0,2019 Report Week 49
067,067651,NYME,NYC,N10,57789,-32039,-690,4840,8065,66056,-11693,10631,11639,21110,29986,-2990,52413,-13949,61216,57991,CRUDE OIL,NATURAL RESOURCES,CRUDE OIL,PETROLEUM AND PRODUCTS,22.0,22.0,0.0,22.3,22.3,0.0,34.4,34.4,0.0,34.5,34.5,0.0,12.7,12.7,0.0,16.2,16.2,0.0,18.2,18.2,0.0,23.5,23.5,0.0,WTI-PHYSICAL,"(CONTRACTS OF 1,000 BARRELS)",FutOnly,191210067651F,271959,271959,0,30942,30942,0,556783,556783,0,"CRUDE OIL, LIGHT SWEET - NEW YORK MERCANTILE EXCHANGE",88253,88253,0,81803,81803,0,2229813,2229813,0,305257,305257,0,50735,50735,0,233937,233937,0,12.2,12.2,0.0,1.4,1.4,0.0,25.0,25.0,0.0,4.0,4.0,0.0,3.7,3.7,0.0,13.7,13.7,0.0,2.3,2.3,0.0,10.5,10.5,0.0,22.1,22.1,0.0,23.0,23.0,0.0,5.7,5.7,0.0,27.4,27.4,0.0,6.8,6.8,0.0,96.0,96.0,0.0,96.3,96.3,0.0,100.0,100.0,100.0,493855,493855,0,513544,513544,0,2019-12-10T00:00:00.000,610177,610177,0,151892,151892,0,127877,127877,0,2141560,2141560,0,2148010,2148010,0,76,76,0,35,35,0,80,80,0,58,58,0,51,51,0,75,75,0,58,58,0,63,63,0,24,24,0,26,26,0,36,36,0,358,358,0,307,307,0,292,292,0,2019 Report Week 49
085,085692,CMX,NYC,N25,15496,-4885,7137,1762,-1458,32220,1077,4141,5815,-576,20168,1241,1034,268,30458,33678,COPPER,NATURAL RESOURCES,COPPER,BASE METALS,15.0,15.0,0.0,29.4,29.4,0.0,27.1,27.1,0.0,45.4,45.4,0.0,14.2,14.2,0.0,25.0,25.0,0.0,23.5,23.5,0.0,37.4,37.4,0.0,COPPER- #1,"(CONTRACTS OF 25,000 POUNDS)",FutOnly,191217085692F,73878,73878,0,68462,68462,0,34184,34184,0,COPPER-GRADE #1 - COMMODITY EXCHANGE INC.,17847,17847,0,13581,13581,0,259207,259207,0,21926,21926,0,27173,27173,0,20526,20526,0,28.5,28.5,0.0,26.4,26.4,0.0,13.2,13.2,0.0,6.9,6.9,0.0,5.2,5.2,0.0,8.5,8.5,0.0,10.5,10.5,0.0,7.9,7.9,0.0,14.6,14.6,0.0,32.1,32.1,0.0,17.8,17.8,0.0,2.0,2.0,0.0,2.7,2.7,0.0,93.1,93.1,0.0,94.8,94.8,0.0,100.0,100.0,100.0,37850,37850,0,83187,83187,0,2019-12-17T00:00:00.000,5193,5193,0,6901,6901,0,46095,46095,0,241360,241360,0,245626,245626,0,82,82,0,40,40,0,48,48,0,39,39,0,48,48,0,39,39,0,31,31,0,42,42,0,20,20,0,5,5,0,12,12,0,296,296,0,224,224,0,196,196,0,2019 Report Week 50
088,088691,CMX,NYC,N20,15687,-2386,6359,-154,-1135,26984,-363,2355,6397,-684,10481,-193,4978,-65,27138,28119,GOLD,NATURAL RESOURCES,GOLD,PRECIOUS METALS,25.3,25.3,0.0,28.3,28.3,0.0,35.4,35.4,0.0,46.2,46.2,0.0,18.5,18.5,0.0,26.2,26.2,0.0,26.5,26.5,0.0,40.6,40.6,0.0,GOLD,(CONTRACTS OF 100 TROY OUNCES),FutOnly,191217088691F,228616,228616,0,26895,26895,0,76927,76927,0,GOLD - COMMODITY EXCHANGE INC.,55897,55897,0,23553,23553,0,716987,716987,0,115877,115877,0,31323,31323,0,37238,37238,0,31.9,31.9,0.0,3.8,3.8,0.0,10.7,10.7,0.0,7.8,7.8,0.0,3.3,3.3,0.0,16.2,16.2,0.0,4.4,4.4,0.0,5.2,5.2,0.0,3.4,3.4,0.0,22.0,22.0,0.0,17.3,17.3,0.0,43.1,43.1,0.0,7.5,7.5,0.0,92.2,92.2,0.0,96.7,96.7,0.0,100.0,100.0,100.0,24515,24515,0,157858,157858,0,2019-12-17T00:00:00.000,309183,309183,0,54010,54010,0,123907,123907,0,661090,661090,0,693434,693434,0,100,100,0,26,26,0,28,28,0,110,110,0,36,36,0,44,44,0,18,18,0,23,23,0,20,20,0,26,26,0,23,23,0,354,354,0,290,290,0,167,167,0,2019 Report Week 50
067,067651,NYME,NYC,N10,38501,-5811,-57055,-305,559,-63229,-3604,-130,1194,-53963,-47857,5487,39355,6516,-62924,-63788,CRUDE OIL,NATURAL RESOURCES,CRUDE OIL,PETROLEUM AND PRODUCTS,21.6,21.6,0.0,22.3,22.3,0.0,34.2,34.2,0.0,35.1,35.1,0.0,13.1,13.1,0.0,17.6,17.6,0.0,18.8,18.8,0.0,25.3,25.3,0.0,WTI-PHYSICAL,"(CONTRACTS OF 1,000 BARRELS)",FutOnly,191217067651F,310460,310460,0,25131,25131,0,499728,499728,0,"CRUDE OIL, LIGHT SWEET - NEW YORK MERCANTILE EXCHANGE",87948,87948,0,82362,82362,0,2166584,2166584,0,301653,301653,0,50605,50605,0,235131,235131,0,14.3,14.3,0.0,1.2,1.2,0.0,23.1,23.1,0.0,4.1,4.1,0.0,3.8,3.8,0.0,13.9,13.9,0.0,2.3,2.3,0.0,10.9,10.9,0.0,20.3,20.3,0.0,21.5,21.5,0.0,6.2,6.2,0.0,30.0,30.0,0.0,7.3,7.3,0.0,95.9,95.9,0.0,96.2,96.2,0.0,100.0,100.0,100.0,439892,439892,0,465687,465687,0,2019-12-17T00:00:00.000,649532,649532,0,158408,158408,0,133364,133364,0,2078636,2078636,0,2084222,2084222,0,78,78,0,32,32,0,77,77,0,61,61,0,42,42,0,74,74,0,53,53,0,59,59,0,23,23,0,27,27,0,35,35,0,349,349,0,295,295,0,286,286,0,2019 Report Week 50
088,088691,CMX,NYC,N20,16750,-375,7019,3304,904,31750,3067,815,838,2428,6233,-1494,16478,-162,28446,30846,GOLD,NATURAL RESOURCES,GOLD,PRECIOUS METALS,24.7,24.7,0.0,28.9,28.9,0.0,34.7,34.7,0.0,46.4,46.4,0.0,17.9,17.9,0.0,26.5,26.5,0.0,25.3,25.3,0.0,40.3,40.3,0.0,GOLD,(CONTRACTS OF 100 TROY OUNCES),FutOnly,191224088691F,245366,245366,0,26520,26520,0,83946,83946,0,GOLD - COMMODITY EXCHANGE INC.,59201,59201,0,24457,24457,0,748737,748737,0,118944,118944,0,32138,32138,0,38076,38076,0,32.8,32.8,0.0,3.5,3.5,0.0,11.2,11.2,0.0,7.9,7.9,0.0,3.3,3.3,0.0,15.9,15.9,0.0,4.3,4.3,0.0,5.1,5.1,0.0,3.6,3.6,0.0,21.9,21.9,0.0,16.3,16.3,0.0,43.5,43.5,0.0,7.2,7.2,0.0,92.1,92.1,0.0,96.7,96.7,0.0,100.0,100.0,100.0,26943,26943,0,164091,164091,0,2019-12-24T00:00:00.000,325661,325661,0,53848,53848,0,122413,122413,0,689536,689536,0,724280,724280,0,111,111,0,20,20,0,33,33,0,115,115,0,40,40,0,47,47,0,19,19,0,21,21,0,19,19,0,26,26,0,24,24,0,369,369,0,308,308,0,173,173,0,2019 Report Week 51
085,085692,CMX,NYC,N25,3283,269,5108,-295,22,4692,-1094,-1378,-731,-2746,1431,1135,-61,32,4987,4670,COPPER,NATURAL RESOURCES,COPPER,BASE METALS,14.8,14.8,0.0,28.5,28.5,0.0,26.8,26.8,0.0,44.4,44.4,0.0,14.3,14.3,0.0,24.5,24.5,0.0,24.0,24.0,0.0,36.4,36.4,0.0,COPPER- #1,"(CONTRACTS OF 25,000 POUNDS)",FutOnly,191224085692F,77161,77161,0,68731,68731,0,39292,39292,0,COPPER-GRADE #1 - COMMODITY EXCHANGE INC.,17552,17552,0,13603,13603,0,263899,263899,0,20832,20832,0,25795,25795,0,19795,19795,0,29.2,29.2,0.0,26.0,26.0,0.0,14.9,14.9,0.0,6.7,6.7,0.0,5.2,5.2,0.0,7.9,7.9,0.0,9.8,9.8,0.0,7.5,7.5,0.0,13.3,13.3,0.0,32.1,32.1,0.0,17.9,17.9,0.0,1.9,1.9,0.0,2.6,2.6,0.0,93.3,93.3,0.0,94.8,94.8,0.0,100.0,100.0,100.0,35104,35104,0,84618,84618,0,2019-12-24T00:00:00.000,5132,5132,0,6933,6933,0,47230,47230,0,246347,246347,0,250296,250296,0,87,87,0,37,37,0,46,46,0,39,39,0,43,43,0,38,38,0,31,31,0,44,44,0,22,22,0,5,5,0,13,13,0,299,299,0,234,234,0,187,187,0,2019 Report Week 51
067,067651,NYME,NYC,N10,14532,6141,-6469,-4417,-7623,-51923,-1343,-6652,-8870,-40522,-48340,2566,27290,-7400,-47506,-44300,CRUDE OIL,NATURAL RESOURCES,CRUDE OIL,PETROLEUM AND PRODUCTS,22.3,22.3,0.0,23.5,23.5,0.0,34.8,34.8,0.0,36.8,36.8,0.0,13.2,13.2,0.0,18.3,18.3,0.0,20.2,20.2,0.0,26.6,26.6,0.0,WTI-PHYSICAL,"(CONTRACTS OF 1,000 BARRELS)",FutOnly,191224067651F,324992,324992,0,31272,31272,0,493259,493259,0,"CRUDE OIL, LIGHT SWEET - NEW YORK MERCANTILE EXCHANGE",83531,83531,0,74739,74739,0,2114661,2114661,0,300310,300310,0,43953,43953,0,226261,226261,0,15.4,15.4,0.0,1.5,1.5,0.0,23.3,23.3,0.0,4.0,4.0,0.0,3.5,3.5,0.0,14.2,14.2,0.0,2.1,2.1,0.0,10.7,10.7,0.0,18.9,18.9,0.0,19.7,19.7,0.0,6.4,6.4,0.0,32.0,32.0,0.0,7.1,7.1,0.0,96.0,96.0,0.0,96.5,96.5,0.0,100.0,100.0,100.0,399370,399370,0,417347,417347,0,2019-12-24T00:00:00.000,676822,676822,0,151008,151008,0,135930,135930,0,2031130,2031130,0,2039922,2039922,0,75,75,0,37,37,0,77,77,0,64,64,0,45,45,0,75,75,0,50,50,0,58,58,0,20,20,0,28,28,0,31,31,0,352,352,0,293,293,0,284,284,0,2019 Report Week 51
088,088691,CMX,NYC,N20,12991,-895,6374,1809,-2013,37429,4319,-4068,12215,-1513,7446,2073,19209,-839,35620,39442,GOLD,NATURAL RESOURCES,GOLD,PRECIOUS METALS,24.7,24.7,0.0,29.1,29.1,0.0,35.5,35.5,0.0,45.8,45.8,0.0,17.4,17.4,0.0,25.7,25.7,0.0,24.3,24.3,0.0,39.7,39.7,0.0,GOLD,(CONTRACTS OF 100 TROY OUNCES),FutOnly,191231088691F,258357,258357,0,25625,25625,0,90320,90320,0,GOLD - COMMODITY EXCHANGE INC.,61010,61010,0,22444,22444,0,786166,786166,0,123263,123263,0,28070,28070,0,50291,50291,0,32.9,32.9,0.0,3.3,3.3,0.0,11.5,11.5,0.0,7.8,7.8,0.0,2.9,2.9,0.0,15.7,15.7,0.0,3.6,3.6,0.0,6.4,6.4,0.0,3.2,3.2,0.0,21.8,21.8,0.0,15.8,15.8,0.0,43.9,43.9,0.0,6.7,6.7,0.0,92.2,92.2,0.0,97.1,97.1,0.0,100.0,100.0,100.0,25430,25430,0,171537,171537,0,2019-12-31T00:00:00.000,344870,344870,0,53009,53009,0,124486,124486,0,725156,725156,0,763722,763722,0,111,111,0,18,18,0,30,30,0,122,122,0,33,33,0,46,46,0,18,18,0,24,24,0,20,20,0,28,28,0,23,23,0,369,369,0,312,312,0,164,164,0,2019 Report Week 52
085,085692,CMX,NYC,N25,201,-668,3073,356,-1609,2992,389,-419,635,-1963,1562,-249,-132,550,2636,4601,COPPER,NATURAL RESOURCES,COPPER,BASE METALS,14.9,14.9,0.0,28.1,28.1,0.0,26.9,26.9,0.0,43.6,43.6,0.0,14.3,14.3,0.0,24.2,24.2,0.0,24.0,24.0,0.0,36.1,36.1,0.0,COPPER- #1,"(CONTRACTS OF 25,000 POUNDS)",FutOnly,191231085692F,77362,77362,0,68063,68063,0,42365,42365,0,COPPER-GRADE #1 - COMMODITY EXCHANGE INC.,17908,17908,0,11994,11994,0,266891,266891,0,21221,21221,0,25376,25376,0,20430,20430,0,29.0,29.0,0.0,25.5,25.5,0.0,15.9,15.9,0.0,6.7,6.7,0.0,4.5,4.5,0.0,8.0,8.0,0.0,9.5,9.5,0.0,7.7,7.7,0.0,12.4,12.4,0.0,32.3,32.3,0.0,17.6,17.6,0.0,1.9,1.9,0.0,2.8,2.8,0.0,93.3,93.3,0.0,95.5,95.5,0.0,100.0,100.0,100.0,33141,33141,0,86180,86180,0,2019-12-31T00:00:00.000,5000,5000,0,7483,7483,0,46981,46981,0,248983,248983,0,254897,254897,0,87,87,0,33,33,0,47,47,0,45,45,0,42,42,0,37,37,0,30,30,0,44,44,0,21,21,0,5,5,0,13,13,0,299,299,0,234,234,0,187,187,0,2019 Report Week 52
067,067651,NYME,NYC,N10,6370,-688,7824,736,-3250,30906,-4824,-2546,-1234,8444,14911,22,2321,13568,30170,34156,CRUDE OIL,NATURAL RESOURCES,CRUDE OIL,PETROLEUM AND PRODUCTS,22.6,22.6,0.0,24.3,24.3,0.0,35.3,35.3,0.0,37.8,37.8,0.0,13.0,13.0,0.0,18.0,18.0,0.0,20.0,20.0,0.0,26.3,26.3,0.0,WTI-PHYSICAL,"(CONTRACTS OF 1,000 BARRELS)",FutOnly,191231067651F,331362,331362,0,30584,30584,0,501083,501083,0,"CRUDE OIL, LIGHT SWEET - NEW YORK MERCANTILE EXCHANGE",84267,84267,0,71489,71489,0,2145567,2145567,0,295486,295486,0,41407,41407,0,225027,225027,0,15.4,15.4,0.0,1.4,1.4,0.0,23.4,23.4,0.0,3.9,3.9,0.0,3.3,3.3,0.0,13.8,13.8,0.0,1.9,1.9,0.0,10.5,10.5,0.0,19.0,19.0,0.0,20.1,20.1,0.0,6.3,6.3,0.0,31.7,31.7,0.0,7.7,7.7,0.0,96.1,96.1,0.0,96.7,96.7,0.0,100.0,100.0,100.0,407814,407814,0,432258,432258,0,2019-12-31T00:00:00.000,679143,679143,0,164576,164576,0,135952,135952,0,2061300,2061300,0,2074078,2074078,0,76,76,0,34,34,0,77,77,0,68,68,0,44,44,0,78,78,0,54,54,0,58,58,0,20,20,0,29,29,0,31,31,0,352,352,0,297,297,0,287,287,0,2019 Report Week 52
