cftc_commodity_code,cftc_contract_market_code,cftc_market_code,cftc_region_code,cftc_subgroup_code,change_in_m_money_long_all,change_in_m_money_short_all,change_in_m_money_spread,change_in_nonrept_long_all,change_in_nonrept_short_all,change_in_open_interest_all,change_in_other_rept_long,change_in_other_rept_short,change_in_other_rept_spread,change_in_prod_merc_long,change_in_prod_merc_short,change_in_swap_long_all,change_in_swap_short_all,change_in_swap_spread_all,change_in_tot_rept_long_all,change_in_tot_rept_short,commodity,commodity_group_name,commodity_name,commodity_subgroup_name,conc_gross_le_4_tdr_long,conc_gross_le_4_tdr_long_1,conc_gross_le_4_tdr_long_2,conc_gross_le_4_tdr_short,conc_gross_le_4_tdr_short_1,conc_gross_le_4_tdr_short_2,conc_gross_le_8_tdr_long,conc_gross_le_8_tdr_long_1,conc_gross_le_8_tdr_long_2,conc_gross_le_8_tdr_short,conc_gross_le_8_tdr_short_1,conc_gross_le_8_tdr_short_2,conc_net_le_4_tdr_long_all,conc_net_le_4_tdr_long_old,conc_net_le_4_tdr_long_other,conc_net_le_4_tdr_short_all,conc_net_le_4_tdr_short_old,conc_net_le_4_tdr_short_other,conc_net_le_8_tdr_long_all,conc_net_le_8_tdr_long_old,conc_net_le_8_tdr_long_other,conc_net_le_8_tdr_short_all,conc_net_le_8_tdr_short_old,conc_net_le_8_tdr_short_other,contract_market_name,contract_units,futonly_or_combined,id,m_money_positions_long_all,m_money_positions_long_old,m_money_positions_long_other,m_money_positions_short_all,m_money_positions_short_old,m_money_positions_short_other,m_money_positions_spread,m_money_positions_spread_1,m_money_positions_spread_2,market_and_exchange_names,nonrept_positions_long_all,nonrept_positions_long_old,nonrept_positions_long_other,nonrept_positions_short_all,nonrept_positions_short_old,nonrept_positions_short_other,open_interest_all,open_interest_old,open_interest_other,other_rept_positions_long,other_rept_positions_long_1,other_rept_positions_long_2,other_rept_positions_short,other_rept_positions_short_1,other_rept_positions_short_2,other_rept_positions_spread,other_rept_positions_spread_1,other_rept_positions_spread_2,pct_of_oi_m_money_long_all,pct_of_oi_m_money_long_old,pct_of_oi_m_money_long_other,pct_of_oi_m_money_short_all,pct_of_oi_m_money_short_old,pct_of_oi_m_money_short_other,pct_of_oi_m_money_spread,pct_of_oi_m_money_spread_1,pct_of_oi_m_money_spread_2,pct_of_oi_nonrept_long_all,pct_of_oi_nonrept_long_old,pct_of_oi_nonrept_long_other,pct_of_oi_nonrept_short_all,pct_of_oi_nonrept_short_old,pct_of_oi_nonrept_short_other,pct_of_oi_other_rept_long,pct_of_oi_other_rept_long_1,pct_of_oi_other_rept_long_2,pct_of_oi_other_rept_short,pct_of_oi_other_rept_short_1,pct_of_oi_other_rept_short_2,pct_of_oi_other_rept_spread,pct_of_oi_other_rept_spread_1,pct_of_oi_other_rept_spread_2,pct_of_oi_prod_merc_long,pct_of_oi_prod_merc_long_1,pct_of_oi_prod_merc_long_2,pct_of_oi_prod_merc_short,pct_of_oi_prod_merc_short_1,pct_of_oi_prod_merc_short_2,pct_of_oi_swap_long_all,pct_of_oi_swap_long_old,pct_of_oi_swap_long_other,pct_of_oi_swap_short_all,pct_of_oi_swap_short_old,pct_of_oi_swap_short_other,pct_of_oi_swap_spread_all,pct_of_oi_swap_spread_old,pct_of_oi_swap_spread_other,pct_of_oi_tot_rept_long_all,pct_of_oi_tot_rept_long_old,pct_of_oi_tot_rept_long_other,pct_of_oi_tot_rept_short,pct_of_oi_tot_rept_short_1,pct_of_oi_tot_rept_short_2,pct_of_open_interest_all,pct_of_open_interest_old,pct_of_open_interest_other,prod_merc_positions_long,prod_merc_positions_long_1,prod_merc_positions_long_2,prod_merc_positions_short,prod_merc_positions_short_1,prod_merc_positions_short_2,report_date_as_yyyy_mm_dd,swap__positions_short_all,swap__positions_short_old,swap__positions_short_other,swap__positions_spread_all,swap__positions_spread_old,swap__positions_spread_other,swap_positions_long_all,swap_positions_long_old,swap_positions_long_other,tot_rept_positions_long_all,tot_rept_positions_long_old,tot_rept_positions_long_other,tot_rept_positions_short,tot_rept_positions_short_1,tot_rept_positions_short_2,traders_m_money_long_all,traders_m_money_long_old,traders_m_money_long_other,traders_m_money_short_all,traders_m_money_short_old,traders_m_money_short_other,traders_m_money_spread_all,traders_m_money_spread_old,traders_m_money_spread_other,traders_other_rept_long_all,traders_other_rept_long_old,traders_other_rept_long_other,traders_other_rept_short,traders_other_rept_short_1,traders_other_rept_short_2,traders_other_rept_spread,traders_other_rept_spread_1,traders_other_rept_spread_2,traders_prod_merc_long_all,traders_prod_merc_long_old,traders_prod_merc_long_other,traders_prod_merc_short_all,traders_prod_merc_short_old,traders_prod_merc_short_other,traders_swap_long_all,traders_swap_long_old,traders_swap_long_other,traders_swap_short_all,traders_swap_short_old,traders_swap_short_other,traders_swap_spread_all,traders_swap_spread_old,traders_swap_spread_other,traders_tot_all,traders_tot_old,traders_tot_other,traders_tot_rept_long_all,traders_tot_rept_long_old,traders_tot_rept_long_other,traders_tot_rept_short_all,traders_tot_rept_short_old,traders_tot_rept_short_other,yyyy_report_week_ww
067 ,067651,NYME,NYC,N10,2537,-6248,30610,7029,-723,70622,-4976,11048,14125,6221,18706,1250,-10722,13826,63593,71345,CRUDE OIL,NATURAL RESOURCES,CRUDE OIL,PETROLEUM AND PRODUCTS,16.5,16.5,0.0,15.4,15.4,0.0,27.4,27.4,0.0,25.2,25.2,0.0,11.4,11.4,0.0,10.1,10.1,0.0,15.1,15.1,0.0,14.2,14.2,0.0,WTI-PHYSICAL,"(CONTRACTS OF 1,000 BARRELS)",FutOnly,260106067651F,148771,148771,0,124243,124243,0,411573,411573,0,WTI-PHYSICAL - NEW YORK MERCANTILE EXCHANGE,68171,68171,0,54757,54757,0,1968879,1968879,0,110185,110185,0,77361,77361,0,400422,400422,0,7.6,7.6,0.0,6.3,6.3,0.0,20.9,20.9,0.0,3.5,3.5,0.0,2.8,2.8,0.0,5.6,5.6,0.0,3.9,3.9,0.0,20.3,20.3,0.0,30.6,30.6,0.0,19.3,19.3,0.0,5.5,5.5,0.0,20.4,20.4,0.0,6.1,6.1,0.0,96.5,96.5,0.0,97.2,97.2,0.0,100.0,100.0,100.0,602551,602551,0,379431,379431,0,2026-01-06T00:00:00.000,401682,401682,0,119410,119410,0,107796,107796,0,1900708,1900708,0,1914122,1914122,0,52,52,0,58,58,0,69,69,0,54,54,0,34,34,0,74,74,0,61,61,0,61,61,0,15,15,0,24,24,0,30,30,0,314,314,0,282,282,0,260,260,0,2026 Report Week 01
067 ,067411,ICEU,NYC,N10,995,2548,271,61,862,12627,10005,1617,1165,703,-327,-838,6226,265,12566,11765,CRUDE OIL,NATURAL RESOURCES,CRUDE OIL,PETROLEUM AND PRODUCTS,37.4,37.4,0.0,35.1,35.1,0.0,56.0,56.0,0.0,46.4,46.4,0.0,28.8,28.8,0.0,24.8,24.8,0.0,38.8,38.8,0.0,33.9,33.9,0.0,"CRUDE OIL, LIGHT SWEET-WTI","(CONTRACTS OF 1,000 BARRELS)",FutOnly,260106067411F,4898,4898,0,42973,42973,0,17798,17798,0,"CRUDE OIL, LIGHT SWEET-WTI - ICE FUTURES EUROPE",9813,9813,0,9970,9970,0,794768,794768,0,136353,136353,0,28905,28905,0,199565,199565,0,0.6,0.6,0.0,5.4,5.4,0.0,2.2,2.2,0.0,1.2,1.2,0.0,1.3,1.3,0.0,17.2,17.2,0.0,3.6,3.6,0.0,25.1,25.1,0.0,50.4,50.4,0.0,48.4,48.4,0.0,0.6,0.6,0.0,11.4,11.4,0.0,2.6,2.6,0.0,98.8,98.8,0.0,98.7,98.7,0.0,100.0,100.0,100.0,400704,400704,0,384305,384305,0,2026-01-06T00:00:00.000,90679,90679,0,20573,20573,0,5064,5064,0,784955,784955,0,784798,784798,0,6,6,0,15,15,0,15,15,0,25,25,0,19,19,0,42,42,0,46,46,0,46,46,0,4,4,0,10,10,0,10,10,0,137,137,0,120,120,0,122,122,0,2026 Report Week 01
085 ,085692,CMX ,NYC,N25,-3072,-295,765,1321,34,6888,2021,1225,2987,-461,-165,2033,1043,1294,5567,6854,COPPER,NATURAL RESOURCES,COPPER,BASE METALS,15.8,15.8,0.0,30.5,30.5,0.0,25.2,25.2,0.0,45.0,45.0,0.0,12.5,12.5,0.0,29.6,29.6,0.0,19.5,19.5,0.0,41.6,41.6,0.0,COPPER- #1,"(CONTRACTS OF 25,000 POUNDS)",FutOnly,260106085692F,75248,75248,0,7006,7006,0,33797,33797,0,COPPER- #1 - COMMODITY EXCHANGE INC.,23490,23490,0,9334,9334,0,267027,267027,0,26476,26476,0,36860,36860,0,26422,26422,0,28.2,28.2,0.0,2.6,2.6,0.0,12.7,12.7,0.0,8.8,8.8,0.0,3.5,3.5,0.0,9.9,9.9,0.0,13.8,13.8,0.0,9.9,9.9,0.0,10.9,10.9,0.0,42.9,42.9,0.0,16.5,16.5,0.0,11.6,11.6,0.0,3.1,3.1,0.0,91.2,91.2,0.0,96.5,96.5,0.0,100.0,100.0,100.0,29195,29195,0,114550,114550,0,2026-01-06T00:00:00.000,30842,30842,0,8216,8216,0,44183,44183,0,243537,243537,0,257693,257693,0,87,87,0,14,14,0,51,51,0,82,82,0,38,38,0,42,42,0,29,29,0,33,33,0,22,22,0,11,11,0,18,18,0,309,309,0,265,265,0,177,177,0,2026 Report Week 01
088 ,088691,CMX ,NYC,N20,-2197,630,5889,-99,-429,6250,1040,1754,3653,496,-3443,446,1174,-2978,6349,6679,GOLD,NATURAL RESOURCES,GOLD,PRECIOUS METALS,15.0,15.0,0.0,34.0,34.0,0.0,26.5,26.5,0.0,51.6,51.6,0.0,12.5,12.5,0.0,32.3,32.3,0.0,21.8,21.8,0.0,47.7,47.7,0.0,GOLD,(CONTRACTS OF 100 TROY OUNCES),FutOnly,260106088691F,146445,146445,0,23232,23232,0,50263,50263,0,GOLD - COMMODITY EXCHANGE INC.,60118,60118,0,15715,15715,0,488116,488116,0,127990,127990,0,23571,23571,0,23082,23082,0,30.0,30.0,0.0,4.8,4.8,0.0,10.3,10.3,0.0,12.3,12.3,0.0,3.2,3.2,0.0,26.2,26.2,0.0,4.8,4.8,0.0,4.7,4.7,0.0,2.8,2.8,0.0,13.1,13.1,0.0,7.7,7.7,0.0,53.1,53.1,0.0,6.0,6.0,0.0,87.7,87.7,0.0,96.8,96.8,0.0,100.0,100.0,100.0,13454,13454,0,63996,63996,0,2026-01-06T00:00:00.000,258949,258949,0,29308,29308,0,37456,37456,0,427998,427998,0,472401,472401,0,95,95,0,19,19,0,38,38,0,99,99,0,33,33,0,33,33,0,11,11,0,11,11,0,19,19,0,26,26,0,27,27,0,310,310,0,269,269,0,144,144,0,2026 Report Week 01
067 ,067411,ICEU,NYC,N10,4794,4094,-5186,2103,721,30572,486,-747,5464,21556,20780,-450,3641,1805,28469,29851,CRUDE OIL,NATURAL RESOURCES,CRUDE OIL,PETROLEUM AND PRODUCTS,36.6,36.6,0.0,36.4,36.4,0.0,55.8,55.8,0.0,48.6,48.6,0.0,29.3,29.3,0.0,27.3,27.3,0.0,40.2,40.2,0.0,36.9,36.9,0.0,"CRUDE OIL, LIGHT SWEET-WTI","(CONTRACTS OF 1,000 BARRELS)",FutOnly,260113067411F,9692,9692,0,47067,47067,0,12612,12612,0,"CRUDE OIL, LIGHT SWEET-WTI - ICE FUTURES EUROPE",11916,11916,0,10691,10691,0,825340,825340,0,136839,136839,0,28158,28158,0,205029,205029,0,1.2,1.2,0.0,5.7,5.7,0.0,1.5,1.5,0.0,1.4,1.4,0.0,1.3,1.3,0.0,16.6,16.6,0.0,3.4,3.4,0.0,24.8,24.8,0.0,51.2,51.2,0.0,49.1,49.1,0.0,0.6,0.6,0.0,11.4,11.4,0.0,2.7,2.7,0.0,98.6,98.6,0.0,98.7,98.7,0.0,100.0,100.0,100.0,422260,422260,0,405085,405085,0,2026-01-13T00:00:00.000,94320,94320,0,22378,22378,0,4614,4614,0,813424,813424,0,814649,814649,0,5,5,0,14,14,0,14,14,0,24,24,0,18,18,0,40,40,0,45,45,0,44,44,0,,,0,10,10,0,11,11,0,132,132,0,117,117,0,116,116,0,2026 Report Week 02
067 ,067651,NYME,NYC,N10,25438,2396,-9226,-3046,3046,49910,1742,24008,9446,3346,-3375,14050,15455,8160,52956,46864,CRUDE OIL,NATURAL RESOURCES,CRUDE OIL,PETROLEUM AND PRODUCTS,17.0,17.0,0.0,16.2,16.2,0.0,28.5,28.5,0.0,26.6,26.6,0.0,11.9,11.9,0.0,9.9,9.9,0.0,15.9,15.9,0.0,14.5,14.5,0.0,WTI-PHYSICAL,"(CONTRACTS OF 1,000 BARRELS)",FutOnly,260113067651F,174209,174209,0,126639,126639,0,402347,402347,0,WTI-PHYSICAL - NEW YORK MERCANTILE EXCHANGE,65125,65125,0,57803,57803,0,2018789,2018789,0,111927,111927,0,101369,101369,0,409868,409868,0,8.6,8.6,0.0,6.3,6.3,0.0,19.9,19.9,0.0,3.2,3.2,0.0,2.9,2.9,0.0,5.5,5.5,0.0,5.0,5.0,0.0,20.3,20.3,0.0,30.0,30.0,0.0,18.6,18.6,0.0,6.0,6.0,0.0,20.7,20.7,0.0,6.3,6.3,0.0,96.8,96.8,0.0,97.1,97.1,0.0,100.0,100.0,100.0,605897,605897,0,376056,376056,0,2026-01-13T00:00:00.000,417137,417137,0,127570,127570,0,121846,121846,0,1953664,1953664,0,1960986,1960986,0,62,62,0,51,51,0,74,74,0,47,47,0,41,41,0,67,67,0,62,62,0,61,61,0,16,16,0,24,24,0,30,30,0,317,317,0,285,285,0,259,259,0,2026 Report Week 02
085 ,085692,CMX ,NYC,N25,-3466,1385,500,1017,-348,2786,-843,-1277,4794,995,-1637,-73,-493,-138,1769,3134,COPPER,NATURAL RESOURCES,COPPER,BASE METALS,15.0,15.0,0.0,30.7,30.7,0.0,24.0,24.0,0.0,43.9,43.9,0.0,12.2,12.2,0.0,29.7,29.7,0.0,18.6,18.6,0.0,40.6,40.6,0.0,COPPER- #1,"(CONTRACTS OF 25,000 POUNDS)",FutOnly,260113085692F,71782,71782,0,8391,8391,0,34297,34297,0,COPPER- #1 - COMMODITY EXCHANGE INC.,24507,24507,0,8986,8986,0,269813,269813,0,25633,25633,0,35583,35583,0,31216,31216,0,26.6,26.6,0.0,3.1,3.1,0.0,12.7,12.7,0.0,9.1,9.1,0.0,3.3,3.3,0.0,9.5,9.5,0.0,13.2,13.2,0.0,11.6,11.6,0.0,11.2,11.2,0.0,41.8,41.8,0.0,16.3,16.3,0.0,11.2,11.2,0.0,3.0,3.0,0.0,90.9,90.9,0.0,96.7,96.7,0.0,100.0,100.0,100.0,30190,30190,0,112913,112913,0,2026-01-13T00:00:00.000,30349,30349,0,8078,8078,0,44110,44110,0,245306,245306,0,260827,260827,0,93,93,0,13,13,0,49,49,0,87,87,0,35,35,0,42,42,0,28,28,0,35,35,0,21,21,0,12,12,0,19,19,0,314,314,0,275,275,0,173,173,0,2026 Report Week 02
088 ,088691,CMX ,NYC,N20,12380,848,-1316,6102,4637,39339,9368,-2706,9641,544,1167,-6290,18158,8910,33237,34702,GOLD,NATURAL RESOURCES,GOLD,PRECIOUS METALS,13.6,13.6,0.0,32.5,32.5,0.0,23.8,23.8,0.0,50.7,50.7,0.0,11.4,11.4,0.0,31.3,31.3,0.0,20.1,20.1,0.0,47.4,47.4,0.0,GOLD,(CONTRACTS OF 100 TROY OUNCES),FutOnly,260113088691F,158825,158825,0,24080,24080,0,48947,48947,0,GOLD - COMMODITY EXCHANGE INC.,66220,66220,0,20352,20352,0,527455,527455,0,137358,137358,0,20865,20865,0,32723,32723,0,30.1,30.1,0.0,4.6,4.6,0.0,9.3,9.3,0.0,12.6,12.6,0.0,3.9,3.9,0.0,26.0,26.0,0.0,4.0,4.0,0.0,6.2,6.2,0.0,2.7,2.7,0.0,12.4,12.4,0.0,5.9,5.9,0.0,52.5,52.5,0.0,7.2,7.2,0.0,87.4,87.4,0.0,96.1,96.1,0.0,100.0,100.0,100.0,13998,13998,0,65163,65163,0,2026-01-13T00:00:00.000,277107,277107,0,38218,38218,0,31166,31166,0,461235,461235,0,507103,507103,0,103,103,0,21,21,0,42,42,0,102,102,0,30,30,0,34,34,0,15,15,0,13,13,0,18,18,0,25,25,0,30,30,0,325,325,0,287,287,0,150,150,0,2026 Report Week 02
067 ,067411,ICEU,NYC,N10,-2792,-1845,-1198,433,952,-37875,-1642,3606,-18743,-11455,-19050,-622,259,-1856,-38308,-38827,CRUDE OIL,NATURAL RESOURCES,CRUDE OIL,PETROLEUM AND PRODUCTS,40.2,40.2,0.0,36.2,36.2,0.0,60.2,60.2,0.0,49.3,49.3,0.0,33.7,33.7,0.0,26.7,26.7,0.0,45.0,45.0,0.0,37.9,37.9,0.0,"CRUDE OIL, LIGHT SWEET-WTI","(CONTRACTS OF 1,000 BARRELS)",FutOnly,260120067411F,6900,6900,0,45222,45222,0,11414,11414,0,"CRUDE OIL, LIGHT SWEET-WTI - ICE FUTURES EUROPE",12349,12349,0,11643,11643,0,787465,787465,0,135197,135197,0,31764,31764,0,186286,186286,0,0.9,0.9,0.0,5.7,5.7,0.0,1.4,1.4,0.0,1.6,1.6,0.0,1.5,1.5,0.0,17.2,17.2,0.0,4.0,4.0,0.0,23.7,23.7,0.0,52.2,52.2,0.0,49.0,49.0,0.0,0.5,0.5,0.0,12.0,12.0,0.0,2.6,2.6,0.0,98.4,98.4,0.0,98.5,98.5,0.0,100.0,100.0,100.0,410805,410805,0,386035,386035,0,2026-01-20T00:00:00.000,94579,94579,0,20522,20522,0,3992,3992,0,775116,775116,0,775822,775822,0,4,4,0,14,14,0,13,13,0,23,23,0,20,20,0,39,39,0,44,44,0,43,43,0,,,0,12,12,0,11,11,0,129,129,0,112,112,0,116,116,0,2026 Report Week 03
067 ,067651,NYME,NYC,N10,-4554,-4484,-2822,1919,-9014,-54430,3227,-17507,-18690,-34904,-9500,46,6239,1348,-56349,-45416,CRUDE OIL,NATURAL RESOURCES,CRUDE OIL,PETROLEUM AND PRODUCTS,16.8,16.8,0.0,16.7,16.7,0.0,28.2,28.2,0.0,27.5,27.5,0.0,11.2,11.2,0.0,10.4,10.4,0.0,15.4,15.4,0.0,14.9,14.9,0.0,WTI-PHYSICAL,"(CONTRACTS OF 1,000 BARRELS)",FutOnly,260120067651F,169655,169655,0,122155,122155,0,399525,399525,0,WTI-PHYSICAL - NEW YORK MERCANTILE EXCHANGE,67044,67044,0,48789,48789,0,1964359,1964359,0,115154,115154,0,83862,83862,0,391178,391178,0,8.6,8.6,0.0,6.2,6.2,0.0,20.3,20.3,0.0,3.4,3.4,0.0,2.5,2.5,0.0,5.9,5.9,0.0,4.3,4.3,0.0,19.9,19.9,0.0,29.1,29.1,0.0,18.7,18.7,0.0,6.2,6.2,0.0,21.6,21.6,0.0,6.6,6.6,0.0,96.6,96.6,0.0,97.5,97.5,0.0,100.0,100.0,100.0,570993,570993,0,366556,366556,0,2026-01-20T00:00:00.000,423376,423376,0,128918,128918,0,121892,121892,0,1897315,1897315,0,1915570,1915570,0,59,59,0,53,53,0,71,71,0,46,46,0,40,40,0,63,63,0,63,63,0,63,63,0,17,17,0,25,25,0,29,29,0,318,318,0,281,281,0,257,257,0,2026 Report Week 03
085 ,085692,CMX ,NYC,N25,960,1545,576,383,-707,8618,3256,3537,-256,-3564,3676,6042,-974,1221,8235,9325,COPPER,NATURAL RESOURCES,COPPER,BASE METALS,15.7,15.7,0.0,32.6,32.6,0.0,24.4,24.4,0.0,45.5,45.5,0.0,13.8,13.8,0.0,31.8,31.8,0.0,19.9,19.9,0.0,42.3,42.3,0.0,COPPER- #1,"(CONTRACTS OF 25,000 POUNDS)",FutOnly,260120085692F,72742,72742,0,9936,9936,0,34873,34873,0,COPPER- #1 - COMMODITY EXCHANGE INC.,24890,24890,0,8279,8279,0,278431,278431,0,28889,28889,0,39120,39120,0,30960,30960,0,26.1,26.1,0.0,3.6,3.6,0.0,12.5,12.5,0.0,8.9,8.9,0.0,3.0,3.0,0.0,10.4,10.4,0.0,14.1,14.1,0.0,11.1,11.1,0.0,9.6,9.6,0.0,41.9,41.9,0.0,18.0,18.0,0.0,10.6,10.6,0.0,3.3,3.3,0.0,91.1,91.1,0.0,97.0,97.0,0.0,100.0,100.0,100.0,26626,26626,0,116589,116589,0,2026-01-20T00:00:00.000,29375,29375,0,9299,9299,0,50152,50152,0,253541,253541,0,270152,270152,0,93,93,0,19,19,0,51,51,0,88,88,0,40,40,0,47,47,0,29,29,0,34,34,0,24,24,0,13,13,0,21,21,0,326,326,0,284,284,0,184,184,0,2026 Report Week 03
088 ,088691,CMX ,NYC,N20,4843,2144,4497,-4084,-3135,549,-5254,3913,-1940,4733,-4143,-1644,-185,-602,4633,3684,GOLD,NATURAL RESOURCES,GOLD,PRECIOUS METALS,14.1,14.1,0.0,32.7,32.7,0.0,24.5,24.5,0.0,50.3,50.3,0.0,11.4,11.4,0.0,31.5,31.5,0.0,20.3,20.3,0.0,47.1,47.1,0.0,GOLD,(CONTRACTS OF 100 TROY OUNCES),FutOnly,260120088691F,163668,163668,0,26224,26224,0,53444,53444,0,GOLD - COMMODITY EXCHANGE INC.,62136,62136,0,17217,17217,0,528004,528004,0,132104,132104,0,24778,24778,0,30783,30783,0,31.0,31.0,0.0,5.0,5.0,0.0,10.1,10.1,0.0,11.8,11.8,0.0,3.3,3.3,0.0,25.0,25.0,0.0,4.7,4.7,0.0,5.8,5.8,0.0,3.5,3.5,0.0,11.6,11.6,0.0,5.6,5.6,0.0,52.4,52.4,0.0,7.1,7.1,0.0,88.2,88.2,0.0,96.7,96.7,0.0,100.0,100.0,100.0,18731,18731,0,61020,61020,0,2026-01-20T00:00:00.000,276922,276922,0,37616,37616,0,29522,29522,0,465868,465868,0,510787,510787,0,103,103,0,21,21,0,41,41,0,110,110,0,29,29,0,34,34,0,18,18,0,17,17,0,15,15,0,26,26,0,27,27,0,330,330,0,290,290,0,152,152,0,2026 Report Week 03
067 ,067651,NYME,NYC,N10,6725,-4822,23740,1069,1258,71290,3713,-2930,16971,8166,20265,6640,12542,4266,70221,70032,CRUDE OIL,NATURAL RESOURCES,CRUDE OIL,PETROLEUM AND PRODUCTS,16.7,16.7,0.0,16.3,16.3,0.0,28.6,28.6,0.0,27.1,27.1,0.0,11.3,11.3,0.0,10.3,10.3,0.0,15.0,15.0,0.0,14.6,14.6,0.0,WTI-PHYSICAL,"(CONTRACTS OF 1,000 BARRELS)",FutOnly,260127067651F,176380,176380,0,117333,117333,0,423265,423265,0,WTI-PHYSICAL - NEW YORK MERCANTILE EXCHANGE,68113,68113,0,50047,50047,0,2035649,2035649,0,118867,118867,0,80932,80932,0,408149,408149,0,8.7,8.7,0.0,5.8,5.8,0.0,20.8,20.8,0.0,3.3,3.3,0.0,2.5,2.5,0.0,5.8,5.8,0.0,4.0,4.0,0.0,20.1,20.1,0.0,28.5,28.5,0.0,19.0,19.0,0.0,6.3,6.3,0.0,21.4,21.4,0.0,6.5,6.5,0.0,96.7,96.7,0.0,97.5,97.5,0.0,100.0,100.0,100.0,579159,579159,0,386821,386821,0,2026-01-27T00:00:00.000,435918,435918,0,133184,133184,0,128532,128532,0,1967536,1967536,0,1985602,1985602,0,66,66,0,47,47,0,69,69,0,51,51,0,38,38,0,66,66,0,61,61,0,64,64,0,17,17,0,22,22,0,29,29,0,319,319,0,284,284,0,256,256,0,2026 Report Week 04
067 ,067411,ICEU,NYC,N10,-116,280,1071,284,-474,20219,3729,-1000,6356,7740,10596,-829,1406,1984,19935,20693,CRUDE OIL,NATURAL RESOURCES,CRUDE OIL,PETROLEUM AND PRODUCTS,39.6,39.6,0.0,34.8,34.8,0.0,59.1,59.1,0.0,48.2,48.2,0.0,33.6,33.6,0.0,26.0,26.0,0.0,45.2,45.2,0.0,37.0,37.0,0.0,"CRUDE OIL, LIGHT SWEET-WTI","(CONTRACTS OF 1,000 BARRELS)",FutOnly,260127067411F,6784,6784,0,45502,45502,0,12485,12485,0,"CRUDE OIL, LIGHT SWEET-WTI - ICE FUTURES EUROPE",12633,12633,0,11169,11169,0,807684,807684,0,138926,138926,0,30764,30764,0,192642,192642,0,0.8,0.8,0.0,5.6,5.6,0.0,1.5,1.5,0.0,1.6,1.6,0.0,1.4,1.4,0.0,17.2,17.2,0.0,3.8,3.8,0.0,23.9,23.9,0.0,51.8,51.8,0.0,49.1,49.1,0.0,0.4,0.4,0.0,11.9,11.9,0.0,2.8,2.8,0.0,98.4,98.4,0.0,98.6,98.6,0.0,100.0,100.0,100.0,418545,418545,0,396631,396631,0,2026-01-27T00:00:00.000,95985,95985,0,22506,22506,0,3163,3163,0,795051,795051,0,796515,796515,0,,,0,15,15,0,14,14,0,22,22,0,20,20,0,40,40,0,45,45,0,44,44,0,,,0,11,11,0,12,12,0,130,130,0,115,115,0,118,118,0,2026 Report Week 04
085 ,085692,CMX ,NYC,N25,822,5610,1516,773,962,-212,-1053,-1656,-4182,1254,-1753,439,-928,219,-985,-1174,COPPER,NATURAL RESOURCES,COPPER,BASE METALS,16.3,16.3,0.0,33.0,33.0,0.0,24.8,24.8,0.0,45.7,45.7,0.0,14.2,14.2,0.0,32.0,32.0,0.0,20.2,20.2,0.0,42.3,42.3,0.0,COPPER- #1,"(CONTRACTS OF 25,000 POUNDS)",FutOnly,260127085692F,73564,73564,0,15546,15546,0,36389,36389,0,COPPER- #1 - COMMODITY EXCHANGE INC.,25663,25663,0,9241,9241,0,278219,278219,0,27836,27836,0,37464,37464,0,26778,26778,0,26.4,26.4,0.0,5.6,5.6,0.0,13.1,13.1,0.0,9.2,9.2,0.0,3.3,3.3,0.0,10.0,10.0,0.0,13.5,13.5,0.0,9.6,9.6,0.0,10.0,10.0,0.0,41.3,41.3,0.0,18.2,18.2,0.0,10.2,10.2,0.0,3.4,3.4,0.0,90.8,90.8,0.0,96.7,96.7,0.0,100.0,100.0,100.0,27880,27880,0,114836,114836,0,2026-01-27T00:00:00.000,28447,28447,0,9518,9518,0,50591,50591,0,252556,252556,0,268978,268978,0,97,97,0,18,18,0,52,52,0,87,87,0,38,38,0,51,51,0,27,27,0,31,31,0,24,24,0,11,11,0,18,18,0,317,317,0,283,283,0,178,178,0,2026 Report Week 04
088 ,088691,CMX ,NYC,N20,-20347,-1062,-1994,541,2571,-39541,-23325,-3236,-4747,-4122,-5822,4602,-35102,9851,-40082,-42112,GOLD,NATURAL RESOURCES,GOLD,PRECIOUS METALS,14.7,14.7,0.0,32.6,32.6,0.0,25.9,25.9,0.0,49.6,49.6,0.0,12.0,12.0,0.0,31.5,31.5,0.0,21.0,21.0,0.0,44.6,44.6,0.0,GOLD,(CONTRACTS OF 100 TROY OUNCES),FutOnly,260127088691F,143321,143321,0,25162,25162,0,51450,51450,0,GOLD - COMMODITY EXCHANGE INC.,62677,62677,0,19788,19788,0,488463,488463,0,108779,108779,0,21542,21542,0,26036,26036,0,29.3,29.3,0.0,5.2,5.2,0.0,10.5,10.5,0.0,12.8,12.8,0.0,4.1,4.1,0.0,22.3,22.3,0.0,4.4,4.4,0.0,5.3,5.3,0.0,3.0,3.0,0.0,11.3,11.3,0.0,7.0,7.0,0.0,49.5,49.5,0.0,9.7,9.7,0.0,87.2,87.2,0.0,95.9,95.9,0.0,100.0,100.0,100.0,14609,14609,0,55198,55198,0,2026-01-27T00:00:00.000,241820,241820,0,47467,47467,0,34124,34124,0,425786,425786,0,468675,468675,0,96,96,0,19,19,0,38,38,0,102,102,0,27,27,0,40,40,0,15,15,0,17,17,0,17,17,0,24,24,0,30,30,0,310,310,0,275,275,0,151,151,0,2026 Report Week 04
067 ,067411,ICEU,NYC,N10,12587,-4329,-2173,-1659,256,16227,-7194,1304,3154,9050,15919,1203,837,1259,17886,15971,CRUDE OIL,NATURAL RESOURCES,CRUDE OIL,PETROLEUM AND PRODUCTS,37.7,37.7,0.0,34.5,34.5,0.0,56.7,56.7,0.0,48.5,48.5,0.0,32.6,32.6,0.0,26.4,26.4,0.0,44.1,44.1,0.0,36.9,36.9,0.0,"CRUDE OIL, LIGHT SWEET-WTI","(CONTRACTS OF 1,000 BARRELS)",FutOnly,260203067411F,19371,19371,0,41173,41173,0,10312,10312,0,"CRUDE OIL, LIGHT SWEET-WTI - ICE FUTURES EUROPE",10974,10974,0,11425,11425,0,823911,823911,0,131732,131732,0,32068,32068,0,195796,195796,0,2.4,2.4,0.0,5.0,5.0,0.0,1.3,1.3,0.0,1.3,1.3,0.0,1.4,1.4,0.0,16.0,16.0,0.0,3.9,3.9,0.0,23.8,23.8,0.0,51.9,51.9,0.0,50.1,50.1,0.0,0.5,0.5,0.0,11.8,11.8,0.0,2.9,2.9,0.0,98.7,98.7,0.0,98.6,98.6,0.0,100.0,100.0,100.0,427595,427595,0,412550,412550,0,2026-02-03T00:00:00.000,96822,96822,0,23765,23765,0,4366,4366,0,812937,812937,0,812486,812486,0,6,6,0,15,15,0,14,14,0,21,21,0,20,20,0,40,40,0,44,44,0,46,46,0,5,5,0,9,9,0,13,13,0,134,134,0,116,116,0,122,122,0,2026 Report Week 05
067 ,067651,NYME,NYC,N10,13170,-4543,1690,2613,-7255,55665,7112,-2758,-7977,27890,49588,10429,26182,738,53052,62920,CRUDE OIL,NATURAL RESOURCES,CRUDE OIL,PETROLEUM AND PRODUCTS,17.5,17.5,0.0,16.8,16.8,0.0,29.8,29.8,0.0,27.8,27.8,0.0,11.2,11.2,0.0,10.4,10.4,0.0,14.7,14.7,0.0,14.7,14.7,0.0,WTI-PHYSICAL,"(CONTRACTS OF 1,000 BARRELS)",FutOnly,260203067651F,189550,189550,0,112790,112790,0,424955,424955,0,WTI-PHYSICAL - NEW YORK MERCANTILE EXCHANGE,70726,70726,0,42792,42792,0,2091314,2091314,0,125979,125979,0,78174,78174,0,400172,400172,0,9.1,9.1,0.0,5.4,5.4,0.0,20.3,20.3,0.0,3.4,3.4,0.0,2.0,2.0,0.0,6.0,6.0,0.0,3.7,3.7,0.0,19.1,19.1,0.0,29.0,29.0,0.0,20.9,20.9,0.0,6.6,6.6,0.0,22.1,22.1,0.0,6.4,6.4,0.0,96.6,96.6,0.0,98.0,98.0,0.0,100.0,100.0,100.0,607049,607049,0,436409,436409,0,2026-02-03T00:00:00.000,462100,462100,0,133922,133922,0,138961,138961,0,2020588,2020588,0,2048522,2048522,0,73,73,0,39,39,0,66,66,0,55,55,0,36,36,0,63,63,0,63,63,0,66,66,0,17,17,0,23,23,0,27,27,0,321,321,0,285,285,0,250,250,0,2026 Report Week 05
085 ,085692,CMX ,NYC,N25,-3721,-1626,4841,-2349,-664,626,-272,-1791,2876,821,-4100,-770,1890,-800,2975,1290,COPPER,NATURAL RESOURCES,COPPER,BASE METALS,17.7,17.7,0.0,31.2,31.2,0.0,27.8,27.8,0.0,45.3,45.3,0.0,13.7,13.7,0.0,30.1,30.1,0.0,20.3,20.3,0.0,40.5,40.5,0.0,COPPER- #1,"(CONTRACTS OF 25,000 POUNDS)",FutOnly,260203085692F,69843,69843,0,13920,13920,0,41230,41230,0,COPPER- #1 - COMMODITY EXCHANGE INC.,23314,23314,0,8577,8577,0,278845,278845,0,27564,27564,0,35673,35673,0,29654,29654,0,25.0,25.0,0.0,5.0,5.0,0.0,14.8,14.8,0.0,8.4,8.4,0.0,3.1,3.1,0.0,9.9,9.9,0.0,12.8,12.8,0.0,10.6,10.6,0.0,10.3,10.3,0.0,39.7,39.7,0.0,17.9,17.9,0.0,10.9,10.9,0.0,3.1,3.1,0.0,91.6,91.6,0.0,96.9,96.9,0.0,100.0,100.0,100.0,28701,28701,0,110736,110736,0,2026-02-03T00:00:00.000,30337,30337,0,8718,8718,0,49821,49821,0,255531,255531,0,270268,270268,0,92,92,0,15,15,0,53,53,0,88,88,0,37,37,0,55,55,0,28,28,0,28,28,0,24,24,0,11,11,0,16,16,0,311,311,0,282,282,0,174,174,0,2026 Report Week 05
088 ,088691,CMX ,NYC,N20,-24385,1702,-13485,-6067,-5352,-78769,-13207,498,-13389,-537,-16492,6179,-18373,-13878,-72702,-73417,GOLD,NATURAL RESOURCES,GOLD,PRECIOUS METALS,17.1,17.1,0.0,34.2,34.2,0.0,28.5,28.5,0.0,53.8,53.8,0.0,13.8,13.8,0.0,32.7,32.7,0.0,23.5,23.5,0.0,46.6,46.6,0.0,GOLD,(CONTRACTS OF 100 TROY OUNCES),FutOnly,260203088691F,118936,118936,0,26864,26864,0,37965,37965,0,GOLD - COMMODITY EXCHANGE INC.,56610,56610,0,14436,14436,0,409694,409694,0,95572,95572,0,22040,22040,0,12647,12647,0,29.0,29.0,0.0,6.6,6.6,0.0,9.3,9.3,0.0,13.8,13.8,0.0,3.5,3.5,0.0,23.3,23.3,0.0,5.4,5.4,0.0,3.1,3.1,0.0,3.4,3.4,0.0,9.4,9.4,0.0,9.8,9.8,0.0,54.5,54.5,0.0,8.2,8.2,0.0,86.2,86.2,0.0,96.5,96.5,0.0,100.0,100.0,100.0,14072,14072,0,38706,38706,0,2026-02-03T00:00:00.000,223447,223447,0,33589,33589,0,40303,40303,0,353084,353084,0,395258,395258,0,88,88,0,18,18,0,31,31,0,101,101,0,28,28,0,32,32,0,17,17,0,16,16,0,20,20,0,23,23,0,27,27,0,304,304,0,263,263,0,138,138,0,2026 Report Week 05
067 ,067411,ICEU,NYC,N10,-1194,-2479,2526,2742,2460,28713,7949,-3672,3981,11593,24362,144,563,972,25971,26253,CRUDE OIL,NATURAL RESOURCES,CRUDE OIL,PETROLEUM AND PRODUCTS,37.6,37.6,0.0,33.8,33.8,0.0,55.2,55.2,0.0,48.7,48.7,0.0,32.9,32.9,0.0,25.8,25.8,0.0,41.3,41.3,0.0,36.1,36.1,0.0,"CRUDE OIL, LIGHT SWEET-WTI","(CONTRACTS OF 1,000 BARRELS)",FutOnly,260210067411F,18177,18177,0,38694,38694,0,12838,12838,0,"CRUDE OIL, LIGHT SWEET-WTI - ICE FUTURES EUROPE",13716,13716,0,13885,13885,0,852624,852624,0,139681,139681,0,28396,28396,0,199777,199777,0,2.1,2.1,0.0,4.5,4.5,0.0,1.5,1.5,0.0,1.6,1.6,0.0,1.6,1.6,0.0,16.4,16.4,0.0,3.3,3.3,0.0,23.4,23.4,0.0,51.5,51.5,0.0,51.2,51.2,0.0,0.5,0.5,0.0,11.4,11.4,0.0,2.9,2.9,0.0,98.4,98.4,0.0,98.4,98.4,0.0,100.0,100.0,100.0,439188,439188,0,436912,436912,0,2026-02-10T00:00:00.000,97385,97385,0,24737,24737,0,4510,4510,0,838908,838908,0,838739,838739,0,6,6,0,13,13,0,14,14,0,22,22,0,20,20,0,38,38,0,43,43,0,45,45,0,5,5,0,9,9,0,13,13,0,130,130,0,113,113,0,118,118,0,2026 Report Week 06
067 ,067651,NYME,NYC,N10,2197,-189,-11206,13279,3161,-20776,3016,12153,4922,-9536,-7020,-5661,-4810,-17787,-34055,-23937,CRUDE OIL,NATURAL RESOURCES,CRUDE OIL,PETROLEUM AND PRODUCTS,16.9,16.9,0.0,16.1,16.1,0.0,29.6,29.6,0.0,27.6,27.6,0.0,10.9,10.9,0.0,10.3,10.3,0.0,14.6,14.6,0.0,14.7,14.7,0.0,WTI-PHYSICAL,"(CONTRACTS OF 1,000 BARRELS)",FutOnly,260210067651F,191747,191747,0,112601,112601,0,413749,413749,0,WTI-PHYSICAL - NEW YORK MERCANTILE EXCHANGE,84005,84005,0,45953,45953,0,2070538,2070538,0,128995,128995,0,90327,90327,0,405094,405094,0,9.3,9.3,0.0,5.4,5.4,0.0,20.0,20.0,0.0,4.1,4.1,0.0,2.2,2.2,0.0,6.2,6.2,0.0,4.4,4.4,0.0,19.6,19.6,0.0,28.9,28.9,0.0,20.7,20.7,0.0,6.4,6.4,0.0,22.1,22.1,0.0,5.6,5.6,0.0,95.9,95.9,0.0,97.8,97.8,0.0,100.0,100.0,100.0,597513,597513,0,429389,429389,0,2026-02-10T00:00:00.000,457290,457290,0,116135,116135,0,133300,133300,0,1986533,1986533,0,2024585,2024585,0,66,66,0,38,38,0,61,61,0,63,63,0,35,35,0,63,63,0,61,61,0,62,62,0,17,17,0,23,23,0,29,29,0,315,315,0,282,282,0,242,242,0,2026 Report Week 06
085 ,085692,CMX ,NYC,N25,-788,-429,-2784,299,117,-8053,-2179,-597,-598,-1509,-2577,-568,-1259,74,-8352,-8170,COPPER,NATURAL RESOURCES,COPPER,BASE METALS,18.3,18.3,0.0,32.3,32.3,0.0,28.5,28.5,0.0,46.1,46.1,0.0,14.7,14.7,0.0,31.1,31.1,0.0,21.6,21.6,0.0,41.3,41.3,0.0,COPPER- #1,"(CONTRACTS OF 25,000 POUNDS)",FutOnly,260210085692F,69055,69055,0,13491,13491,0,38446,38446,0,COPPER- #1 - COMMODITY EXCHANGE INC.,23613,23613,0,8694,8694,0,270792,270792,0,25385,25385,0,35076,35076,0,29056,29056,0,25.5,25.5,0.0,5.0,5.0,0.0,14.2,14.2,0.0,8.7,8.7,0.0,3.2,3.2,0.0,9.4,9.4,0.0,13.0,13.0,0.0,10.7,10.7,0.0,10.0,10.0,0.0,39.9,39.9,0.0,18.2,18.2,0.0,10.7,10.7,0.0,3.2,3.2,0.0,91.3,91.3,0.0,96.8,96.8,0.0,100.0,100.0,100.0,27192,27192,0,108159,108159,0,2026-02-10T00:00:00.000,29078,29078,0,8792,8792,0,49253,49253,0,247179,247179,0,262098,262098,0,88,88,0,14,14,0,51,51,0,85,85,0,32,32,0,50,50,0,31,31,0,32,32,0,22,22,0,11,11,0,18,18,0,300,300,0,273,273,0,171,171,0,2026 Report Week 06
088 ,088691,CMX ,NYC,N20,296,346,-1584,-3694,754,-5303,-1996,3546,901,1665,-4524,2941,-910,-3832,-1609,-6057,GOLD,NATURAL RESOURCES,GOLD,PRECIOUS METALS,17.3,17.3,0.0,33.8,33.8,0.0,28.4,28.4,0.0,52.7,52.7,0.0,14.2,14.2,0.0,32.9,32.9,0.0,23.5,23.5,0.0,45.9,45.9,0.0,GOLD,(CONTRACTS OF 100 TROY OUNCES),FutOnly,260210088691F,119232,119232,0,27210,27210,0,36381,36381,0,GOLD - COMMODITY EXCHANGE INC.,52916,52916,0,15190,15190,0,404391,404391,0,93576,93576,0,25586,25586,0,13548,13548,0,29.5,29.5,0.0,6.7,6.7,0.0,9.0,9.0,0.0,13.1,13.1,0.0,3.8,3.8,0.0,23.1,23.1,0.0,6.3,6.3,0.0,3.4,3.4,0.0,3.9,3.9,0.0,8.5,8.5,0.0,10.7,10.7,0.0,55.0,55.0,0.0,7.4,7.4,0.0,86.9,86.9,0.0,96.2,96.2,0.0,100.0,100.0,100.0,15737,15737,0,34182,34182,0,2026-02-10T00:00:00.000,222537,222537,0,29757,29757,0,43244,43244,0,351475,351475,0,389201,389201,0,78,78,0,19,19,0,31,31,0,94,94,0,30,30,0,30,30,0,18,18,0,15,15,0,16,16,0,24,24,0,28,28,0,290,290,0,243,243,0,142,142,0,2026 Report Week 06
067 ,067411,ICEU,NYC,N10,8580,7542,9695,-2055,-2710,17710,-18712,3764,4902,6157,3221,2331,-15516,6812,19765,20420,CRUDE OIL,NATURAL RESOURCES,CRUDE OIL,PETROLEUM AND PRODUCTS,37.3,37.3,0.0,34.2,34.2,0.0,54.8,54.8,0.0,48.1,48.1,0.0,31.6,31.6,0.0,25.9,25.9,0.0,41.4,41.4,0.0,34.3,34.3,0.0,"CRUDE OIL, LIGHT SWEET-WTI","(CONTRACTS OF 1,000 BARRELS)",FutOnly,260217067411F,26757,26757,0,46236,46236,0,22533,22533,0,"CRUDE OIL, LIGHT SWEET-WTI - ICE FUTURES EUROPE",11661,11661,0,11175,11175,0,870334,870334,0,120969,120969,0,32160,32160,0,204679,204679,0,3.1,3.1,0.0,5.3,5.3,0.0,2.6,2.6,0.0,1.3,1.3,0.0,1.3,1.3,0.0,13.9,13.9,0.0,3.7,3.7,0.0,23.5,23.5,0.0,51.2,51.2,0.0,50.6,50.6,0.0,0.8,0.8,0.0,9.4,9.4,0.0,3.6,3.6,0.0,98.7,98.7,0.0,98.7,98.7,0.0,100.0,100.0,100.0,445345,445345,0,440133,440133,0,2026-02-17T00:00:00.000,81869,81869,0,31549,31549,0,6841,6841,0,858673,858673,0,859159,859159,0,5,5,0,16,16,0,15,15,0,22,22,0,20,20,0,39,39,0,43,43,0,43,43,0,5,5,0,9,9,0,13,13,0,131,131,0,115,115,0,119,119,0,2026 Report Week 07
067 ,067651,NYME,NYC,N10,-7793,7568,3801,-2882,-5116,16955,8696,-30194,6703,2561,14354,1066,15036,4803,19837,22071,CRUDE OIL,NATURAL RESOURCES,CRUDE OIL,PETROLEUM AND PRODUCTS,16.7,16.7,0.0,16.1,16.1,0.0,29.4,29.4,0.0,27.6,27.6,0.0,10.3,10.3,0.0,10.4,10.4,0.0,14.4,14.4,0.0,15.2,15.2,0.0,WTI-PHYSICAL,"(CONTRACTS OF 1,000 BARRELS)",FutOnly,260217067651F,183954,183954,0,120169,120169,0,417550,417550,0,WTI-PHYSICAL - NEW YORK MERCANTILE EXCHANGE,81123,81123,0,40837,40837,0,2087493,2087493,0,137691,137691,0,60133,60133,0,411797,411797,0,8.8,8.8,0.0,5.8,5.8,0.0,20.0,20.0,0.0,3.9,3.9,0.0,2.0,2.0,0.0,6.6,6.6,0.0,2.9,2.9,0.0,19.7,19.7,0.0,28.7,28.7,0.0,21.3,21.3,0.0,6.4,6.4,0.0,22.6,22.6,0.0,5.8,5.8,0.0,96.1,96.1,0.0,98.0,98.0,0.0,100.0,100.0,100.0,600074,600074,0,443743,443743,0,2026-02-17T00:00:00.000,472326,472326,0,120938,120938,0,134366,134366,0,2006370,2006370,0,2046656,2046656,0,68,68,0,42,42,0,65,65,0,59,59,0,31,31,0,64,64,0,62,62,0,64,64,0,19,19,0,24,24,0,31,31,0,319,319,0,283,283,0,251,251,0,2026 Report Week 07
085 ,085692,CMX ,NYC,N25,-3662,-1872,-4345,714,1078,2175,-1079,-16327,4211,4617,20517,2252,-554,-533,1461,1097,COPPER,NATURAL RESOURCES,COPPER,BASE METALS,17.7,17.7,0.0,32.6,32.6,0.0,27.1,27.1,0.0,45.0,45.0,0.0,14.4,14.4,0.0,31.2,31.2,0.0,21.6,21.6,0.0,41.1,41.1,0.0,COPPER- #1,"(CONTRACTS OF 25,000 POUNDS)",FutOnly,260217085692F,65393,65393,0,11619,11619,0,34101,34101,0,COPPER- #1 - COMMODITY EXCHANGE INC.,24327,24327,0,9772,9772,0,272967,272967,0,24306,24306,0,18749,18749,0,33267,33267,0,24.0,24.0,0.0,4.3,4.3,0.0,12.5,12.5,0.0,8.9,8.9,0.0,3.6,3.6,0.0,8.9,8.9,0.0,6.9,6.9,0.0,12.2,12.2,0.0,11.7,11.7,0.0,47.1,47.1,0.0,18.9,18.9,0.0,10.4,10.4,0.0,3.0,3.0,0.0,91.1,91.1,0.0,96.4,96.4,0.0,100.0,100.0,100.0,31809,31809,0,128676,128676,0,2026-02-17T00:00:00.000,28524,28524,0,8259,8259,0,51505,51505,0,248640,248640,0,263195,263195,0,88,88,0,20,20,0,55,55,0,78,78,0,34,34,0,49,49,0,32,32,0,34,34,0,25,25,0,10,10,0,18,18,0,305,305,0,270,270,0,183,183,0,2026 Report Week 07
088 ,088691,CMX ,NYC,N20,3779,-92,929,-1095,-236,2687,-3155,813,2730,-2094,859,-1542,-5451,3135,3782,2923,GOLD,NATURAL RESOURCES,GOLD,PRECIOUS METALS,16.9,16.9,0.0,32.7,32.7,0.0,27.7,27.7,0.0,50.8,50.8,0.0,13.8,13.8,0.0,31.5,31.5,0.0,22.8,22.8,0.0,44.8,44.8,0.0,GOLD,(CONTRACTS OF 100 TROY OUNCES),FutOnly,260217088691F,123011,123011,0,27118,27118,0,37310,37310,0,GOLD - COMMODITY EXCHANGE INC.,51821,51821,0,14954,14954,0,407078,407078,0,90421,90421,0,26399,26399,0,16278,16278,0,30.2,30.2,0.0,6.7,6.7,0.0,9.2,9.2,0.0,12.7,12.7,0.0,3.7,3.7,0.0,22.2,22.2,0.0,6.5,6.5,0.0,4.0,4.0,0.0,3.4,3.4,0.0,8.6,8.6,0.0,10.2,10.2,0.0,53.3,53.3,0.0,8.1,8.1,0.0,87.3,87.3,0.0,96.3,96.3,0.0,100.0,100.0,100.0,13643,13643,0,35041,35041,0,2026-02-17T00:00:00.000,217086,217086,0,32892,32892,0,41702,41702,0,355257,355257,0,392124,392124,0,79,79,0,25,25,0,33,33,0,91,91,0,34,34,0,32,32,0,14,14,0,16,16,0,21,21,0,22,22,0,29,29,0,298,298,0,247,247,0,151,151,0,2026 Report Week 07
067 ,067651,NYME,NYC,N10,9479,5564,5899,19560,15775,15212,21441,-6013,-13657,-30558,-4990,7837,17423,-4789,-4348,-563,CRUDE OIL,NATURAL RESOURCES,CRUDE OIL,PETROLEUM AND PRODUCTS,17.1,17.1,0.0,17.3,17.3,0.0,29.8,29.8,0.0,28.8,28.8,0.0,10.4,10.4,0.0,10.8,10.8,0.0,14.1,14.1,0.0,16.3,16.3,0.0,WTI-PHYSICAL,"(CONTRACTS OF 1,000 BARRELS)",FutOnly,260224067651F,193433,193433,0,125733,125733,0,423449,423449,0,WTI-PHYSICAL - NEW YORK MERCANTILE EXCHANGE,100683,100683,0,56612,56612,0,2102705,2102705,0,159132,159132,0,54120,54120,0,398140,398140,0,9.2,9.2,0.0,6.0,6.0,0.0,20.1,20.1,0.0,4.8,4.8,0.0,2.7,2.7,0.0,7.6,7.6,0.0,2.6,2.6,0.0,18.9,18.9,0.0,27.1,27.1,0.0,20.9,20.9,0.0,6.8,6.8,0.0,23.3,23.3,0.0,5.5,5.5,0.0,95.2,95.2,0.0,97.3,97.3,0.0,100.0,100.0,100.0,569516,569516,0,438753,438753,0,2026-02-24T00:00:00.000,489749,489749,0,116149,116149,0,142203,142203,0,2002022,2002022,0,2046093,2046093,0,71,71,0,37,37,0,65,65,0,72,72,0,28,28,0,73,73,0,64,64,0,65,65,0,18,18,0,22,22,0,30,30,0,328,328,0,298,298,0,253,253,0,2026 Report Week 08
067 ,067411,ICEU,NYC,N10,-14174,-10269,-2958,-125,-1543,-42364,-17992,25658,-20175,16767,-38937,164,9731,-3871,-42239,-40821,CRUDE OIL,NATURAL RESOURCES,CRUDE OIL,PETROLEUM AND PRODUCTS,38.4,38.4,0.0,34.3,34.3,0.0,56.8,56.8,0.0,48.6,48.6,0.0,34.5,34.5,0.0,24.3,24.3,0.0,43.6,43.6,0.0,33.4,33.4,0.0,"CRUDE OIL, LIGHT SWEET-WTI","(CONTRACTS OF 1,000 BARRELS)",FutOnly,260224067411F,12583,12583,0,35967,35967,0,19575,19575,0,"CRUDE OIL, LIGHT SWEET-WTI - ICE FUTURES EUROPE",11536,11536,0,9632,9632,0,827970,827970,0,102977,102977,0,57818,57818,0,184504,184504,0,1.5,1.5,0.0,4.3,4.3,0.0,2.4,2.4,0.0,1.4,1.4,0.0,1.2,1.2,0.0,12.4,12.4,0.0,7.0,7.0,0.0,22.3,22.3,0.0,55.8,55.8,0.0,48.5,48.5,0.0,0.8,0.8,0.0,11.1,11.1,0.0,3.3,3.3,0.0,98.6,98.6,0.0,98.8,98.8,0.0,100.0,100.0,100.0,462112,462112,0,401196,401196,0,2026-02-24T00:00:00.000,91600,91600,0,27678,27678,0,7005,7005,0,816434,816434,0,818338,818338,0,4,4,0,14,14,0,14,14,0,23,23,0,20,20,0,38,38,0,43,43,0,46,46,0,5,5,0,9,9,0,12,12,0,129,129,0,111,111,0,120,120,0,2026 Report Week 08
085 ,085692,CMX ,NYC,N25,-1025,1722,-3512,983,1630,-11732,-601,-2457,-6252,-1213,-2293,-581,-1039,469,-12715,-13362,COPPER,NATURAL RESOURCES,COPPER,BASE METALS,18.5,18.5,0.0,34.3,34.3,0.0,28.6,28.6,0.0,46.7,46.7,0.0,15.0,15.0,0.0,32.7,32.7,0.0,22.8,22.8,0.0,42.8,42.8,0.0,COPPER- #1,"(CONTRACTS OF 25,000 POUNDS)",FutOnly,260224085692F,64368,64368,0,13341,13341,0,30589,30589,0,COPPER- #1 - COMMODITY EXCHANGE INC.,25310,25310,0,11402,11402,0,261235,261235,0,23705,23705,0,16292,16292,0,27015,27015,0,24.6,24.6,0.0,5.1,5.1,0.0,11.7,11.7,0.0,9.7,9.7,0.0,4.4,4.4,0.0,9.1,9.1,0.0,6.2,6.2,0.0,10.3,10.3,0.0,11.7,11.7,0.0,48.4,48.4,0.0,19.5,19.5,0.0,10.5,10.5,0.0,3.3,3.3,0.0,90.3,90.3,0.0,95.6,95.6,0.0,100.0,100.0,100.0,30596,30596,0,126383,126383,0,2026-02-24T00:00:00.000,27485,27485,0,8728,8728,0,50924,50924,0,235925,235925,0,249833,249833,0,80,80,0,20,20,0,50,50,0,75,75,0,31,31,0,49,49,0,29,29,0,33,33,0,26,26,0,10,10,0,20,20,0,291,291,0,258,258,0,176,176,0,2026 Report Week 08
088 ,088691,CMX ,NYC,N20,-1778,-1859,1520,15951,11189,13104,-5,814,-545,1157,-423,-2854,2750,-342,-2847,1915,GOLD,NATURAL RESOURCES,GOLD,PRECIOUS METALS,16.6,16.6,0.0,31.9,31.9,0.0,26.9,26.9,0.0,48.9,48.9,0.0,13.5,13.5,0.0,31.1,31.1,0.0,21.7,21.7,0.0,43.8,43.8,0.0,GOLD,(CONTRACTS OF 100 TROY OUNCES),FutOnly,260224088691F,121233,121233,0,25259,25259,0,38830,38830,0,GOLD - COMMODITY EXCHANGE INC.,67772,67772,0,26143,26143,0,420182,420182,0,90416,90416,0,27213,27213,0,15733,15733,0,28.9,28.9,0.0,6.0,6.0,0.0,9.2,9.2,0.0,16.1,16.1,0.0,6.2,6.2,0.0,21.5,21.5,0.0,6.5,6.5,0.0,3.7,3.7,0.0,3.5,3.5,0.0,8.2,8.2,0.0,9.2,9.2,0.0,52.3,52.3,0.0,7.7,7.7,0.0,83.9,83.9,0.0,93.8,93.8,0.0,100.0,100.0,100.0,14800,14800,0,34618,34618,0,2026-02-24T00:00:00.000,219836,219836,0,32550,32550,0,38848,38848,0,352410,352410,0,394039,394039,0,78,78,0,20,20,0,32,32,0,98,98,0,27,27,0,33,33,0,17,17,0,14,14,0,19,19,0,23,23,0,31,31,0,292,292,0,256,256,0,139,139,0,2026 Report Week 08
067 ,067651,NYME,NYC,N10,-6098,-6783,993,-11458,-17564,-29672,8691,9938,-36889,17517,-30389,5281,58731,-7709,-18214,-12108,CRUDE OIL,NATURAL RESOURCES,CRUDE OIL,PETROLEUM AND PRODUCTS,17.3,17.3,0.0,19.1,19.1,0.0,30.2,30.2,0.0,29.9,29.9,0.0,10.9,10.9,0.0,12.3,12.3,0.0,15.3,15.3,0.0,18.7,18.7,0.0,WTI-PHYSICAL,"(CONTRACTS OF 1,000 BARRELS)",FutOnly,260303067651F,187335,187335,0,118950,118950,0,424442,424442,0,WTI-PHYSICAL - NEW YORK MERCANTILE EXCHANGE,89225,89225,0,39048,39048,0,2073033,2073033,0,167823,167823,0,64058,64058,0,361251,361251,0,9.0,9.0,0.0,5.7,5.7,0.0,20.5,20.5,0.0,4.3,4.3,0.0,1.9,1.9,0.0,8.1,8.1,0.0,3.1,3.1,0.0,17.4,17.4,0.0,28.3,28.3,0.0,19.7,19.7,0.0,7.1,7.1,0.0,26.5,26.5,0.0,5.2,5.2,0.0,95.7,95.7,0.0,98.1,98.1,0.0,100.0,100.0,100.0,587033,587033,0,408364,408364,0,2026-03-03T00:00:00.000,548480,548480,0,108440,108440,0,147484,147484,0,1983808,1983808,0,2033985,2033985,0,76,76,0,36,36,0,66,66,0,72,72,0,42,42,0,73,73,0,63,63,0,68,68,0,18,18,0,24,24,0,29,29,0,346,346,0,306,306,0,265,265,0,2026 Report Week 09
067 ,067411,ICEU,NYC,N10,6099,-196,-2736,2441,2520,31787,-1639,6461,-11009,28491,28966,2673,314,7467,29346,29267,CRUDE OIL,NATURAL RESOURCES,CRUDE OIL,PETROLEUM AND PRODUCTS,37.3,37.3,0.0,38.0,38.0,0.0,57.6,57.6,0.0,51.3,51.3,0.0,31.8,31.8,0.0,29.4,29.4,0.0,43.6,43.6,0.0,38.0,38.0,0.0,"CRUDE OIL, LIGHT SWEET-WTI","(CONTRACTS OF 1,000 BARRELS)",FutOnly,260303067411F,18682,18682,0,35771,35771,0,16839,16839,0,"CRUDE OIL, LIGHT SWEET-WTI - ICE FUTURES EUROPE",13977,13977,0,12152,12152,0,859757,859757,0,101338,101338,0,64279,64279,0,173495,173495,0,2.2,2.2,0.0,4.2,4.2,0.0,2.0,2.0,0.0,1.6,1.6,0.0,1.4,1.4,0.0,11.8,11.8,0.0,7.5,7.5,0.0,20.2,20.2,0.0,57.1,57.1,0.0,50.0,50.0,0.0,1.1,1.1,0.0,10.7,10.7,0.0,4.1,4.1,0.0,98.4,98.4,0.0,98.6,98.6,0.0,100.0,100.0,100.0,490603,490603,0,430162,430162,0,2026-03-03T00:00:00.000,91914,91914,0,35145,35145,0,9678,9678,0,845780,845780,0,847605,847605,0,7,7,0,11,11,0,14,14,0,17,17,0,21,21,0,35,35,0,44,44,0,42,42,0,8,8,0,8,8,0,14,14,0,124,124,0,111,111,0,112,112,0,2026 Report Week 09
085 ,085692,CMX ,NYC,N25,153,2686,1117,-4829,-2984,-16303,877,-897,-8854,-1968,-5954,-1721,-339,-1078,-11474,-13319,COPPER,NATURAL RESOURCES,COPPER,BASE METALS,18.2,18.2,0.0,33.8,33.8,0.0,26.9,26.9,0.0,46.1,46.1,0.0,15.8,15.8,0.0,32.2,32.2,0.0,23.7,23.7,0.0,42.7,42.7,0.0,COPPER- #1,"(CONTRACTS OF 25,000 POUNDS)",FutOnly,260303085692F,64521,64521,0,16027,16027,0,31706,31706,0,COPPER- #1 - COMMODITY EXCHANGE INC.,20481,20481,0,8418,8418,0,244932,244932,0,24582,24582,0,15395,15395,0,18161,18161,0,26.3,26.3,0.0,6.5,6.5,0.0,12.9,12.9,0.0,8.4,8.4,0.0,3.4,3.4,0.0,10.0,10.0,0.0,6.3,6.3,0.0,7.4,7.4,0.0,11.7,11.7,0.0,49.2,49.2,0.0,20.1,20.1,0.0,11.1,11.1,0.0,3.1,3.1,0.0,91.6,91.6,0.0,96.6,96.6,0.0,100.0,100.0,100.0,28628,28628,0,120429,120429,0,2026-03-03T00:00:00.000,27146,27146,0,7650,7650,0,49203,49203,0,224451,224451,0,236514,236514,0,76,76,0,26,26,0,47,47,0,80,80,0,32,32,0,48,48,0,30,30,0,30,30,0,25,25,0,11,11,0,20,20,0,294,294,0,260,260,0,173,173,0,2026 Report Week 09
088 ,088691,CMX ,NYC,N20,2223,280,230,-12646,-11455,-10393,-120,855,1284,419,1392,512,-684,-2295,2253,1062,GOLD,NATURAL RESOURCES,GOLD,PRECIOUS METALS,17.3,17.3,0.0,33.4,33.4,0.0,28.5,28.5,0.0,50.8,50.8,0.0,14.0,14.0,0.0,32.6,32.6,0.0,22.8,22.8,0.0,45.7,45.7,0.0,GOLD,(CONTRACTS OF 100 TROY OUNCES),FutOnly,260303088691F,123456,123456,0,25539,25539,0,39060,39060,0,GOLD - COMMODITY EXCHANGE INC.,55126,55126,0,14688,14688,0,409789,409789,0,90296,90296,0,28068,28068,0,17017,17017,0,30.1,30.1,0.0,6.2,6.2,0.0,9.5,9.5,0.0,13.5,13.5,0.0,3.6,3.6,0.0,22.0,22.0,0.0,6.8,6.8,0.0,4.2,4.2,0.0,3.7,3.7,0.0,8.8,8.8,0.0,9.6,9.6,0.0,53.5,53.5,0.0,7.4,7.4,0.0,86.5,86.5,0.0,96.4,96.4,0.0,100.0,100.0,100.0,15219,15219,0,36010,36010,0,2026-03-03T00:00:00.000,219152,219152,0,30255,30255,0,39360,39360,0,354663,354663,0,395101,395101,0,73,73,0,21,21,0,32,32,0,93,93,0,28,28,0,32,32,0,15,15,0,14,14,0,21,21,0,21,21,0,27,27,0,283,283,0,243,243,0,136,136,0,2026 Report Week 09
067 ,067411,ICEU,NYC,N10,-10803,253,4078,-1621,1322,-13568,-14586,20424,-5765,15576,-38680,-1881,3366,1434,-11947,-14890,CRUDE OIL,NATURAL RESOURCES,CRUDE OIL,PETROLEUM AND PRODUCTS,35.2,35.2,0.0,35.1,35.1,0.0,57.0,57.0,0.0,49.9,49.9,0.0,29.9,29.9,0.0,27.7,27.7,0.0,40.5,40.5,0.0,36.4,36.4,0.0,"CRUDE OIL, LIGHT SWEET-WTI","(CONTRACTS OF 1,000 BARRELS)",FutOnly,260310067411F,7879,7879,0,36024,36024,0,20917,20917,0,"CRUDE OIL, LIGHT SWEET-WTI - ICE FUTURES EUROPE",12356,12356,0,13474,13474,0,846189,846189,0,86752,86752,0,84703,84703,0,167730,167730,0,0.9,0.9,0.0,4.3,4.3,0.0,2.5,2.5,0.0,1.5,1.5,0.0,1.6,1.6,0.0,10.3,10.3,0.0,10.0,10.0,0.0,19.8,19.8,0.0,59.8,59.8,0.0,46.3,46.3,0.0,0.9,0.9,0.0,11.3,11.3,0.0,4.3,4.3,0.0,98.5,98.5,0.0,98.4,98.4,0.0,100.0,100.0,100.0,506179,506179,0,391482,391482,0,2026-03-10T00:00:00.000,95280,95280,0,36579,36579,0,7797,7797,0,833833,833833,0,832715,832715,0,5,5,0,12,12,0,16,16,0,13,13,0,23,23,0,30,30,0,45,45,0,41,41,0,6,6,0,9,9,0,14,14,0,119,119,0,107,107,0,107,107,0,2026 Report Week 10
067 ,067651,NYME,NYC,N10,2663,-21074,-37724,-471,1274,-21712,36830,4702,-7286,12831,-21058,-13425,74584,-15130,-21241,-22986,CRUDE OIL,NATURAL RESOURCES,CRUDE OIL,PETROLEUM AND PRODUCTS,19.0,19.0,0.0,21.5,21.5,0.0,32.6,32.6,0.0,31.8,31.8,0.0,11.0,11.0,0.0,13.7,13.7,0.0,17.0,17.0,0.0,20.2,20.2,0.0,WTI-PHYSICAL,"(CONTRACTS OF 1,000 BARRELS)",FutOnly,260310067651F,189998,189998,0,97876,97876,0,386718,386718,0,WTI-PHYSICAL - NEW YORK MERCANTILE EXCHANGE,88754,88754,0,40322,40322,0,2051321,2051321,0,204653,204653,0,68760,68760,0,353965,353965,0,9.3,9.3,0.0,4.8,4.8,0.0,18.9,18.9,0.0,4.3,4.3,0.0,2.0,2.0,0.0,10.0,10.0,0.0,3.4,3.4,0.0,17.3,17.3,0.0,29.2,29.2,0.0,18.9,18.9,0.0,6.5,6.5,0.0,30.4,30.4,0.0,4.5,4.5,0.0,95.7,95.7,0.0,98.0,98.0,0.0,100.0,100.0,100.0,599864,599864,0,387306,387306,0,2026-03-10T00:00:00.000,623064,623064,0,93310,93310,0,134059,134059,0,1962567,1962567,0,2010999,2010999,0,83,83,0,23,23,0,62,62,0,69,69,0,42,42,0,68,68,0,65,65,0,63,63,0,18,18,0,23,23,0,31,31,0,336,336,0,304,304,0,249,249,0,2026 Report Week 10
085 ,085692,CMX ,NYC,N25,-1109,-291,-5029,-303,793,-9610,-5621,-424,281,884,-4058,1638,-531,-351,-9307,-10403,COPPER,NATURAL RESOURCES,COPPER,BASE METALS,19.2,19.2,0.0,33.4,33.4,0.0,28.1,28.1,0.0,46.5,46.5,0.0,16.9,16.9,0.0,31.6,31.6,0.0,24.6,24.6,0.0,42.7,42.7,0.0,COPPER- #1,"(CONTRACTS OF 25,000 POUNDS)",FutOnly,260310085692F,63412,63412,0,15736,15736,0,26677,26677,0,COPPER- #1 - COMMODITY EXCHANGE INC.,20178,20178,0,9211,9211,0,235322,235322,0,18961,18961,0,14971,14971,0,18442,18442,0,26.9,26.9,0.0,6.7,6.7,0.0,11.3,11.3,0.0,8.6,8.6,0.0,3.9,3.9,0.0,8.1,8.1,0.0,6.4,6.4,0.0,7.8,7.8,0.0,12.5,12.5,0.0,49.5,49.5,0.0,21.6,21.6,0.0,11.3,11.3,0.0,3.1,3.1,0.0,91.4,91.4,0.0,96.1,96.1,0.0,100.0,100.0,100.0,29512,29512,0,116371,116371,0,2026-03-10T00:00:00.000,26615,26615,0,7299,7299,0,50841,50841,0,215144,215144,0,226111,226111,0,72,72,0,26,26,0,43,43,0,67,67,0,36,36,0,51,51,0,30,30,0,30,30,0,25,25,0,11,11,0,19,19,0,282,282,0,247,247,0,173,173,0,2026 Report Week 10
088 ,088691,CMX ,NYC,N20,1621,1139,2929,-1702,-1108,4167,72,-2433,801,-393,-1488,-1042,2446,1881,5869,5275,GOLD,NATURAL RESOURCES,GOLD,PRECIOUS METALS,18.0,18.0,0.0,33.4,33.4,0.0,29.5,29.5,0.0,50.1,50.1,0.0,14.8,14.8,0.0,32.6,32.6,0.0,23.0,23.0,0.0,45.0,45.0,0.0,GOLD,(CONTRACTS OF 100 TROY OUNCES),FutOnly,260310088691F,125077,125077,0,26678,26678,0,41989,41989,0,GOLD - COMMODITY EXCHANGE INC.,53424,53424,0,13580,13580,0,413956,413956,0,90368,90368,0,25635,25635,0,17818,17818,0,30.2,30.2,0.0,6.4,6.4,0.0,10.1,10.1,0.0,12.9,12.9,0.0,3.3,3.3,0.0,21.8,21.8,0.0,6.2,6.2,0.0,4.3,4.3,0.0,3.6,3.6,0.0,8.3,8.3,0.0,9.3,9.3,0.0,53.5,53.5,0.0,7.8,7.8,0.0,87.1,87.1,0.0,96.7,96.7,0.0,100.0,100.0,100.0,14826,14826,0,34522,34522,0,2026-03-10T00:00:00.000,221598,221598,0,32136,32136,0,38318,38318,0,360532,360532,0,400376,400376,0,79,79,0,21,21,0,37,37,0,92,92,0,29,29,0,35,35,0,16,16,0,11,11,0,21,21,0,22,22,0,29,29,0,290,290,0,257,257,0,138,138,0,2026 Report Week 10
067 ,067411,ICEU,NYC,N10,-12,3130,-2440,-303,-1226,2885,-11498,-7905,13937,676,-9140,607,4611,1918,3188,4111,CRUDE OIL,NATURAL RESOURCES,CRUDE OIL,PETROLEUM AND PRODUCTS,34.9,34.9,0.0,34.4,34.4,0.0,57.0,57.0,0.0,50.1,50.1,0.0,29.1,29.1,0.0,26.9,26.9,0.0,40.6,40.6,0.0,35.6,35.6,0.0,"CRUDE OIL, LIGHT SWEET-WTI","(CONTRACTS OF 1,000 BARRELS)",FutOnly,260317067411F,7867,7867,0,39154,39154,0,18477,18477,0,"CRUDE OIL, LIGHT SWEET-WTI - ICE FUTURES EUROPE",12053,12053,0,12248,12248,0,849074,849074,0,75254,75254,0,76798,76798,0,181667,181667,0,0.9,0.9,0.0,4.6,4.6,0.0,2.2,2.2,0.0,1.4,1.4,0.0,1.4,1.4,0.0,8.9,8.9,0.0,9.0,9.0,0.0,21.4,21.4,0.0,59.7,59.7,0.0,45.0,45.0,0.0,1.0,1.0,0.0,11.8,11.8,0.0,4.5,4.5,0.0,98.6,98.6,0.0,98.6,98.6,0.0,100.0,100.0,100.0,506855,506855,0,382342,382342,0,2026-03-17T00:00:00.000,99891,99891,0,38497,38497,0,8404,8404,0,837021,837021,0,836826,836826,0,4,4,0,17,17,0,14,14,0,16,16,0,23,23,0,36,36,0,46,46,0,39,39,0,5,5,0,10,10,0,14,14,0,127,127,0,112,112,0,113,113,0,2026 Report Week 11
067 ,067651,NYME,NYC,N10,-645,-4894,-2269,7994,12485,30255,-8238,5338,3511,36714,-124,-5617,17403,-1195,22261,17770,CRUDE OIL,NATURAL RESOURCES,CRUDE OIL,PETROLEUM AND PRODUCTS,19.6,19.6,0.0,20.9,20.9,0.0,32.0,32.0,0.0,30.8,30.8,0.0,11.1,11.1,0.0,13.6,13.6,0.0,17.4,17.4,0.0,20.3,20.3,0.0,WTI-PHYSICAL,"(CONTRACTS OF 1,000 BARRELS)",FutOnly,260317067651F,189353,189353,0,92982,92982,0,384449,384449,0,WTI-PHYSICAL - NEW YORK MERCANTILE EXCHANGE,96748,96748,0,52807,52807,0,2081576,2081576,0,196415,196415,0,74098,74098,0,357476,357476,0,9.1,9.1,0.0,4.5,4.5,0.0,18.5,18.5,0.0,4.6,4.6,0.0,2.5,2.5,0.0,9.4,9.4,0.0,3.6,3.6,0.0,17.2,17.2,0.0,30.6,30.6,0.0,18.6,18.6,0.0,6.2,6.2,0.0,30.8,30.8,0.0,4.4,4.4,0.0,95.4,95.4,0.0,97.5,97.5,0.0,100.0,100.0,100.0,636578,636578,0,387182,387182,0,2026-03-17T00:00:00.000,640467,640467,0,92115,92115,0,128442,128442,0,1984828,1984828,0,2028769,2028769,0,71,71,0,30,30,0,57,57,0,68,68,0,35,35,0,65,65,0,67,67,0,62,62,0,21,21,0,25,25,0,38,38,0,329,329,0,301,301,0,246,246,0,2026 Report Week 11
085 ,085692,CMX ,NYC,N25,-1524,-406,-643,947,524,-4003,-2335,169,-135,-1446,-3072,590,-983,543,-4950,-4527,COPPER,NATURAL RESOURCES,COPPER,BASE METALS,18.8,18.8,0.0,34.0,34.0,0.0,27.7,27.7,0.0,47.1,47.1,0.0,17.2,17.2,0.0,32.1,32.1,0.0,25.8,25.8,0.0,43.3,43.3,0.0,COPPER- #1,"(CONTRACTS OF 25,000 POUNDS)",FutOnly,260317085692F,61888,61888,0,15330,15330,0,26034,26034,0,COPPER- #1 - COMMODITY EXCHANGE INC.,21125,21125,0,9735,9735,0,231319,231319,0,16626,16626,0,15140,15140,0,18307,18307,0,26.8,26.8,0.0,6.6,6.6,0.0,11.3,11.3,0.0,9.1,9.1,0.0,4.2,4.2,0.0,7.2,7.2,0.0,6.5,6.5,0.0,7.9,7.9,0.0,12.1,12.1,0.0,49.0,49.0,0.0,22.2,22.2,0.0,11.1,11.1,0.0,3.4,3.4,0.0,90.9,90.9,0.0,95.8,95.8,0.0,100.0,100.0,100.0,28066,28066,0,113299,113299,0,2026-03-17T00:00:00.000,25632,25632,0,7842,7842,0,51431,51431,0,210194,210194,0,221584,221584,0,71,71,0,24,24,0,43,43,0,65,65,0,37,37,0,48,48,0,31,31,0,30,30,0,27,27,0,9,9,0,19,19,0,279,279,0,247,247,0,167,167,0,2026 Report Week 11
088 ,088691,CMX ,NYC,N20,5070,1426,149,-511,554,-2568,-4554,2353,-3626,1053,-809,-1343,-3809,1194,-2057,-3122,GOLD,NATURAL RESOURCES,GOLD,PRECIOUS METALS,18.4,18.4,0.0,33.0,33.0,0.0,29.9,29.9,0.0,48.7,48.7,0.0,15.6,15.6,0.0,31.6,31.6,0.0,23.9,23.9,0.0,43.0,43.0,0.0,GOLD,(CONTRACTS OF 100 TROY OUNCES),FutOnly,260317088691F,130147,130147,0,28104,28104,0,42138,42138,0,GOLD - COMMODITY EXCHANGE INC.,52913,52913,0,14134,14134,0,411388,411388,0,85814,85814,0,27988,27988,0,14192,14192,0,31.6,31.6,0.0,6.8,6.8,0.0,10.2,10.2,0.0,12.9,12.9,0.0,3.4,3.4,0.0,20.9,20.9,0.0,6.8,6.8,0.0,3.4,3.4,0.0,3.9,3.9,0.0,8.2,8.2,0.0,9.0,9.0,0.0,52.9,52.9,0.0,8.1,8.1,0.0,87.1,87.1,0.0,96.6,96.6,0.0,100.0,100.0,100.0,15879,15879,0,33713,33713,0,2026-03-17T00:00:00.000,217789,217789,0,33330,33330,0,36975,36975,0,358475,358475,0,397254,397254,0,81,81,0,24,24,0,38,38,0,95,95,0,31,31,0,39,39,0,15,15,0,13,13,0,17,17,0,25,25,0,33,33,0,301,301,0,263,263,0,152,152,0,2026 Report Week 11
067 ,067411,ICEU,NYC,N10,-18,-2025,1229,-333,413,-3040,-4280,1178,4018,-4282,-12913,1648,6082,-1022,-2707,-3453,CRUDE OIL,NATURAL RESOURCES,CRUDE OIL,PETROLEUM AND PRODUCTS,33.7,33.7,0.0,35.8,35.8,0.0,55.9,55.9,0.0,51.6,51.6,0.0,28.6,28.6,0.0,27.8,27.8,0.0,41.1,41.1,0.0,35.1,35.1,0.0,"CRUDE OIL, LIGHT SWEET-WTI","(CONTRACTS OF 1,000 BARRELS)",FutOnly,260324067411F,7849,7849,0,37129,37129,0,19706,19706,0,"CRUDE OIL, LIGHT SWEET-WTI - ICE FUTURES EUROPE",11720,11720,0,12661,12661,0,846034,846034,0,70974,70974,0,77976,77976,0,185685,185685,0,0.9,0.9,0.0,4.4,4.4,0.0,2.3,2.3,0.0,1.4,1.4,0.0,1.5,1.5,0.0,8.4,8.4,0.0,9.2,9.2,0.0,21.9,21.9,0.0,59.4,59.4,0.0,43.7,43.7,0.0,1.2,1.2,0.0,12.5,12.5,0.0,4.4,4.4,0.0,98.6,98.6,0.0,98.5,98.5,0.0,100.0,100.0,100.0,502573,502573,0,369429,369429,0,2026-03-24T00:00:00.000,105973,105973,0,37475,37475,0,10052,10052,0,834314,834314,0,833373,833373,0,4,4,0,15,15,0,16,16,0,11,11,0,27,27,0,31,31,0,44,44,0,39,39,0,7,7,0,9,9,0,15,15,0,122,122,0,108,108,0,110,110,0,2026 Report Week 12
067 ,067651,NYME,NYC,N10,-8214,-6179,-9437,-20235,-9684,-79511,-1404,-18371,-24286,-11502,-29394,-16067,6206,11634,-59276,-69827,CRUDE OIL,NATURAL RESOURCES,CRUDE OIL,PETROLEUM AND PRODUCTS,20.3,20.3,0.0,21.3,21.3,0.0,32.9,32.9,0.0,31.2,31.2,0.0,11.1,11.1,0.0,14.3,14.3,0.0,17.3,17.3,0.0,21.2,21.2,0.0,WTI-PHYSICAL,"(CONTRACTS OF 1,000 BARRELS)",FutOnly,260324067651F,181139,181139,0,86803,86803,0,375012,375012,0,WTI-PHYSICAL - NEW YORK MERCANTILE EXCHANGE,76513,76513,0,43123,43123,0,2002065,2002065,0,195011,195011,0,55727,55727,0,333190,333190,0,9.0,9.0,0.0,4.3,4.3,0.0,18.7,18.7,0.0,3.8,3.8,0.0,2.2,2.2,0.0,9.7,9.7,0.0,2.8,2.8,0.0,16.6,16.6,0.0,31.2,31.2,0.0,17.9,17.9,0.0,5.6,5.6,0.0,32.3,32.3,0.0,5.2,5.2,0.0,96.2,96.2,0.0,97.8,97.8,0.0,100.0,100.0,100.0,625076,625076,0,357788,357788,0,2026-03-24T00:00:00.000,646673,646673,0,103749,103749,0,112375,112375,0,1925552,1925552,0,1958942,1958942,0,64,64,0,30,30,0,56,56,0,64,64,0,32,32,0,63,63,0,59,59,0,57,57,0,18,18,0,26,26,0,35,35,0,307,307,0,282,282,0,230,230,0,2026 Report Week 12
085 ,085692,CMX ,NYC,N25,-10505,769,-1612,-1929,710,-9547,482,-285,484,4285,-8875,-2017,-2003,1265,-7618,-10257,COPPER,NATURAL RESOURCES,COPPER,BASE METALS,19.9,19.9,0.0,32.3,32.3,0.0,28.8,28.8,0.0,45.3,45.3,0.0,18.0,18.0,0.0,30.3,30.3,0.0,26.6,26.6,0.0,40.8,40.8,0.0,COPPER- #1,"(CONTRACTS OF 25,000 POUNDS)",FutOnly,260324085692F,51383,51383,0,16099,16099,0,24422,24422,0,COPPER- #1 - COMMODITY EXCHANGE INC.,19196,19196,0,10445,10445,0,221772,221772,0,17108,17108,0,14855,14855,0,18791,18791,0,23.2,23.2,0.0,7.3,7.3,0.0,11.0,11.0,0.0,8.7,8.7,0.0,4.7,4.7,0.0,7.7,7.7,0.0,6.7,6.7,0.0,8.5,8.5,0.0,14.6,14.6,0.0,47.1,47.1,0.0,22.3,22.3,0.0,10.7,10.7,0.0,4.1,4.1,0.0,91.3,91.3,0.0,95.3,95.3,0.0,100.0,100.0,100.0,32351,32351,0,104424,104424,0,2026-03-24T00:00:00.000,23629,23629,0,9107,9107,0,49414,49414,0,202576,202576,0,211327,211327,0,66,66,0,26,26,0,39,39,0,61,61,0,32,32,0,45,45,0,31,31,0,28,28,0,24,24,0,10,10,0,21,21,0,265,265,0,231,231,0,163,163,0,2026 Report Week 12
088 ,088691,CMX ,NYC,N20,-10585,-163,1687,-3640,-362,-7463,15485,-3395,-1223,-3118,1264,-906,-108,-5163,-3823,-7101,GOLD,NATURAL RESOURCES,GOLD,PRECIOUS METALS,19.5,19.5,0.0,32.9,32.9,0.0,31.4,31.4,0.0,49.3,49.3,0.0,17.1,17.1,0.0,31.0,31.0,0.0,26.0,26.0,0.0,42.9,42.9,0.0,GOLD,(CONTRACTS OF 100 TROY OUNCES),FutOnly,260324088691F,119562,119562,0,27941,27941,0,43825,43825,0,GOLD - COMMODITY EXCHANGE INC.,49273,49273,0,13772,13772,0,403925,403925,0,101299,101299,0,24593,24593,0,12969,12969,0,29.6,29.6,0.0,6.9,6.9,0.0,10.8,10.8,0.0,12.2,12.2,0.0,3.4,3.4,0.0,25.1,25.1,0.0,6.1,6.1,0.0,3.2,3.2,0.0,3.2,3.2,0.0,8.7,8.7,0.0,8.9,8.9,0.0,53.9,53.9,0.0,7.0,7.0,0.0,87.8,87.8,0.0,96.6,96.6,0.0,100.0,100.0,100.0,12761,12761,0,34977,34977,0,2026-03-24T00:00:00.000,217681,217681,0,28167,28167,0,36069,36069,0,354652,354652,0,390153,390153,0,70,70,0,25,25,0,41,41,0,102,102,0,25,25,0,39,39,0,14,14,0,15,15,0,14,14,0,25,25,0,30,30,0,288,288,0,254,254,0,151,151,0,2026 Report Week 12
067 ,067651,NYME,NYC,N10,-3359,17630,-18455,-745,1042,28905,5296,4439,16569,17836,-2604,2637,1158,9126,29650,27863,CRUDE OIL,NATURAL RESOURCES,CRUDE OIL,PETROLEUM AND PRODUCTS,20.0,20.0,0.0,21.0,21.0,0.0,32.5,32.5,0.0,30.8,30.8,0.0,11.5,11.5,0.0,14.0,14.0,0.0,17.8,17.8,0.0,20.8,20.8,0.0,WTI-PHYSICAL,"(CONTRACTS OF 1,000 BARRELS)",FutOnly,260331067651F,177780,177780,0,104433,104433,0,356557,356557,0,WTI-PHYSICAL - NEW YORK MERCANTILE EXCHANGE,75768,75768,0,44165,44165,0,2030970,2030970,0,200307,200307,0,60166,60166,0,349759,349759,0,8.8,8.8,0.0,5.1,5.1,0.0,17.6,17.6,0.0,3.7,3.7,0.0,2.2,2.2,0.0,9.9,9.9,0.0,3.0,3.0,0.0,17.2,17.2,0.0,31.7,31.7,0.0,17.5,17.5,0.0,5.7,5.7,0.0,31.9,31.9,0.0,5.6,5.6,0.0,96.3,96.3,0.0,97.8,97.8,0.0,100.0,100.0,100.0,642912,642912,0,355184,355184,0,2026-03-31T00:00:00.000,647831,647831,0,112875,112875,0,115012,115012,0,1955202,1955202,0,1986805,1986805,0,72,72,0,30,30,0,56,56,0,70,70,0,29,29,0,65,65,0,62,62,0,59,59,0,16,16,0,27,27,0,35,35,0,317,317,0,290,290,0,235,235,0,2026 Report Week 13
067 ,067411,ICEU,NYC,N10,-658,3876,2136,-1725,936,9579,2596,6782,-5790,14395,-3795,-164,6645,-1211,11304,8643,CRUDE OIL,NATURAL RESOURCES,CRUDE OIL,PETROLEUM AND PRODUCTS,32.8,32.8,0.0,34.3,34.3,0.0,54.9,54.9,0.0,50.9,50.9,0.0,28.0,28.0,0.0,27.6,27.6,0.0,41.8,41.8,0.0,36.0,36.0,0.0,"CRUDE OIL, LIGHT SWEET-WTI","(CONTRACTS OF 1,000 BARRELS)",FutOnly,260331067411F,7191,7191,0,41005,41005,0,21842,21842,0,"CRUDE OIL, LIGHT SWEET-WTI - ICE FUTURES EUROPE",9995,9995,0,13597,13597,0,855613,855613,0,73570,73570,0,84758,84758,0,179895,179895,0,0.8,0.8,0.0,4.8,4.8,0.0,2.6,2.6,0.0,1.2,1.2,0.0,1.6,1.6,0.0,8.6,8.6,0.0,9.9,9.9,0.0,21.0,21.0,0.0,60.4,60.4,0.0,42.7,42.7,0.0,1.2,1.2,0.0,13.2,13.2,0.0,4.2,4.2,0.0,98.8,98.8,0.0,98.4,98.4,0.0,100.0,100.0,100.0,516968,516968,0,365634,365634,0,2026-03-31T00:00:00.000,112618,112618,0,36264,36264,0,9888,9888,0,845618,845618,0,842016,842016,0,,,0,16,16,0,15,15,0,12,12,0,26,26,0,33,33,0,44,44,0,40,40,0,6,6,0,9,9,0,14,14,0,122,122,0,109,109,0,110,110,0,2026 Report Week 13
085 ,085692,CMX ,NYC,N25,3192,-696,3869,1252,298,-1016,-576,745,-2427,-6958,-1686,837,-914,-205,-2268,-1314,COPPER,NATURAL RESOURCES,COPPER,BASE METALS,18.9,18.9,0.0,32.3,32.3,0.0,28.8,28.8,0.0,46.8,46.8,0.0,17.6,17.6,0.0,30.7,30.7,0.0,25.8,25.8,0.0,42.9,42.9,0.0,COPPER- #1,"(CONTRACTS OF 25,000 POUNDS)",FutOnly,260331085692F,54575,54575,0,15403,15403,0,28291,28291,0,COPPER- #1 - COMMODITY EXCHANGE INC.,20448,20448,0,10743,10743,0,220756,220756,0,16532,16532,0,15600,15600,0,16364,16364,0,24.7,24.7,0.0,7.0,7.0,0.0,12.8,12.8,0.0,9.3,9.3,0.0,4.9,4.9,0.0,7.5,7.5,0.0,7.1,7.1,0.0,7.4,7.4,0.0,11.5,11.5,0.0,46.5,46.5,0.0,22.8,22.8,0.0,10.3,10.3,0.0,4.0,4.0,0.0,90.7,90.7,0.0,95.1,95.1,0.0,100.0,100.0,100.0,25393,25393,0,102738,102738,0,2026-03-31T00:00:00.000,22715,22715,0,8902,8902,0,50251,50251,0,200308,200308,0,210013,210013,0,65,65,0,24,24,0,40,40,0,59,59,0,33,33,0,41,41,0,30,30,0,28,28,0,22,22,0,10,10,0,20,20,0,261,261,0,222,222,0,163,163,0,2026 Report Week 13
088 ,088691,CMX ,NYC,N20,530,-663,-8509,1344,-1593,-42516,-13789,-7471,-3792,-1782,-4088,-5868,-5750,-10650,-43860,-40923,GOLD,NATURAL RESOURCES,GOLD,PRECIOUS METALS,21.9,21.9,0.0,36.3,36.3,0.0,32.9,32.9,0.0,53.3,53.3,0.0,18.0,18.0,0.0,35.0,35.0,0.0,26.9,26.9,0.0,46.7,46.7,0.0,GOLD,(CONTRACTS OF 100 TROY OUNCES),FutOnly,260331088691F,120092,120092,0,27278,27278,0,35316,35316,0,GOLD - COMMODITY EXCHANGE INC.,50617,50617,0,12179,12179,0,361409,361409,0,87510,87510,0,17122,17122,0,9177,9177,0,33.2,33.2,0.0,7.5,7.5,0.0,9.8,9.8,0.0,14.0,14.0,0.0,3.4,3.4,0.0,24.2,24.2,0.0,4.7,4.7,0.0,2.5,2.5,0.0,3.0,3.0,0.0,8.5,8.5,0.0,8.4,8.4,0.0,58.6,58.6,0.0,4.8,4.8,0.0,86.0,86.0,0.0,96.6,96.6,0.0,100.0,100.0,100.0,10979,10979,0,30889,30889,0,2026-03-31T00:00:00.000,211931,211931,0,17517,17517,0,30201,30201,0,310792,310792,0,349230,349230,0,70,70,0,13,13,0,33,33,0,95,95,0,19,19,0,24,24,0,14,14,0,14,14,0,12,12,0,27,27,0,24,24,0,259,259,0,229,229,0,117,117,0,2026 Report Week 13
067 ,067411,ICEU,NYC,N10,692,2568,-4146,443,-532,3225,8271,-4710,4567,-7465,6668,1444,-609,-581,2782,3757,CRUDE OIL,NATURAL RESOURCES,CRUDE OIL,PETROLEUM AND PRODUCTS,33.8,33.8,0.0,34.1,34.1,0.0,55.4,55.4,0.0,50.4,50.4,0.0,28.3,28.3,0.0,27.5,27.5,0.0,42.1,42.1,0.0,35.9,35.9,0.0,"CRUDE OIL, LIGHT SWEET-WTI","(CONTRACTS OF 1,000 BARRELS)",FutOnly,260407067411F,7883,7883,0,43573,43573,0,17696,17696,0,"CRUDE OIL, LIGHT SWEET-WTI - ICE FUTURES EUROPE",10438,10438,0,13065,13065,0,858838,858838,0,81841,81841,0,80048,80048,0,184462,184462,0,0.9,0.9,0.0,5.1,5.1,0.0,2.1,2.1,0.0,1.2,1.2,0.0,1.5,1.5,0.0,9.5,9.5,0.0,9.3,9.3,0.0,21.5,21.5,0.0,59.3,59.3,0.0,43.3,43.3,0.0,1.3,1.3,0.0,13.0,13.0,0.0,4.2,4.2,0.0,98.8,98.8,0.0,98.5,98.5,0.0,100.0,100.0,100.0,509503,509503,0,372302,372302,0,2026-04-07T00:00:00.000,112009,112009,0,35683,35683,0,11332,11332,0,848400,848400,0,845773,845773,0,,,0,16,16,0,15,15,0,13,13,0,26,26,0,37,37,0,40,40,0,37,37,0,5,5,0,10,10,0,14,14,0,123,123,0,109,109,0,110,110,0,2026 Report Week 14
067 ,067651,NYME,NYC,N10,8988,3635,-12158,5905,9195,6887,-5460,11228,-3165,4099,-1286,2748,-6492,5930,982,-2308,CRUDE OIL,NATURAL RESOURCES,CRUDE OIL,PETROLEUM AND PRODUCTS,20.7,20.7,0.0,21.3,21.3,0.0,32.8,32.8,0.0,31.7,31.7,0.0,11.6,11.6,0.0,13.7,13.7,0.0,17.5,17.5,0.0,20.6,20.6,0.0,WTI-PHYSICAL,"(CONTRACTS OF 1,000 BARRELS)",FutOnly,260407067651F,186768,186768,0,108068,108068,0,344399,344399,0,WTI-PHYSICAL - NEW YORK MERCANTILE EXCHANGE,81673,81673,0,53360,53360,0,2037857,2037857,0,194847,194847,0,71394,71394,0,346594,346594,0,9.2,9.2,0.0,5.3,5.3,0.0,16.9,16.9,0.0,4.0,4.0,0.0,2.6,2.6,0.0,9.6,9.6,0.0,3.5,3.5,0.0,17.0,17.0,0.0,31.7,31.7,0.0,17.4,17.4,0.0,5.8,5.8,0.0,31.5,31.5,0.0,5.8,5.8,0.0,96.0,96.0,0.0,97.4,97.4,0.0,100.0,100.0,100.0,647011,647011,0,353898,353898,0,2026-04-07T00:00:00.000,641339,641339,0,118805,118805,0,117760,117760,0,1956184,1956184,0,1984497,1984497,0,73,73,0,30,30,0,60,60,0,65,65,0,32,32,0,65,65,0,63,63,0,58,58,0,17,17,0,26,26,0,37,37,0,318,318,0,294,294,0,238,238,0,2026 Report Week 14
085 ,085692,CMX ,NYC,N25,1638,2417,629,140,-1543,3878,-108,-1010,2106,-1205,2231,2634,1004,-1956,3738,5421,COPPER,NATURAL RESOURCES,COPPER,BASE METALS,19.8,19.8,0.0,32.3,32.3,0.0,29.2,29.2,0.0,47.3,47.3,0.0,17.8,17.8,0.0,31.2,31.2,0.0,25.8,25.8,0.0,42.9,42.9,0.0,COPPER- #1,"(CONTRACTS OF 25,000 POUNDS)",FutOnly,260407085692F,56213,56213,0,17820,17820,0,28920,28920,0,COPPER- #1 - COMMODITY EXCHANGE INC.,20588,20588,0,9200,9200,0,224634,224634,0,16424,16424,0,14590,14590,0,18470,18470,0,25.0,25.0,0.0,7.9,7.9,0.0,12.9,12.9,0.0,9.2,9.2,0.0,4.1,4.1,0.0,7.3,7.3,0.0,6.5,6.5,0.0,8.2,8.2,0.0,10.8,10.8,0.0,46.7,46.7,0.0,23.5,23.5,0.0,10.6,10.6,0.0,3.1,3.1,0.0,90.8,90.8,0.0,95.9,95.9,0.0,100.0,100.0,100.0,24188,24188,0,104969,104969,0,2026-04-07T00:00:00.000,23719,23719,0,6946,6946,0,52885,52885,0,204046,204046,0,215434,215434,0,69,69,0,29,29,0,43,43,0,61,61,0,31,31,0,45,45,0,31,31,0,28,28,0,23,23,0,9,9,0,18,18,0,268,268,0,234,234,0,165,165,0,2026 Report Week 14
088 ,088691,CMX ,NYC,N20,634,3416,-2628,-1500,-508,-6532,-2868,1247,798,734,120,-36,-7311,-1666,-5032,-6024,GOLD,NATURAL RESOURCES,GOLD,PRECIOUS METALS,21.7,21.7,0.0,36.9,36.9,0.0,32.2,32.2,0.0,52.7,52.7,0.0,18.0,18.0,0.0,34.4,34.4,0.0,26.5,26.5,0.0,46.6,46.6,0.0,GOLD,(CONTRACTS OF 100 TROY OUNCES),FutOnly,260407088691F,120726,120726,0,30694,30694,0,32688,32688,0,GOLD - COMMODITY EXCHANGE INC.,49117,49117,0,11671,11671,0,354877,354877,0,84642,84642,0,18369,18369,0,9975,9975,0,34.0,34.0,0.0,8.6,8.6,0.0,9.2,9.2,0.0,13.8,13.8,0.0,3.3,3.3,0.0,23.9,23.9,0.0,5.2,5.2,0.0,2.8,2.8,0.0,3.3,3.3,0.0,8.7,8.7,0.0,8.5,8.5,0.0,57.7,57.7,0.0,4.5,4.5,0.0,86.2,86.2,0.0,96.7,96.7,0.0,100.0,100.0,100.0,11713,11713,0,31009,31009,0,2026-04-07T00:00:00.000,204620,204620,0,15851,15851,0,30165,30165,0,305760,305760,0,343206,343206,0,76,76,0,14,14,0,35,35,0,92,92,0,23,23,0,24,24,0,13,13,0,13,13,0,15,15,0,25,25,0,24,24,0,266,266,0,233,233,0,121,121,0,2026 Report Week 14
067 ,067411,ICEU,NYC,N10,350,9894,3392,2951,380,13194,5050,-9376,12742,-16911,-5385,-2195,-6268,7815,10243,12814,CRUDE OIL,NATURAL RESOURCES,CRUDE OIL,PETROLEUM AND PRODUCTS,34.1,34.1,0.0,32.4,32.4,0.0,56.1,56.1,0.0,49.2,49.2,0.0,28.0,28.0,0.0,25.2,25.2,0.0,42.7,42.7,0.0,32.8,32.8,0.0,"CRUDE OIL, LIGHT SWEET-WTI","(CONTRACTS OF 1,000 BARRELS)",FutOnly,260414067411F,8233,8233,0,53467,53467,0,21088,21088,0,"CRUDE OIL, LIGHT SWEET-WTI - ICE FUTURES EUROPE",13389,13389,0,13445,13445,0,872032,872032,0,86891,86891,0,70672,70672,0,197204,197204,0,0.9,0.9,0.0,6.1,6.1,0.0,2.4,2.4,0.0,1.5,1.5,0.0,1.5,1.5,0.0,10.0,10.0,0.0,8.1,8.1,0.0,22.6,22.6,0.0,56.5,56.5,0.0,42.1,42.1,0.0,1.0,1.0,0.0,12.1,12.1,0.0,5.0,5.0,0.0,98.5,98.5,0.0,98.5,98.5,0.0,100.0,100.0,100.0,492592,492592,0,366917,366917,0,2026-04-14T00:00:00.000,105741,105741,0,43498,43498,0,9137,9137,0,858643,858643,0,858587,858587,0,4,4,0,16,16,0,16,16,0,16,16,0,23,23,0,39,39,0,39,39,0,37,37,0,4,4,0,11,11,0,14,14,0,122,122,0,110,110,0,112,112,0,2026 Report Week 15
067 ,067651,NYME,NYC,N10,13362,-6306,10865,487,-11594,56635,-4509,10771,28996,25523,24640,-7255,10097,-10834,56148,68229,CRUDE OIL,NATURAL RESOURCES,CRUDE OIL,PETROLEUM AND PRODUCTS,19.9,19.9,0.0,20.7,20.7,0.0,31.6,31.6,0.0,31.5,31.5,0.0,10.7,10.7,0.0,13.5,13.5,0.0,16.8,16.8,0.0,20.7,20.7,0.0,WTI-PHYSICAL,"(CONTRACTS OF 1,000 BARRELS)",FutOnly,260414067651F,200130,200130,0,101762,101762,0,355264,355264,0,WTI-PHYSICAL - NEW YORK MERCANTILE EXCHANGE,82160,82160,0,41766,41766,0,2094492,2094492,0,190338,190338,0,82165,82165,0,375590,375590,0,9.6,9.6,0.0,4.9,4.9,0.0,17.0,17.0,0.0,3.9,3.9,0.0,2.0,2.0,0.0,9.1,9.1,0.0,3.9,3.9,0.0,17.9,17.9,0.0,32.1,32.1,0.0,18.1,18.1,0.0,5.3,5.3,0.0,31.1,31.1,0.0,5.2,5.2,0.0,96.1,96.1,0.0,98.0,98.0,0.0,100.0,100.0,100.0,672534,672534,0,378538,378538,0,2026-04-14T00:00:00.000,651436,651436,0,107971,107971,0,110505,110505,0,2012332,2012332,0,2052726,2052726,0,78,78,0,24,24,0,60,60,0,69,69,0,41,41,0,73,73,0,67,67,0,62,62,0,19,19,0,25,25,0,34,34,0,334,334,0,309,309,0,249,249,0,2026 Report Week 15
085 ,085692,CMX ,NYC,N25,12266,-1674,-3526,-1277,1079,20961,1399,457,7164,627,14282,1015,-114,3293,22238,19882,COPPER,NATURAL RESOURCES,COPPER,BASE METALS,18.1,18.1,0.0,32.2,32.2,0.0,27.1,27.1,0.0,45.7,45.7,0.0,16.6,16.6,0.0,31.7,31.7,0.0,24.1,24.1,0.0,42.4,42.4,0.0,COPPER- #1,"(CONTRACTS OF 25,000 POUNDS)",FutOnly,260414085692F,68479,68479,0,16146,16146,0,25394,25394,0,COPPER- #1 - COMMODITY EXCHANGE INC.,19311,19311,0,10279,10279,0,245595,245595,0,17823,17823,0,15047,15047,0,25634,25634,0,27.9,27.9,0.0,6.6,6.6,0.0,10.3,10.3,0.0,7.9,7.9,0.0,4.2,4.2,0.0,7.3,7.3,0.0,6.1,6.1,0.0,10.4,10.4,0.0,10.1,10.1,0.0,48.6,48.6,0.0,21.9,21.9,0.0,9.6,9.6,0.0,4.2,4.2,0.0,92.1,92.1,0.0,95.8,95.8,0.0,100.0,100.0,100.0,24815,24815,0,119251,119251,0,2026-04-14T00:00:00.000,23605,23605,0,10239,10239,0,53900,53900,0,226284,226284,0,235316,235316,0,79,79,0,23,23,0,41,41,0,63,63,0,34,34,0,41,41,0,30,30,0,33,33,0,22,22,0,12,12,0,18,18,0,283,283,0,248,248,0,161,161,0,2026 Report Week 15
088 ,088691,CMX ,NYC,N20,4696,-413,502,2451,1341,7397,-55,-1167,1775,1438,672,-1876,6221,-1534,4946,6056,GOLD,NATURAL RESOURCES,GOLD,PRECIOUS METALS,21.4,21.4,0.0,36.6,36.6,0.0,31.2,31.2,0.0,52.7,52.7,0.0,17.6,17.6,0.0,34.6,34.6,0.0,25.3,25.3,0.0,46.6,46.6,0.0,GOLD,(CONTRACTS OF 100 TROY OUNCES),FutOnly,260414088691F,125422,125422,0,30281,30281,0,33190,33190,0,GOLD - COMMODITY EXCHANGE INC.,51568,51568,0,13012,13012,0,362274,362274,0,84587,84587,0,17202,17202,0,11750,11750,0,34.6,34.6,0.0,8.4,8.4,0.0,9.2,9.2,0.0,14.2,14.2,0.0,3.6,3.6,0.0,23.3,23.3,0.0,4.7,4.7,0.0,3.2,3.2,0.0,3.6,3.6,0.0,8.7,8.7,0.0,7.8,7.8,0.0,58.2,58.2,0.0,4.0,4.0,0.0,85.8,85.8,0.0,96.4,96.4,0.0,100.0,100.0,100.0,13151,13151,0,31681,31681,0,2026-04-14T00:00:00.000,210841,210841,0,14317,14317,0,28289,28289,0,310706,310706,0,349262,349262,0,83,83,0,13,13,0,31,31,0,96,96,0,21,21,0,21,21,0,16,16,0,14,14,0,12,12,0,27,27,0,22,22,0,277,277,0,244,244,0,114,114,0,2026 Report Week 15
067 ,067411,ICEU,NYC,N10,-49,-4312,-2176,-2860,-1067,-29204,-2332,13891,-17624,-1969,-4226,390,-11106,-2584,-26344,-28137,CRUDE OIL,NATURAL RESOURCES,CRUDE OIL,PETROLEUM AND PRODUCTS,35.0,35.0,0.0,33.5,33.5,0.0,57.3,57.3,0.0,50.5,50.5,0.0,28.4,28.4,0.0,26.0,26.0,0.0,43.6,43.6,0.0,34.7,34.7,0.0,"CRUDE OIL, LIGHT SWEET-WTI","(CONTRACTS OF 1,000 BARRELS)",FutOnly,260421067411F,8184,8184,0,49155,49155,0,18912,18912,0,"CRUDE OIL, LIGHT SWEET-WTI - ICE FUTURES EUROPE",10529,10529,0,12378,12378,0,842828,842828,0,84559,84559,0,84563,84563,0,179580,179580,0,1.0,1.0,0.0,5.8,5.8,0.0,2.2,2.2,0.0,1.2,1.2,0.0,1.5,1.5,0.0,10.0,10.0,0.0,10.0,10.0,0.0,21.3,21.3,0.0,58.2,58.2,0.0,43.0,43.0,0.0,1.1,1.1,0.0,11.2,11.2,0.0,4.9,4.9,0.0,98.8,98.8,0.0,98.5,98.5,0.0,100.0,100.0,100.0,490623,490623,0,362691,362691,0,2026-04-21T00:00:00.000,94635,94635,0,40914,40914,0,9527,9527,0,832299,832299,0,830450,830450,0,,,0,18,18,0,15,15,0,14,14,0,27,27,0,36,36,0,41,41,0,38,38,0,5,5,0,9,9,0,13,13,0,128,128,0,108,108,0,114,114,0,2026 Report Week 16
067 ,067651,NYME,NYC,N10,701,-818,-36487,-6090,-105,-109745,-11149,4609,-39026,-12597,-32906,1361,1446,-6458,-103655,-109640,CRUDE OIL,NATURAL RESOURCES,CRUDE OIL,PETROLEUM AND PRODUCTS,20.7,20.7,0.0,21.0,21.0,0.0,32.7,32.7,0.0,32.0,32.0,0.0,11.3,11.3,0.0,14.2,14.2,0.0,17.7,17.7,0.0,21.6,21.6,0.0,WTI-PHYSICAL,"(CONTRACTS OF 1,000 BARRELS)",FutOnly,260421067651F,200831,200831,0,100944,100944,0,318777,318777,0,WTI-PHYSICAL - NEW YORK MERCANTILE EXCHANGE,76070,76070,0,41661,41661,0,1984747,1984747,0,179189,179189,0,86774,86774,0,336564,336564,0,10.1,10.1,0.0,5.1,5.1,0.0,16.1,16.1,0.0,3.8,3.8,0.0,2.1,2.1,0.0,9.0,9.0,0.0,4.4,4.4,0.0,17.0,17.0,0.0,33.3,33.3,0.0,17.4,17.4,0.0,5.6,5.6,0.0,32.9,32.9,0.0,5.1,5.1,0.0,96.2,96.2,0.0,97.9,97.9,0.0,100.0,100.0,100.0,659937,659937,0,345632,345632,0,2026-04-21T00:00:00.000,652882,652882,0,101513,101513,0,111866,111866,0,1908677,1908677,0,1943086,1943086,0,66,66,0,25,25,0,52,52,0,56,56,0,38,38,0,66,66,0,64,64,0,59,59,0,16,16,0,28,28,0,32,32,0,308,308,0,279,279,0,231,231,0,2026 Report Week 16
085 ,085692,CMX ,NYC,N25,6276,-976,-1832,1106,7,4909,-2436,721,2894,217,5609,-1227,-1425,-89,3803,4902,COPPER,NATURAL RESOURCES,COPPER,BASE METALS,17.9,17.9,0.0,34.0,34.0,0.0,25.9,25.9,0.0,46.9,46.9,0.0,16.5,16.5,0.0,32.7,32.7,0.0,23.6,23.6,0.0,43.1,43.1,0.0,COPPER- #1,"(CONTRACTS OF 25,000 POUNDS)",FutOnly,260421085692F,74755,74755,0,15170,15170,0,23562,23562,0,COPPER- #1 - COMMODITY EXCHANGE INC.,20417,20417,0,10286,10286,0,250504,250504,0,15387,15387,0,15768,15768,0,28528,28528,0,29.8,29.8,0.0,6.1,6.1,0.0,9.4,9.4,0.0,8.2,8.2,0.0,4.1,4.1,0.0,6.1,6.1,0.0,6.3,6.3,0.0,11.4,11.4,0.0,10.0,10.0,0.0,49.8,49.8,0.0,21.0,21.0,0.0,8.9,8.9,0.0,4.1,4.1,0.0,91.8,91.8,0.0,95.9,95.9,0.0,100.0,100.0,100.0,25032,25032,0,124860,124860,0,2026-04-21T00:00:00.000,22180,22180,0,10150,10150,0,52673,52673,0,230087,230087,0,240218,240218,0,84,84,0,23,23,0,47,47,0,57,57,0,42,42,0,43,43,0,29,29,0,33,33,0,23,23,0,9,9,0,22,22,0,283,283,0,248,248,0,173,173,0,2026 Report Week 16
088 ,088691,CMX ,NYC,N20,-1741,424,706,655,277,3568,4625,980,-1181,-518,1370,-174,-204,1196,2913,3291,GOLD,NATURAL RESOURCES,GOLD,PRECIOUS METALS,21.4,21.4,0.0,36.3,36.3,0.0,31.1,31.1,0.0,52.2,52.2,0.0,17.7,17.7,0.0,34.1,34.1,0.0,25.3,25.3,0.0,46.0,46.0,0.0,GOLD,(CONTRACTS OF 100 TROY OUNCES),FutOnly,260421088691F,123681,123681,0,30705,30705,0,33896,33896,0,GOLD - COMMODITY EXCHANGE INC.,52223,52223,0,13289,13289,0,365842,365842,0,89212,89212,0,18182,18182,0,10569,10569,0,33.8,33.8,0.0,8.4,8.4,0.0,9.3,9.3,0.0,14.3,14.3,0.0,3.6,3.6,0.0,24.4,24.4,0.0,5.0,5.0,0.0,2.9,2.9,0.0,3.5,3.5,0.0,9.0,9.0,0.0,7.7,7.7,0.0,57.6,57.6,0.0,4.2,4.2,0.0,85.7,85.7,0.0,96.4,96.4,0.0,100.0,100.0,100.0,12633,12633,0,33051,33051,0,2026-04-21T00:00:00.000,210637,210637,0,15513,15513,0,28115,28115,0,313619,313619,0,352553,352553,0,86,86,0,15,15,0,36,36,0,92,92,0,24,24,0,29,29,0,13,13,0,14,14,0,15,15,0,28,28,0,23,23,0,282,282,0,246,246,0,130,130,0,2026 Report Week 16
067 ,067411,ICEU,NYC,N10,2490,-648,446,1502,132,12714,-447,1448,-2248,5770,5953,-874,1556,6075,11212,12582,CRUDE OIL,NATURAL RESOURCES,CRUDE OIL,PETROLEUM AND PRODUCTS,35.6,35.6,0.0,32.7,32.7,0.0,58.3,58.3,0.0,49.0,49.0,0.0,28.8,28.8,0.0,24.8,24.8,0.0,43.8,43.8,0.0,34.1,34.1,0.0,"CRUDE OIL, LIGHT SWEET-WTI","(CONTRACTS OF 1,000 BARRELS)",FutOnly,260428067411F,10674,10674,0,48507,48507,0,19358,19358,0,"CRUDE OIL, LIGHT SWEET-WTI - ICE FUTURES EUROPE",12031,12031,0,12510,12510,0,855542,855542,0,84112,84112,0,86011,86011,0,177332,177332,0,1.2,1.2,0.0,5.7,5.7,0.0,2.3,2.3,0.0,1.4,1.4,0.0,1.5,1.5,0.0,9.8,9.8,0.0,10.1,10.1,0.0,20.7,20.7,0.0,58.0,58.0,0.0,43.1,43.1,0.0,1.0,1.0,0.0,11.2,11.2,0.0,5.5,5.5,0.0,98.6,98.6,0.0,98.5,98.5,0.0,100.0,100.0,100.0,496393,496393,0,368644,368644,0,2026-04-28T00:00:00.000,96191,96191,0,46989,46989,0,8653,8653,0,843511,843511,0,843032,843032,0,4,4,0,16,16,0,13,13,0,15,15,0,25,25,0,38,38,0,41,41,0,37,37,0,4,4,0,10,10,0,13,13,0,124,124,0,108,108,0,110,110,0,2026 Report Week 17
067 ,067651,NYME,NYC,N10,-7502,12054,10726,-741,5925,32291,18165,-1000,-5991,18043,12228,-4917,-6159,4508,33032,26366,CRUDE OIL,NATURAL RESOURCES,CRUDE OIL,PETROLEUM AND PRODUCTS,20.3,20.3,0.0,20.6,20.6,0.0,32.7,32.7,0.0,31.4,31.4,0.0,11.3,11.3,0.0,13.7,13.7,0.0,17.6,17.6,0.0,20.8,20.8,0.0,WTI-PHYSICAL,"(CONTRACTS OF 1,000 BARRELS)",FutOnly,260428067651F,193329,193329,0,112998,112998,0,329503,329503,0,WTI-PHYSICAL - NEW YORK MERCANTILE EXCHANGE,75329,75329,0,47586,47586,0,2017038,2017038,0,197354,197354,0,85774,85774,0,330573,330573,0,9.6,9.6,0.0,5.6,5.6,0.0,16.3,16.3,0.0,3.7,3.7,0.0,2.4,2.4,0.0,9.8,9.8,0.0,4.3,4.3,0.0,16.4,16.4,0.0,33.6,33.6,0.0,17.7,17.7,0.0,5.3,5.3,0.0,32.1,32.1,0.0,5.3,5.3,0.0,96.3,96.3,0.0,97.6,97.6,0.0,100.0,100.0,100.0,677980,677980,0,357860,357860,0,2026-04-28T00:00:00.000,646723,646723,0,106021,106021,0,106949,106949,0,1941709,1941709,0,1969452,1969452,0,68,68,0,25,25,0,54,54,0,57,57,0,42,42,0,68,68,0,63,63,0,60,60,0,16,16,0,28,28,0,37,37,0,314,314,0,286,286,0,240,240,0,2026 Report Week 17
085 ,085692,CMX ,NYC,N25,1282,-70,-4057,-3554,-2171,-19908,1095,-1630,-13055,858,4144,-40,-632,-2437,-16354,-17737,COPPER,NATURAL RESOURCES,COPPER,BASE METALS,18.0,18.0,0.0,39.2,39.2,0.0,26.1,26.1,0.0,52.6,52.6,0.0,17.9,17.9,0.0,37.3,37.3,0.0,25.5,25.5,0.0,48.8,48.8,0.0,COPPER- #1,"(CONTRACTS OF 25,000 POUNDS)",FutOnly,260428085692F,76037,76037,0,15100,15100,0,19505,19505,0,COPPER- #1 - COMMODITY EXCHANGE INC.,16863,16863,0,8115,8115,0,230596,230596,0,16482,16482,0,14138,14138,0,15473,15473,0,33.0,33.0,0.0,6.5,6.5,0.0,8.5,8.5,0.0,7.3,7.3,0.0,3.5,3.5,0.0,7.1,7.1,0.0,6.1,6.1,0.0,6.7,6.7,0.0,11.2,11.2,0.0,55.9,55.9,0.0,22.8,22.8,0.0,9.3,9.3,0.0,3.3,3.3,0.0,92.7,92.7,0.0,96.5,96.5,0.0,100.0,100.0,100.0,25890,25890,0,129004,129004,0,2026-04-28T00:00:00.000,21548,21548,0,7713,7713,0,52633,52633,0,213733,213733,0,222481,222481,0,85,85,0,23,23,0,46,46,0,58,58,0,30,30,0,38,38,0,31,31,0,33,33,0,24,24,0,10,10,0,18,18,0,274,274,0,247,247,0,157,157,0,2026 Report Week 17
088 ,088691,CMX ,NYC,N20,-1424,1800,1508,-2943,749,3688,349,1560,1906,352,126,-83,-7984,4023,6631,2939,GOLD,NATURAL RESOURCES,GOLD,PRECIOUS METALS,21.3,21.3,0.0,35.7,35.7,0.0,31.3,31.3,0.0,51.1,51.1,0.0,17.6,17.6,0.0,33.4,33.4,0.0,25.6,25.6,0.0,45.1,45.1,0.0,GOLD,(CONTRACTS OF 100 TROY OUNCES),FutOnly,260428088691F,122257,122257,0,32505,32505,0,35404,35404,0,GOLD - COMMODITY EXCHANGE INC.,49280,49280,0,14038,14038,0,369530,369530,0,89561,89561,0,19742,19742,0,12475,12475,0,33.1,33.1,0.0,8.8,8.8,0.0,9.6,9.6,0.0,13.3,13.3,0.0,3.8,3.8,0.0,24.2,24.2,0.0,5.3,5.3,0.0,3.4,3.4,0.0,3.5,3.5,0.0,9.0,9.0,0.0,7.6,7.6,0.0,54.8,54.8,0.0,5.3,5.3,0.0,86.7,86.7,0.0,96.2,96.2,0.0,100.0,100.0,100.0,12985,12985,0,33177,33177,0,2026-04-28T00:00:00.000,202653,202653,0,19536,19536,0,28032,28032,0,320250,320250,0,355492,355492,0,81,81,0,18,18,0,41,41,0,86,86,0,25,25,0,32,32,0,13,13,0,14,14,0,18,18,0,25,25,0,21,21,0,277,277,0,240,240,0,136,136,0,2026 Report Week 17
067 ,067651,NYME,NYC,N10,-7574,1966,-5278,3825,4204,50789,-1567,2018,18891,38519,21138,-6929,-3052,10902,46964,46585,CRUDE OIL,NATURAL RESOURCES,CRUDE OIL,PETROLEUM AND PRODUCTS,19.2,19.2,0.0,19.4,19.4,0.0,31.6,31.6,0.0,31.0,31.0,0.0,10.6,10.6,0.0,13.2,13.2,0.0,17.1,17.1,0.0,20.0,20.0,0.0,WTI-PHYSICAL,"(CONTRACTS OF 1,000 BARRELS)",FutOnly,260505067651F,185755,185755,0,114964,114964,0,324225,324225,0,WTI-PHYSICAL - NEW YORK MERCANTILE EXCHANGE,79154,79154,0,51790,51790,0,2067827,2067827,0,195787,195787,0,87792,87792,0,349464,349464,0,9.0,9.0,0.0,5.6,5.6,0.0,15.7,15.7,0.0,3.8,3.8,0.0,2.5,2.5,0.0,9.5,9.5,0.0,4.2,4.2,0.0,16.9,16.9,0.0,34.6,34.6,0.0,18.3,18.3,0.0,4.8,4.8,0.0,31.1,31.1,0.0,5.7,5.7,0.0,96.2,96.2,0.0,97.5,97.5,0.0,100.0,100.0,100.0,716499,716499,0,378998,378998,0,2026-05-05T00:00:00.000,643671,643671,0,116923,116923,0,100020,100020,0,1988673,1988673,0,2016037,2016037,0,63,63,0,30,30,0,54,54,0,60,60,0,41,41,0,65,65,0,64,64,0,56,56,0,16,16,0,29,29,0,37,37,0,313,313,0,286,286,0,235,235,0,2026 Report Week 18
067 ,067411,ICEU,NYC,N10,-1259,-1771,2560,906,-320,10962,7480,2321,1552,-539,1180,-127,5051,389,10056,11282,CRUDE OIL,NATURAL RESOURCES,CRUDE OIL,PETROLEUM AND PRODUCTS,35.1,35.1,0.0,32.5,32.5,0.0,57.1,57.1,0.0,48.5,48.5,0.0,28.3,28.3,0.0,24.7,24.7,0.0,43.1,43.1,0.0,33.3,33.3,0.0,"CRUDE OIL, LIGHT SWEET-WTI","(CONTRACTS OF 1,000 BARRELS)",FutOnly,260505067411F,9415,9415,0,46736,46736,0,21918,21918,0,"CRUDE OIL, LIGHT SWEET-WTI - ICE FUTURES EUROPE",12937,12937,0,12190,12190,0,866504,866504,0,91592,91592,0,88332,88332,0,178884,178884,0,1.1,1.1,0.0,5.4,5.4,0.0,2.5,2.5,0.0,1.5,1.5,0.0,1.4,1.4,0.0,10.6,10.6,0.0,10.2,10.2,0.0,20.6,20.6,0.0,57.2,57.2,0.0,42.7,42.7,0.0,1.0,1.0,0.0,11.7,11.7,0.0,5.5,5.5,0.0,98.5,98.5,0.0,98.6,98.6,0.0,100.0,100.0,100.0,495854,495854,0,369824,369824,0,2026-05-05T00:00:00.000,101242,101242,0,47378,47378,0,8526,8526,0,853567,853567,0,854314,854314,0,,,0,18,18,0,14,14,0,13,13,0,24,24,0,36,36,0,42,42,0,39,39,0,4,4,0,10,10,0,13,13,0,123,123,0,108,108,0,110,110,0,2026 Report Week 18
085 ,085692,CMX ,NYC,N25,4363,1827,-1561,991,571,2013,-621,2347,2248,-1051,-2751,-1792,-104,-564,1022,1442,COPPER,NATURAL RESOURCES,COPPER,BASE METALS,17.5,17.5,0.0,39.3,39.3,0.0,25.1,25.1,0.0,51.6,51.6,0.0,17.5,17.5,0.0,37.3,37.3,0.0,25.0,25.0,0.0,48.2,48.2,0.0,COPPER- #1,"(CONTRACTS OF 25,000 POUNDS)",FutOnly,260505085692F,80400,80400,0,16927,16927,0,17944,17944,0,COPPER- #1 - COMMODITY EXCHANGE INC.,17854,17854,0,8686,8686,0,232609,232609,0,15861,15861,0,16485,16485,0,17721,17721,0,34.6,34.6,0.0,7.3,7.3,0.0,7.7,7.7,0.0,7.7,7.7,0.0,3.7,3.7,0.0,6.8,6.8,0.0,7.1,7.1,0.0,7.6,7.6,0.0,10.7,10.7,0.0,54.3,54.3,0.0,21.9,21.9,0.0,9.2,9.2,0.0,3.1,3.1,0.0,92.3,92.3,0.0,96.3,96.3,0.0,100.0,100.0,100.0,24839,24839,0,126253,126253,0,2026-05-05T00:00:00.000,21444,21444,0,7149,7149,0,50841,50841,0,214755,214755,0,223923,223923,0,87,87,0,21,21,0,44,44,0,57,57,0,30,30,0,33,33,0,29,29,0,28,28,0,21,21,0,11,11,0,20,20,0,269,269,0,238,238,0,152,152,0,2026 Report Week 18
088 ,088691,CMX ,NYC,N20,1096,-3406,1949,-28,-418,-1598,-1100,-330,-1192,-87,-1167,-713,4489,-1523,-1570,-1180,GOLD,NATURAL RESOURCES,GOLD,PRECIOUS METALS,21.6,21.6,0.0,36.1,36.1,0.0,32.1,32.1,0.0,51.7,51.7,0.0,18.1,18.1,0.0,33.9,33.9,0.0,26.3,26.3,0.0,46.1,46.1,0.0,GOLD,(CONTRACTS OF 100 TROY OUNCES),FutOnly,260505088691F,123353,123353,0,29099,29099,0,37353,37353,0,GOLD - COMMODITY EXCHANGE INC.,49252,49252,0,13620,13620,0,367932,367932,0,88461,88461,0,19412,19412,0,11283,11283,0,33.5,33.5,0.0,7.9,7.9,0.0,10.2,10.2,0.0,13.4,13.4,0.0,3.7,3.7,0.0,24.0,24.0,0.0,5.3,5.3,0.0,3.1,3.1,0.0,3.5,3.5,0.0,8.7,8.7,0.0,7.4,7.4,0.0,56.3,56.3,0.0,4.9,4.9,0.0,86.6,86.6,0.0,96.3,96.3,0.0,100.0,100.0,100.0,12898,12898,0,32010,32010,0,2026-05-05T00:00:00.000,207142,207142,0,18013,18013,0,27319,27319,0,318680,318680,0,354312,354312,0,77,77,0,17,17,0,37,37,0,91,91,0,29,29,0,36,36,0,14,14,0,13,13,0,15,15,0,25,25,0,23,23,0,276,276,0,239,239,0,139,139,0,2026 Report Week 18
067 ,067411,ICEU,NYC,N10,-5005,1465,-119,2778,2121,8726,-6459,-5491,14980,5413,-2699,77,1408,-2939,5948,6605,CRUDE OIL,NATURAL RESOURCES,CRUDE OIL,PETROLEUM AND PRODUCTS,35.3,35.3,0.0,32.7,32.7,0.0,57.2,57.2,0.0,48.1,48.1,0.0,28.8,28.8,0.0,23.7,23.7,0.0,42.9,42.9,0.0,32.0,32.0,0.0,"CRUDE OIL, LIGHT SWEET-WTI","(CONTRACTS OF 1,000 BARRELS)",FutOnly,260512067411F,4410,4410,0,48201,48201,0,21799,21799,0,"CRUDE OIL, LIGHT SWEET-WTI - ICE FUTURES EUROPE",15715,15715,0,14311,14311,0,875230,875230,0,85133,85133,0,82841,82841,0,193864,193864,0,0.5,0.5,0.0,5.5,5.5,0.0,2.5,2.5,0.0,1.8,1.8,0.0,1.6,1.6,0.0,9.7,9.7,0.0,9.5,9.5,0.0,22.1,22.1,0.0,57.3,57.3,0.0,41.9,41.9,0.0,1.0,1.0,0.0,11.7,11.7,0.0,5.1,5.1,0.0,98.2,98.2,0.0,98.4,98.4,0.0,100.0,100.0,100.0,501267,501267,0,367125,367125,0,2026-05-12T00:00:00.000,102650,102650,0,44439,44439,0,8603,8603,0,859515,859515,0,860919,860919,0,,,0,16,16,0,12,12,0,14,14,0,23,23,0,38,38,0,41,41,0,37,37,0,4,4,0,10,10,0,13,13,0,119,119,0,106,106,0,107,107,0,2026 Report Week 19
067 ,067651,NYME,NYC,N10,1577,-433,-10290,2971,4078,14100,-11628,-709,6403,27292,7386,-8701,1189,6476,11129,10022,CRUDE OIL,NATURAL RESOURCES,CRUDE OIL,PETROLEUM AND PRODUCTS,19.3,19.3,0.0,19.4,19.4,0.0,31.5,31.5,0.0,29.8,29.8,0.0,10.6,10.6,0.0,13.1,13.1,0.0,17.1,17.1,0.0,19.9,19.9,0.0,WTI-PHYSICAL,"(CONTRACTS OF 1,000 BARRELS)",FutOnly,260512067651F,187332,187332,0,114531,114531,0,313935,313935,0,WTI-PHYSICAL - NEW YORK MERCANTILE EXCHANGE,82125,82125,0,55868,55868,0,2081927,2081927,0,184159,184159,0,87083,87083,0,355867,355867,0,9.0,9.0,0.0,5.5,5.5,0.0,15.1,15.1,0.0,3.9,3.9,0.0,2.7,2.7,0.0,8.8,8.8,0.0,4.2,4.2,0.0,17.1,17.1,0.0,35.7,35.7,0.0,18.6,18.6,0.0,4.4,4.4,0.0,31.0,31.0,0.0,5.9,5.9,0.0,96.1,96.1,0.0,97.3,97.3,0.0,100.0,100.0,100.0,743791,743791,0,386384,386384,0,2026-05-12T00:00:00.000,644860,644860,0,123399,123399,0,91319,91319,0,1999802,1999802,0,2026059,2026059,0,65,65,0,30,30,0,54,54,0,61,61,0,42,42,0,64,64,0,63,63,0,58,58,0,16,16,0,30,30,0,40,40,0,317,317,0,290,290,0,239,239,0,2026 Report Week 19
085 ,085692,CMX ,NYC,N25,8117,-2898,921,2947,1281,27199,4390,1945,9115,349,13667,1143,2951,217,24252,25918,COPPER,NATURAL RESOURCES,COPPER,BASE METALS,16.4,16.4,0.0,38.3,38.3,0.0,23.8,23.8,0.0,49.8,49.8,0.0,16.4,16.4,0.0,36.4,36.4,0.0,23.0,23.0,0.0,46.7,46.7,0.0,COPPER- #1,"(CONTRACTS OF 25,000 POUNDS)",FutOnly,260512085692F,88517,88517,0,14029,14029,0,18865,18865,0,COPPER- #1 - COMMODITY EXCHANGE INC.,20801,20801,0,9967,9967,0,259808,259808,0,20251,20251,0,18430,18430,0,26836,26836,0,34.1,34.1,0.0,5.4,5.4,0.0,7.3,7.3,0.0,8.0,8.0,0.0,3.8,3.8,0.0,7.8,7.8,0.0,7.1,7.1,0.0,10.3,10.3,0.0,9.7,9.7,0.0,53.9,53.9,0.0,20.0,20.0,0.0,9.4,9.4,0.0,2.8,2.8,0.0,92.0,92.0,0.0,96.2,96.2,0.0,100.0,100.0,100.0,25188,25188,0,139920,139920,0,2026-05-12T00:00:00.000,24395,24395,0,7366,7366,0,51984,51984,0,239007,239007,0,249841,249841,0,95,95,0,18,18,0,49,49,0,65,65,0,45,45,0,44,44,0,33,33,0,36,36,0,20,20,0,14,14,0,19,19,0,308,308,0,273,273,0,175,175,0,2026 Report Week 19
088 ,088691,CMX ,NYC,N20,3889,128,-689,699,-2305,8564,4090,-468,1080,-1461,-371,-1648,8585,2604,7865,10869,GOLD,NATURAL RESOURCES,GOLD,PRECIOUS METALS,21.3,21.3,0.0,36.0,36.0,0.0,31.0,31.0,0.0,52.5,52.5,0.0,17.1,17.1,0.0,34.5,34.5,0.0,25.0,25.0,0.0,46.5,46.5,0.0,GOLD,(CONTRACTS OF 100 TROY OUNCES),FutOnly,260512088691F,127242,127242,0,29227,29227,0,36664,36664,0,GOLD - COMMODITY EXCHANGE INC.,49951,49951,0,11315,11315,0,376496,376496,0,92551,92551,0,18944,18944,0,12363,12363,0,33.8,33.8,0.0,7.8,7.8,0.0,9.7,9.7,0.0,13.3,13.3,0.0,3.0,3.0,0.0,24.6,24.6,0.0,5.0,5.0,0.0,3.3,3.3,0.0,3.0,3.0,0.0,8.4,8.4,0.0,6.8,6.8,0.0,57.3,57.3,0.0,5.5,5.5,0.0,86.7,86.7,0.0,97.0,97.0,0.0,100.0,100.0,100.0,11437,11437,0,31639,31639,0,2026-05-12T00:00:00.000,215727,215727,0,20617,20617,0,25671,25671,0,326545,326545,0,365181,365181,0,80,80,0,16,16,0,42,42,0,94,94,0,26,26,0,30,30,0,16,16,0,12,12,0,15,15,0,25,25,0,21,21,0,278,278,0,241,241,0,136,136,0,2026 Report Week 19
067 ,067411,ICEU,NYC,N10,109,-8805,1745,-360,-162,-38350,-1745,-6074,-8492,-31746,-9143,-2219,-11777,4358,-37990,-38188,CRUDE OIL,NATURAL RESOURCES,CRUDE OIL,PETROLEUM AND PRODUCTS,37.3,37.3,0.0,33.7,33.7,0.0,58.5,58.5,0.0,49.1,49.1,0.0,30.1,30.1,0.0,23.3,23.3,0.0,43.3,43.3,0.0,32.1,32.1,0.0,"CRUDE OIL, LIGHT SWEET-WTI","(CONTRACTS OF 1,000 BARRELS)",FutOnly,260519067411F,4519,4519,0,39396,39396,0,23544,23544,0,"CRUDE OIL, LIGHT SWEET-WTI - ICE FUTURES EUROPE",15355,15355,0,14149,14149,0,836880,836880,0,83388,83388,0,76767,76767,0,185372,185372,0,0.5,0.5,0.0,4.7,4.7,0.0,2.8,2.8,0.0,1.8,1.8,0.0,1.7,1.7,0.0,10.0,10.0,0.0,9.2,9.2,0.0,22.2,22.2,0.0,56.1,56.1,0.0,42.8,42.8,0.0,0.8,0.8,0.0,10.9,10.9,0.0,5.8,5.8,0.0,98.2,98.2,0.0,98.3,98.3,0.0,100.0,100.0,100.0,469521,469521,0,357982,357982,0,2026-05-19T00:00:00.000,90873,90873,0,48797,48797,0,6384,6384,0,821525,821525,0,822731,822731,0,,,0,15,15,0,12,12,0,11,11,0,25,25,0,35,35,0,41,41,0,35,35,0,,,0,11,11,0,12,12,0,117,117,0,102,102,0,104,104,0,2026 Report Week 20
067 ,067651,NYME,NYC,N10,20233,-5185,-21919,-3280,-4852,-78977,-7430,15285,-8697,-34772,-49514,-5693,13324,-17419,-75697,-74125,CRUDE OIL,NATURAL RESOURCES,CRUDE OIL,PETROLEUM AND PRODUCTS,20.0,20.0,0.0,20.9,20.9,0.0,32.6,32.6,0.0,31.2,31.2,0.0,10.7,10.7,0.0,13.7,13.7,0.0,18.2,18.2,0.0,21.1,21.1,0.0,WTI-PHYSICAL,"(CONTRACTS OF 1,000 BARRELS)",FutOnly,260519067651F,207565,207565,0,109346,109346,0,292016,292016,0,WTI-PHYSICAL - NEW YORK MERCANTILE EXCHANGE,78845,78845,0,51016,51016,0,2002950,2002950,0,176729,176729,0,102368,102368,0,347170,347170,0,10.4,10.4,0.0,5.5,5.5,0.0,14.6,14.6,0.0,3.9,3.9,0.0,2.5,2.5,0.0,8.8,8.8,0.0,5.1,5.1,0.0,17.3,17.3,0.0,35.4,35.4,0.0,16.8,16.8,0.0,4.3,4.3,0.0,32.9,32.9,0.0,5.3,5.3,0.0,96.1,96.1,0.0,97.5,97.5,0.0,100.0,100.0,100.0,709019,709019,0,336870,336870,0,2026-05-19T00:00:00.000,658184,658184,0,105980,105980,0,85626,85626,0,1924105,1924105,0,1951934,1951934,0,66,66,0,29,29,0,54,54,0,51,51,0,40,40,0,59,59,0,62,62,0,59,59,0,15,15,0,31,31,0,36,36,0,303,303,0,276,276,0,229,229,0,2026 Report Week 20
085 ,085692,CMX ,NYC,N25,-1060,-760,2570,-2346,-1125,-1844,-225,-102,244,-2378,-5403,541,1922,810,502,-719,COPPER,NATURAL RESOURCES,COPPER,BASE METALS,17.3,17.3,0.0,36.4,36.4,0.0,25.6,25.6,0.0,47.9,47.9,0.0,17.1,17.1,0.0,34.9,34.9,0.0,24.4,24.4,0.0,45.2,45.2,0.0,COPPER- #1,"(CONTRACTS OF 25,000 POUNDS)",FutOnly,260519085692F,87457,87457,0,13269,13269,0,21435,21435,0,COPPER- #1 - COMMODITY EXCHANGE INC.,18455,18455,0,8842,8842,0,257964,257964,0,20026,20026,0,18328,18328,0,27080,27080,0,33.9,33.9,0.0,5.1,5.1,0.0,8.3,8.3,0.0,7.2,7.2,0.0,3.4,3.4,0.0,7.8,7.8,0.0,7.1,7.1,0.0,10.5,10.5,0.0,8.8,8.8,0.0,52.1,52.1,0.0,20.4,20.4,0.0,10.2,10.2,0.0,3.2,3.2,0.0,92.8,92.8,0.0,96.6,96.6,0.0,100.0,100.0,100.0,22810,22810,0,134517,134517,0,2026-05-19T00:00:00.000,26317,26317,0,8176,8176,0,52525,52525,0,239509,239509,0,249122,249122,0,87,87,0,21,21,0,53,53,0,63,63,0,39,39,0,47,47,0,32,32,0,37,37,0,20,20,0,14,14,0,21,21,0,298,298,0,265,265,0,181,181,0,2026 Report Week 20
088 ,088691,CMX ,NYC,N20,-4348,127,2050,-2869,3971,2829,-4427,2887,628,3363,1075,3279,-13062,5153,5698,-1142,GOLD,NATURAL RESOURCES,GOLD,PRECIOUS METALS,20.4,20.4,0.0,35.0,35.0,0.0,30.7,30.7,0.0,49.3,49.3,0.0,16.8,16.8,0.0,32.7,32.7,0.0,25.0,25.0,0.0,43.6,43.6,0.0,GOLD,(CONTRACTS OF 100 TROY OUNCES),FutOnly,260519088691F,122894,122894,0,29354,29354,0,38714,38714,0,GOLD - COMMODITY EXCHANGE INC.,47082,47082,0,15286,15286,0,379325,379325,0,88124,88124,0,21831,21831,0,12991,12991,0,32.4,32.4,0.0,7.7,7.7,0.0,10.2,10.2,0.0,12.4,12.4,0.0,4.0,4.0,0.0,23.2,23.2,0.0,5.8,5.8,0.0,3.4,3.4,0.0,3.9,3.9,0.0,8.6,8.6,0.0,7.6,7.6,0.0,53.4,53.4,0.0,6.8,6.8,0.0,87.6,87.6,0.0,96.0,96.0,0.0,100.0,100.0,100.0,14800,14800,0,32714,32714,0,2026-05-19T00:00:00.000,202665,202665,0,25770,25770,0,28950,28950,0,332243,332243,0,364039,364039,0,76,76,0,17,17,0,44,44,0,93,93,0,29,29,0,33,33,0,14,14,0,13,13,0,19,19,0,24,24,0,23,23,0,282,282,0,239,239,0,148,148,0,2026 Report Week 20
067 ,067651,NYME,NYC,N10,-6984,11311,-8328,3933,-2713,845,778,-5935,11074,-17709,-11701,3075,-7869,15006,-3088,3558,CRUDE OIL,NATURAL RESOURCES,CRUDE OIL,PETROLEUM AND PRODUCTS,19.5,19.5,0.0,20.6,20.6,0.0,32.7,32.7,0.0,31.2,31.2,0.0,10.4,10.4,0.0,13.5,13.5,0.0,18.0,18.0,0.0,20.9,20.9,0.0,WTI-PHYSICAL,"(CONTRACTS OF 1,000 BARRELS)",FutOnly,260526067651F,200581,200581,0,120657,120657,0,283688,283688,0,WTI-PHYSICAL - NEW YORK MERCANTILE EXCHANGE,82778,82778,0,48303,48303,0,2003795,2003795,0,177507,177507,0,96433,96433,0,358244,358244,0,10.0,10.0,0.0,6.0,6.0,0.0,14.2,14.2,0.0,4.1,4.1,0.0,2.4,2.4,0.0,8.9,8.9,0.0,4.8,4.8,0.0,17.9,17.9,0.0,34.5,34.5,0.0,16.2,16.2,0.0,4.4,4.4,0.0,32.5,32.5,0.0,6.0,6.0,0.0,95.9,95.9,0.0,97.6,97.6,0.0,100.0,100.0,100.0,691310,691310,0,325169,325169,0,2026-05-26T00:00:00.000,650315,650315,0,120986,120986,0,88701,88701,0,1921017,1921017,0,1955492,1955492,0,63,63,0,28,28,0,53,53,0,59,59,0,37,37,0,62,62,0,63,63,0,58,58,0,15,15,0,28,28,0,33,33,0,300,300,0,272,272,0,230,230,0,2026 Report Week 21
067 ,067411,ICEU,NYC,N10,562,-3457,1242,183,-1881,-5888,-2322,673,2592,-10279,-5744,226,-1221,1908,-6071,-4007,CRUDE OIL,NATURAL RESOURCES,CRUDE OIL,PETROLEUM AND PRODUCTS,36.3,36.3,0.0,34.6,34.6,0.0,57.4,57.4,0.0,49.6,49.6,0.0,29.8,29.8,0.0,23.7,23.7,0.0,42.0,42.0,0.0,31.7,31.7,0.0,"CRUDE OIL, LIGHT SWEET-WTI","(CONTRACTS OF 1,000 BARRELS)",FutOnly,260526067411F,5081,5081,0,35939,35939,0,24786,24786,0,"CRUDE OIL, LIGHT SWEET-WTI - ICE FUTURES EUROPE",15538,15538,0,12268,12268,0,830992,830992,0,81066,81066,0,77440,77440,0,187964,187964,0,0.6,0.6,0.0,4.3,4.3,0.0,3.0,3.0,0.0,1.9,1.9,0.0,1.5,1.5,0.0,9.8,9.8,0.0,9.3,9.3,0.0,22.6,22.6,0.0,55.3,55.3,0.0,42.4,42.4,0.0,0.8,0.8,0.0,10.8,10.8,0.0,6.1,6.1,0.0,98.1,98.1,0.0,98.5,98.5,0.0,100.0,100.0,100.0,459242,459242,0,352238,352238,0,2026-05-26T00:00:00.000,89652,89652,0,50705,50705,0,6610,6610,0,815454,815454,0,818724,818724,0,4,4,0,14,14,0,12,12,0,11,11,0,24,24,0,34,34,0,38,38,0,34,34,0,,,0,11,11,0,12,12,0,115,115,0,99,99,0,100,100,0,2026 Report Week 21
085 ,085692,CMX ,NYC,N25,-1857,1831,2701,2119,1060,8279,47,-795,697,1898,1082,2447,1476,227,6160,7219,COPPER,NATURAL RESOURCES,COPPER,BASE METALS,17.3,17.3,0.0,35.8,35.8,0.0,25.9,25.9,0.0,47.4,47.4,0.0,17.3,17.3,0.0,34.2,34.2,0.0,24.6,24.6,0.0,45.1,45.1,0.0,COPPER- #1,"(CONTRACTS OF 25,000 POUNDS)",FutOnly,260526085692F,85600,85600,0,15100,15100,0,24136,24136,0,COPPER- #1 - COMMODITY EXCHANGE INC.,20574,20574,0,9902,9902,0,266243,266243,0,20073,20073,0,17533,17533,0,27777,27777,0,32.2,32.2,0.0,5.7,5.7,0.0,9.1,9.1,0.0,7.7,7.7,0.0,3.7,3.7,0.0,7.5,7.5,0.0,6.6,6.6,0.0,10.4,10.4,0.0,9.3,9.3,0.0,50.9,50.9,0.0,20.6,20.6,0.0,10.4,10.4,0.0,3.2,3.2,0.0,92.3,92.3,0.0,96.3,96.3,0.0,100.0,100.0,100.0,24708,24708,0,135599,135599,0,2026-05-26T00:00:00.000,27793,27793,0,8403,8403,0,54972,54972,0,245669,245669,0,256341,256341,0,80,80,0,21,21,0,44,44,0,59,59,0,35,35,0,44,44,0,32,32,0,35,35,0,23,23,0,12,12,0,20,20,0,284,284,0,250,250,0,167,167,0,2026 Report Week 21
088 ,088691,CMX ,NYC,N20,1383,-2523,-18345,67,357,-25836,-11697,-2218,-2365,-2214,-618,83,-7376,7252,-25903,-26193,GOLD,NATURAL RESOURCES,GOLD,PRECIOUS METALS,18.9,18.9,0.0,36.1,36.1,0.0,28.9,28.9,0.0,50.6,50.6,0.0,18.3,18.3,0.0,34.9,34.9,0.0,26.6,26.6,0.0,45.8,45.8,0.0,GOLD,(CONTRACTS OF 100 TROY OUNCES),FutOnly,260526088691F,124277,124277,0,26831,26831,0,20369,20369,0,GOLD - COMMODITY EXCHANGE INC.,47149,47149,0,15643,15643,0,353489,353489,0,76427,76427,0,19613,19613,0,10626,10626,0,35.2,35.2,0.0,7.6,7.6,0.0,5.8,5.8,0.0,13.3,13.3,0.0,4.4,4.4,0.0,21.6,21.6,0.0,5.5,5.5,0.0,3.0,3.0,0.0,3.6,3.6,0.0,9.1,9.1,0.0,8.2,8.2,0.0,55.2,55.2,0.0,9.3,9.3,0.0,86.7,86.7,0.0,95.6,95.6,0.0,100.0,100.0,100.0,12586,12586,0,32096,32096,0,2026-05-26T00:00:00.000,195289,195289,0,33022,33022,0,29033,29033,0,306340,306340,0,337846,337846,0,75,75,0,11,11,0,40,40,0,83,83,0,23,23,0,25,25,0,14,14,0,13,13,0,16,16,0,23,23,0,25,25,0,253,253,0,222,222,0,129,129,0,2026 Report Week 21
067 ,067411,ICEU,NYC,N10,957,-3207,542,234,2650,-14259,5355,-9862,-5304,-12111,-5699,340,10893,-4272,-14493,-16909,CRUDE OIL,NATURAL RESOURCES,CRUDE OIL,PETROLEUM AND PRODUCTS,36.2,36.2,0.0,34.6,34.6,0.0,57.8,57.8,0.0,49.3,49.3,0.0,30.3,30.3,0.0,23.7,23.7,0.0,42.6,42.6,0.0,31.7,31.7,0.0,"CRUDE OIL, LIGHT SWEET-WTI","(CONTRACTS OF 1,000 BARRELS)",FutOnly,260602067411F,6038,6038,0,32732,32732,0,25328,25328,0,"CRUDE OIL, LIGHT SWEET-WTI - ICE FUTURES EUROPE",15772,15772,0,14918,14918,0,816733,816733,0,86421,86421,0,67578,67578,0,182660,182660,0,0.7,0.7,0.0,4.0,4.0,0.0,3.1,3.1,0.0,1.9,1.9,0.0,1.8,1.8,0.0,10.6,10.6,0.0,8.3,8.3,0.0,22.4,22.4,0.0,54.7,54.7,0.0,42.4,42.4,0.0,0.9,0.9,0.0,12.3,12.3,0.0,5.7,5.7,0.0,98.1,98.1,0.0,98.2,98.2,0.0,100.0,100.0,100.0,447131,447131,0,346539,346539,0,2026-06-02T00:00:00.000,100545,100545,0,46433,46433,0,6950,6950,0,800961,800961,0,801815,801815,0,4,4,0,13,13,0,9,9,0,11,11,0,23,23,0,33,33,0,42,42,0,36,36,0,,,0,11,11,0,12,12,0,115,115,0,100,100,0,98,98,0,2026 Report Week 22
067 ,067651,NYME,NYC,N10,18206,7365,-5347,3443,5683,21385,-12984,2981,951,-60,8065,4287,-11202,12889,17942,15702,CRUDE OIL,NATURAL RESOURCES,CRUDE OIL,PETROLEUM AND PRODUCTS,19.1,19.1,0.0,20.0,20.0,0.0,32.6,32.6,0.0,30.1,30.1,0.0,10.5,10.5,0.0,13.2,13.2,0.0,17.7,17.7,0.0,20.4,20.4,0.0,WTI-PHYSICAL,"(CONTRACTS OF 1,000 BARRELS)",FutOnly,260602067651F,218787,218787,0,128022,128022,0,278341,278341,0,WTI-PHYSICAL - NEW YORK MERCANTILE EXCHANGE,86221,86221,0,53986,53986,0,2025180,2025180,0,164523,164523,0,99414,99414,0,359195,359195,0,10.8,10.8,0.0,6.3,6.3,0.0,13.7,13.7,0.0,4.3,4.3,0.0,2.7,2.7,0.0,8.1,8.1,0.0,4.9,4.9,0.0,17.7,17.7,0.0,34.1,34.1,0.0,16.5,16.5,0.0,4.6,4.6,0.0,31.6,31.6,0.0,6.6,6.6,0.0,95.7,95.7,0.0,97.3,97.3,0.0,100.0,100.0,100.0,691250,691250,0,333234,333234,0,2026-06-02T00:00:00.000,639113,639113,0,133875,133875,0,92988,92988,0,1938959,1938959,0,1971194,1971194,0,59,59,0,31,31,0,53,53,0,56,56,0,38,38,0,56,56,0,62,62,0,57,57,0,13,13,0,28,28,0,32,32,0,295,295,0,263,263,0,226,226,0,2026 Report Week 22
085 ,085692,CMX ,NYC,N25,5614,367,2098,250,1110,10649,238,-308,5703,-2632,1381,-15,905,-607,10399,9539,COPPER,NATURAL RESOURCES,COPPER,BASE METALS,17.0,17.0,0.0,33.8,33.8,0.0,26.2,26.2,0.0,46.7,46.7,0.0,16.3,16.3,0.0,33.3,33.3,0.0,24.3,24.3,0.0,44.8,44.8,0.0,COPPER- #1,"(CONTRACTS OF 25,000 POUNDS)",FutOnly,260602085692F,91214,91214,0,15467,15467,0,26234,26234,0,COPPER- #1 - COMMODITY EXCHANGE INC.,20824,20824,0,11012,11012,0,276892,276892,0,20311,20311,0,17225,17225,0,33480,33480,0,32.9,32.9,0.0,5.6,5.6,0.0,9.5,9.5,0.0,7.5,7.5,0.0,4.0,4.0,0.0,7.3,7.3,0.0,6.2,6.2,0.0,12.1,12.1,0.0,8.0,8.0,0.0,49.5,49.5,0.0,19.8,19.8,0.0,10.4,10.4,0.0,2.8,2.8,0.0,92.5,92.5,0.0,96.0,96.0,0.0,100.0,100.0,100.0,22076,22076,0,136980,136980,0,2026-06-02T00:00:00.000,28698,28698,0,7796,7796,0,54957,54957,0,256068,256068,0,265880,265880,0,91,91,0,16,16,0,44,44,0,64,64,0,31,31,0,38,38,0,30,30,0,31,31,0,22,22,0,12,12,0,24,24,0,282,282,0,250,250,0,163,163,0,2026 Report Week 22
088 ,088691,CMX ,NYC,N20,5090,-9643,-7913,-3493,-2312,-27437,302,-6725,-633,-2311,-1667,-1528,18407,-16951,-23944,-25125,GOLD,NATURAL RESOURCES,GOLD,PRECIOUS METALS,20.5,20.5,0.0,39.4,39.4,0.0,30.6,30.6,0.0,56.1,56.1,0.0,20.0,20.0,0.0,38.9,38.9,0.0,29.0,29.0,0.0,53.6,53.6,0.0,GOLD,(CONTRACTS OF 100 TROY OUNCES),FutOnly,260602088691F,129367,129367,0,17188,17188,0,12456,12456,0,GOLD - COMMODITY EXCHANGE INC.,43656,43656,0,13331,13331,0,326052,326052,0,76729,76729,0,12888,12888,0,9993,9993,0,39.7,39.7,0.0,5.3,5.3,0.0,3.8,3.8,0.0,13.4,13.4,0.0,4.1,4.1,0.0,23.5,23.5,0.0,4.0,4.0,0.0,3.1,3.1,0.0,3.2,3.2,0.0,9.3,9.3,0.0,8.4,8.4,0.0,65.5,65.5,0.0,4.9,4.9,0.0,86.6,86.6,0.0,95.9,95.9,0.0,100.0,100.0,100.0,10275,10275,0,30429,30429,0,2026-06-02T00:00:00.000,213696,213696,0,16071,16071,0,27505,27505,0,282396,282396,0,312721,312721,0,74,74,0,16,16,0,36,36,0,79,79,0,26,26,0,23,23,0,14,14,0,13,13,0,12,12,0,29,29,0,22,22,0,258,258,0,223,223,0,123,123,0,2026 Report Week 22
067 ,067411,ICEU,NYC,N10,-167,707,301,894,481,1759,7660,-4444,-3113,-4869,6760,142,156,911,865,1278,CRUDE OIL,NATURAL RESOURCES,CRUDE OIL,PETROLEUM AND PRODUCTS,35.4,35.4,0.0,34.3,34.3,0.0,57.0,57.0,0.0,48.6,48.6,0.0,29.4,29.4,0.0,24.2,24.2,0.0,42.2,42.2,0.0,31.7,31.7,0.0,"CRUDE OIL, LIGHT SWEET-WTI","(CONTRACTS OF 1,000 BARRELS)",FutOnly,260609067411F,5871,5871,0,33439,33439,0,25629,25629,0,"CRUDE OIL, LIGHT SWEET-WTI - ICE FUTURES EUROPE",16666,16666,0,15399,15399,0,818492,818492,0,94081,94081,0,63134,63134,0,179547,179547,0,0.7,0.7,0.0,4.1,4.1,0.0,3.1,3.1,0.0,2.0,2.0,0.0,1.9,1.9,0.0,11.5,11.5,0.0,7.7,7.7,0.0,21.9,21.9,0.0,54.0,54.0,0.0,43.2,43.2,0.0,0.9,0.9,0.0,12.3,12.3,0.0,5.8,5.8,0.0,98.0,98.0,0.0,98.1,98.1,0.0,100.0,100.0,100.0,442262,442262,0,353299,353299,0,2026-06-09T00:00:00.000,100701,100701,0,47344,47344,0,7092,7092,0,801826,801826,0,803093,803093,0,4,4,0,14,14,0,10,10,0,11,11,0,24,24,0,33,33,0,41,41,0,37,37,0,,,0,12,12,0,12,12,0,118,118,0,101,101,0,102,102,0,2026 Report Week 23
067 ,067651,NYME,NYC,N10,-5304,-9264,-6337,3323,-4867,-18545,-17482,12051,5582,-176,-8102,-2405,-11862,4254,-21868,-13678,CRUDE OIL,NATURAL RESOURCES,CRUDE OIL,PETROLEUM AND PRODUCTS,18.5,18.5,0.0,19.2,19.2,0.0,32.4,32.4,0.0,29.3,29.3,0.0,10.3,10.3,0.0,13.1,13.1,0.0,17.8,17.8,0.0,20.3,20.3,0.0,WTI-PHYSICAL,"(CONTRACTS OF 1,000 BARRELS)",FutOnly,260609067651F,213483,213483,0,118758,118758,0,272004,272004,0,WTI-PHYSICAL - NEW YORK MERCANTILE EXCHANGE,89544,89544,0,49119,49119,0,2006635,2006635,0,147041,147041,0,111465,111465,0,364777,364777,0,10.6,10.6,0.0,5.9,5.9,0.0,13.6,13.6,0.0,4.5,4.5,0.0,2.4,2.4,0.0,7.3,7.3,0.0,5.6,5.6,0.0,18.2,18.2,0.0,34.4,34.4,0.0,16.2,16.2,0.0,4.5,4.5,0.0,31.3,31.3,0.0,6.9,6.9,0.0,95.5,95.5,0.0,97.6,97.6,0.0,100.0,100.0,100.0,691074,691074,0,325132,325132,0,2026-06-09T00:00:00.000,627251,627251,0,138129,138129,0,90583,90583,0,1917091,1917091,0,1957516,1957516,0,57,57,0,34,34,0,54,54,0,61,61,0,42,42,0,65,65,0,61,61,0,59,59,0,13,13,0,27,27,0,34,34,0,306,306,0,271,271,0,241,241,0,2026 Report Week 23
085 ,085692,CMX ,NYC,N25,-4118,2425,-3522,-735,-408,-2561,628,-1532,3804,3189,-2455,-1701,-767,-106,-1826,-2153,COPPER,NATURAL RESOURCES,COPPER,BASE METALS,16.6,16.6,0.0,33.8,33.8,0.0,26.0,26.0,0.0,47.1,47.1,0.0,15.7,15.7,0.0,33.6,33.6,0.0,24.0,24.0,0.0,45.2,45.2,0.0,COPPER- #1,"(CONTRACTS OF 25,000 POUNDS)",FutOnly,260609085692F,87096,87096,0,17892,17892,0,22712,22712,0,COPPER- #1 - COMMODITY EXCHANGE INC.,20089,20089,0,10604,10604,0,274331,274331,0,20939,20939,0,15693,15693,0,37284,37284,0,31.7,31.7,0.0,6.5,6.5,0.0,8.3,8.3,0.0,7.3,7.3,0.0,3.9,3.9,0.0,7.6,7.6,0.0,5.7,5.7,0.0,13.6,13.6,0.0,9.2,9.2,0.0,49.0,49.0,0.0,19.4,19.4,0.0,10.2,10.2,0.0,2.8,2.8,0.0,92.7,92.7,0.0,96.1,96.1,0.0,100.0,100.0,100.0,25265,25265,0,134525,134525,0,2026-06-09T00:00:00.000,27931,27931,0,7690,7690,0,53256,53256,0,254242,254242,0,263727,263727,0,84,84,0,20,20,0,43,43,0,65,65,0,30,30,0,37,37,0,31,31,0,29,29,0,21,21,0,12,12,0,19,19,0,277,277,0,244,244,0,156,156,0,2026 Report Week 23
088 ,088691,CMX ,NYC,N20,-3087,3229,717,-765,2361,6657,4975,842,-318,558,-296,938,-3517,3639,7422,4296,GOLD,NATURAL RESOURCES,GOLD,PRECIOUS METALS,20.4,20.4,0.0,38.5,38.5,0.0,30.1,30.1,0.0,55.2,55.2,0.0,19.6,19.6,0.0,37.9,37.9,0.0,28.4,28.4,0.0,52.1,52.1,0.0,GOLD,(CONTRACTS OF 100 TROY OUNCES),FutOnly,260609088691F,126280,126280,0,20417,20417,0,13173,13173,0,GOLD - COMMODITY EXCHANGE INC.,42891,42891,0,15692,15692,0,332709,332709,0,81704,81704,0,13730,13730,0,9675,9675,0,38.0,38.0,0.0,6.1,6.1,0.0,4.0,4.0,0.0,12.9,12.9,0.0,4.7,4.7,0.0,24.6,24.6,0.0,4.1,4.1,0.0,2.9,2.9,0.0,3.3,3.3,0.0,9.1,9.1,0.0,8.5,8.5,0.0,63.2,63.2,0.0,5.9,5.9,0.0,87.1,87.1,0.0,95.3,95.3,0.0,100.0,100.0,100.0,10833,10833,0,30133,30133,0,2026-06-09T00:00:00.000,210179,210179,0,19710,19710,0,28443,28443,0,289818,289818,0,317017,317017,0,72,72,0,24,24,0,41,41,0,78,78,0,28,28,0,26,26,0,17,17,0,13,13,0,15,15,0,26,26,0,19,19,0,271,271,0,224,224,0,140,140,0,2026 Report Week 23
067 ,067411,ICEU,NYC,N10,-2413,-6315,1151,1386,-1518,4498,4076,-10574,4025,-1627,16313,-1346,2170,-754,3112,6016,CRUDE OIL,NATURAL RESOURCES,CRUDE OIL,PETROLEUM AND PRODUCTS,35.9,35.9,0.0,34.8,34.8,0.0,57.1,57.1,0.0,48.4,48.4,0.0,30.4,30.4,0.0,24.7,24.7,0.0,42.1,42.1,0.0,32.0,32.0,0.0,"CRUDE OIL, LIGHT SWEET-WTI","(CONTRACTS OF 1,000 BARRELS)",FutOnly,260616067411F,3458,3458,0,27124,27124,0,26780,26780,0,"CRUDE OIL, LIGHT SWEET-WTI - ICE FUTURES EUROPE",18052,18052,0,13881,13881,0,822990,822990,0,98157,98157,0,52560,52560,0,183572,183572,0,0.4,0.4,0.0,3.3,3.3,0.0,3.3,3.3,0.0,2.2,2.2,0.0,1.7,1.7,0.0,11.9,11.9,0.0,6.4,6.4,0.0,22.3,22.3,0.0,53.5,53.5,0.0,44.9,44.9,0.0,0.7,0.7,0.0,12.5,12.5,0.0,5.7,5.7,0.0,97.8,97.8,0.0,98.3,98.3,0.0,100.0,100.0,100.0,440635,440635,0,369612,369612,0,2026-06-16T00:00:00.000,102871,102871,0,46590,46590,0,5746,5746,0,804938,804938,0,809109,809109,0,5,5,0,15,15,0,13,13,0,13,13,0,22,22,0,34,34,0,39,39,0,39,39,0,4,4,0,11,11,0,13,13,0,119,119,0,104,104,0,106,106,0,2026 Report Week 24
067 ,067651,NYME,NYC,N10,6690,5187,-3705,-1316,-1747,1074,-6210,1111,9058,-1014,-13788,-2560,4827,131,2390,2821,CRUDE OIL,NATURAL RESOURCES,CRUDE OIL,PETROLEUM AND PRODUCTS,17.1,17.1,0.0,18.9,18.9,0.0,30.4,30.4,0.0,28.6,28.6,0.0,9.9,9.9,0.0,13.0,13.0,0.0,17.3,17.3,0.0,20.3,20.3,0.0,WTI-PHYSICAL,"(CONTRACTS OF 1,000 BARRELS)",FutOnly,260616067651F,220173,220173,0,123945,123945,0,268299,268299,0,WTI-PHYSICAL - NEW YORK MERCANTILE EXCHANGE,88228,88228,0,47372,47372,0,2007709,2007709,0,140831,140831,0,112576,112576,0,373835,373835,0,11.0,11.0,0.0,6.2,6.2,0.0,13.4,13.4,0.0,4.4,4.4,0.0,2.4,2.4,0.0,7.0,7.0,0.0,5.6,5.6,0.0,18.6,18.6,0.0,34.4,34.4,0.0,15.5,15.5,0.0,4.4,4.4,0.0,31.5,31.5,0.0,6.9,6.9,0.0,95.6,95.6,0.0,97.6,97.6,0.0,100.0,100.0,100.0,690060,690060,0,311344,311344,0,2026-06-16T00:00:00.000,632078,632078,0,138260,138260,0,88023,88023,0,1919481,1919481,0,1960337,1960337,0,57,57,0,32,32,0,54,54,0,55,55,0,45,45,0,66,66,0,62,62,0,62,62,0,14,14,0,28,28,0,33,33,0,304,304,0,268,268,0,246,246,0,2026 Report Week 24
085 ,085692,CMX ,NYC,N25,-2391,-2195,-135,-62,365,-3579,1150,54,-7881,3872,-3124,-1285,6184,3153,-3517,-3944,COPPER,NATURAL RESOURCES,COPPER,BASE METALS,16.5,16.5,0.0,33.1,33.1,0.0,26.3,26.3,0.0,46.6,46.6,0.0,16.3,16.3,0.0,31.9,31.9,0.0,24.3,24.3,0.0,43.9,43.9,0.0,COPPER- #1,"(CONTRACTS OF 25,000 POUNDS)",FutOnly,260616085692F,84705,84705,0,15697,15697,0,22577,22577,0,COPPER- #1 - COMMODITY EXCHANGE INC.,20027,20027,0,10969,10969,0,270752,270752,0,22089,22089,0,15747,15747,0,29403,29403,0,31.3,31.3,0.0,5.8,5.8,0.0,8.3,8.3,0.0,7.4,7.4,0.0,4.1,4.1,0.0,8.2,8.2,0.0,5.8,5.8,0.0,10.9,10.9,0.0,10.8,10.8,0.0,48.5,48.5,0.0,19.2,19.2,0.0,12.6,12.6,0.0,4.0,4.0,0.0,92.6,92.6,0.0,95.9,95.9,0.0,100.0,100.0,100.0,29137,29137,0,131401,131401,0,2026-06-16T00:00:00.000,34115,34115,0,10843,10843,0,51971,51971,0,250725,250725,0,259783,259783,0,92,92,0,18,18,0,52,52,0,64,64,0,29,29,0,40,40,0,29,29,0,35,35,0,22,22,0,13,13,0,19,19,0,286,286,0,254,254,0,168,168,0,2026 Report Week 24
088 ,088691,CMX ,NYC,N20,1763,-6095,86,1075,931,6621,1380,2855,3083,1358,-895,1012,9792,-3136,5546,5690,GOLD,NATURAL RESOURCES,GOLD,PRECIOUS METALS,20.0,20.0,0.0,37.7,37.7,0.0,29.0,29.0,0.0,55.0,55.0,0.0,19.6,19.6,0.0,37.2,37.2,0.0,27.6,27.6,0.0,53.2,53.2,0.0,GOLD,(CONTRACTS OF 100 TROY OUNCES),FutOnly,260616088691F,128043,128043,0,14322,14322,0,13259,13259,0,GOLD - COMMODITY EXCHANGE INC.,43966,43966,0,16623,16623,0,339330,339330,0,83084,83084,0,16585,16585,0,12758,12758,0,37.7,37.7,0.0,4.2,4.2,0.0,3.9,3.9,0.0,13.0,13.0,0.0,4.9,4.9,0.0,24.5,24.5,0.0,4.9,4.9,0.0,3.8,3.8,0.0,3.6,3.6,0.0,8.6,8.6,0.0,8.7,8.7,0.0,64.8,64.8,0.0,4.9,4.9,0.0,87.0,87.0,0.0,95.1,95.1,0.0,100.0,100.0,100.0,12191,12191,0,29238,29238,0,2026-06-16T00:00:00.000,219971,219971,0,16574,16574,0,29455,29455,0,295364,295364,0,322707,322707,0,75,75,0,22,22,0,39,39,0,90,90,0,30,30,0,24,24,0,16,16,0,13,13,0,15,15,0,25,25,0,19,19,0,285,285,0,232,232,0,140,140,0,2026 Report Week 24
067 ,067411,ICEU,NYC,N10,328,-4951,2367,-2872,2476,-19923,-11687,-1901,3060,-12496,-7992,1209,-13150,168,-17051,-22399,CRUDE OIL,NATURAL RESOURCES,CRUDE OIL,PETROLEUM AND PRODUCTS,35.5,35.5,0.0,35.2,35.2,0.0,57.3,57.3,0.0,48.5,48.5,0.0,30.5,30.5,0.0,24.9,24.9,0.0,42.8,42.8,0.0,33.1,33.1,0.0,"CRUDE OIL, LIGHT SWEET-WTI","(CONTRACTS OF 1,000 BARRELS)",FutOnly,260623067411F,3786,3786,0,22173,22173,0,29147,29147,0,"CRUDE OIL, LIGHT SWEET-WTI - ICE FUTURES EUROPE",15180,15180,0,16357,16357,0,803067,803067,0,86470,86470,0,50659,50659,0,186632,186632,0,0.5,0.5,0.0,2.8,2.8,0.0,3.6,3.6,0.0,1.9,1.9,0.0,2.0,2.0,0.0,10.8,10.8,0.0,6.3,6.3,0.0,23.2,23.2,0.0,53.3,53.3,0.0,45.0,45.0,0.0,0.9,0.9,0.0,11.2,11.2,0.0,5.8,5.8,0.0,98.1,98.1,0.0,98.0,98.0,0.0,100.0,100.0,100.0,428139,428139,0,361620,361620,0,2026-06-23T00:00:00.000,89721,89721,0,46758,46758,0,6955,6955,0,787887,787887,0,786710,786710,0,5,5,0,14,14,0,14,14,0,12,12,0,25,25,0,35,35,0,39,39,0,34,34,0,,,0,11,11,0,12,12,0,116,116,0,102,102,0,103,103,0,2026 Report Week 25
067 ,067651,NYME,NYC,N10,-10490,2866,-16742,-6854,-3971,-95832,-488,-3994,-22974,-28152,-28312,-3802,-16375,-6330,-88978,-91861,CRUDE OIL,NATURAL RESOURCES,CRUDE OIL,PETROLEUM AND PRODUCTS,17.0,17.0,0.0,18.8,18.8,0.0,30.8,30.8,0.0,28.5,28.5,0.0,10.0,10.0,0.0,13.3,13.3,0.0,17.6,17.6,0.0,21.0,21.0,0.0,WTI-PHYSICAL,"(CONTRACTS OF 1,000 BARRELS)",FutOnly,260623067651F,209683,209683,0,126811,126811,0,251557,251557,0,WTI-PHYSICAL - NEW YORK MERCANTILE EXCHANGE,81374,81374,0,43401,43401,0,1911877,1911877,0,140343,140343,0,108582,108582,0,350861,350861,0,11.0,11.0,0.0,6.6,6.6,0.0,13.2,13.2,0.0,4.3,4.3,0.0,2.3,2.3,0.0,7.3,7.3,0.0,5.7,5.7,0.0,18.4,18.4,0.0,34.6,34.6,0.0,14.8,14.8,0.0,4.4,4.4,0.0,32.2,32.2,0.0,6.9,6.9,0.0,95.7,95.7,0.0,97.7,97.7,0.0,100.0,100.0,100.0,661908,661908,0,283032,283032,0,2026-06-23T00:00:00.000,615703,615703,0,131930,131930,0,84221,84221,0,1830503,1830503,0,1868476,1868476,0,55,55,0,30,30,0,57,57,0,61,61,0,37,37,0,64,64,0,60,60,0,61,61,0,14,14,0,28,28,0,30,30,0,301,301,0,269,269,0,237,237,0,2026 Report Week 25
085 ,085692,CMX ,NYC,N25,-2263,198,-108,-27,173,-1952,-326,943,346,1465,-3213,1388,2136,-2427,-1925,-2125,COPPER,NATURAL RESOURCES,COPPER,BASE METALS,17.4,17.4,0.0,33.0,33.0,0.0,27.7,27.7,0.0,46.8,46.8,0.0,17.0,17.0,0.0,31.6,31.6,0.0,24.7,24.7,0.0,44.3,44.3,0.0,COPPER- #1,"(CONTRACTS OF 25,000 POUNDS)",FutOnly,260623085692F,82442,82442,0,15895,15895,0,22469,22469,0,COPPER- #1 - COMMODITY EXCHANGE INC.,20000,20000,0,11142,11142,0,268800,268800,0,21763,21763,0,16690,16690,0,29749,29749,0,30.7,30.7,0.0,5.9,5.9,0.0,8.4,8.4,0.0,7.4,7.4,0.0,4.1,4.1,0.0,8.1,8.1,0.0,6.2,6.2,0.0,11.1,11.1,0.0,11.4,11.4,0.0,47.7,47.7,0.0,19.9,19.9,0.0,13.5,13.5,0.0,3.1,3.1,0.0,92.6,92.6,0.0,95.9,95.9,0.0,100.0,100.0,100.0,30602,30602,0,128188,128188,0,2026-06-23T00:00:00.000,36251,36251,0,8416,8416,0,53359,53359,0,248800,248800,0,257658,257658,0,78,78,0,22,22,0,47,47,0,68,68,0,34,34,0,41,41,0,32,32,0,30,30,0,19,19,0,15,15,0,21,21,0,281,281,0,245,245,0,171,171,0,2026 Report Week 25
088 ,088691,CMX ,NYC,N20,3059,1385,1911,-4701,-1423,12837,2842,3397,3367,3648,-4063,-1717,3835,4428,17538,14260,GOLD,NATURAL RESOURCES,GOLD,PRECIOUS METALS,21.0,21.0,0.0,36.4,36.4,0.0,29.8,29.8,0.0,53.8,53.8,0.0,20.2,20.2,0.0,35.5,35.5,0.0,28.4,28.4,0.0,51.1,51.1,0.0,GOLD,(CONTRACTS OF 100 TROY OUNCES),FutOnly,260623088691F,131102,131102,0,15707,15707,0,15170,15170,0,GOLD - COMMODITY EXCHANGE INC.,39265,39265,0,15200,15200,0,352167,352167,0,85926,85926,0,19982,19982,0,16125,16125,0,37.2,37.2,0.0,4.5,4.5,0.0,4.3,4.3,0.0,11.1,11.1,0.0,4.3,4.3,0.0,24.4,24.4,0.0,5.7,5.7,0.0,4.6,4.6,0.0,4.5,4.5,0.0,7.1,7.1,0.0,7.9,7.9,0.0,63.6,63.6,0.0,6.0,6.0,0.0,88.9,88.9,0.0,95.7,95.7,0.0,100.0,100.0,100.0,15839,15839,0,25175,25175,0,2026-06-23T00:00:00.000,223806,223806,0,21002,21002,0,27738,27738,0,312902,312902,0,336967,336967,0,64,64,0,30,30,0,38,38,0,88,88,0,31,31,0,31,31,0,16,16,0,14,14,0,14,14,0,26,26,0,21,21,0,282,282,0,227,227,0,151,151,0,2026 Report Week 25
067 ,067411,ICEU,NYC,N10,40,-3690,1865,-1813,-841,3838,-7808,6541,-7990,11595,5017,2975,-2038,4974,5651,4679,CRUDE OIL,NATURAL RESOURCES,CRUDE OIL,PETROLEUM AND PRODUCTS,34.2,34.2,0.0,35.3,35.3,0.0,55.9,55.9,0.0,48.2,48.2,0.0,30.1,30.1,0.0,24.3,24.3,0.0,42.4,42.4,0.0,32.0,32.0,0.0,"CRUDE OIL, LIGHT SWEET-WTI","(CONTRACTS OF 1,000 BARRELS)",FutOnly,260630067411F,3826,3826,0,18483,18483,0,31012,31012,0,"CRUDE OIL, LIGHT SWEET-WTI - ICE FUTURES EUROPE",13367,13367,0,15516,15516,0,806905,806905,0,78662,78662,0,57200,57200,0,178642,178642,0,0.5,0.5,0.0,2.3,2.3,0.0,3.8,3.8,0.0,1.7,1.7,0.0,1.9,1.9,0.0,9.7,9.7,0.0,7.1,7.1,0.0,22.1,22.1,0.0,54.5,54.5,0.0,45.4,45.4,0.0,1.2,1.2,0.0,10.9,10.9,0.0,6.4,6.4,0.0,98.3,98.3,0.0,98.1,98.1,0.0,100.0,100.0,100.0,439734,439734,0,366637,366637,0,2026-06-30T00:00:00.000,87683,87683,0,51732,51732,0,9930,9930,0,793538,793538,0,791389,791389,0,5,5,0,12,12,0,14,14,0,12,12,0,24,24,0,33,33,0,44,44,0,39,39,0,4,4,0,10,10,0,13,13,0,119,119,0,105,105,0,106,106,0,2026 Report Week 26
067 ,067651,NYME,NYC,N10,-6082,-4492,-7045,-4694,3662,2566,-3246,-734,-732,12745,20394,2344,-17763,9276,7260,-1096,CRUDE OIL,NATURAL RESOURCES,CRUDE OIL,PETROLEUM AND PRODUCTS,16.5,16.5,0.0,18.1,18.1,0.0,30.2,30.2,0.0,27.7,27.7,0.0,10.0,10.0,0.0,13.1,13.1,0.0,17.7,17.7,0.0,20.7,20.7,0.0,WTI-PHYSICAL,"(CONTRACTS OF 1,000 BARRELS)",FutOnly,260630067651F,203601,203601,0,122319,122319,0,244512,244512,0,WTI-PHYSICAL - NEW YORK MERCANTILE EXCHANGE,76680,76680,0,47063,47063,0,1914443,1914443,0,137097,137097,0,107848,107848,0,350129,350129,0,10.6,10.6,0.0,6.4,6.4,0.0,12.8,12.8,0.0,4.0,4.0,0.0,2.5,2.5,0.0,7.2,7.2,0.0,5.6,5.6,0.0,18.3,18.3,0.0,35.2,35.2,0.0,15.8,15.8,0.0,4.5,4.5,0.0,31.2,31.2,0.0,7.4,7.4,0.0,96.0,96.0,0.0,97.5,97.5,0.0,100.0,100.0,100.0,674653,674653,0,303426,303426,0,2026-06-30T00:00:00.000,597940,597940,0,141206,141206,0,86565,86565,0,1837763,1837763,0,1867380,1867380,0,56,56,0,35,35,0,57,57,0,67,67,0,37,37,0,68,68,0,61,61,0,62,62,0,17,17,0,25,25,0,30,30,0,311,311,0,279,279,0,242,242,0,2026 Report Week 26
085 ,085692,CMX ,NYC,N25,-6561,283,-2728,-56,496,-14465,-233,-245,-4171,-640,-8888,968,1832,-1044,-14409,-14961,COPPER,NATURAL RESOURCES,COPPER,BASE METALS,18.4,18.4,0.0,33.3,33.3,0.0,28.5,28.5,0.0,47.3,47.3,0.0,17.8,17.8,0.0,31.9,31.9,0.0,25.5,25.5,0.0,44.5,44.5,0.0,COPPER- #1,"(CONTRACTS OF 25,000 POUNDS)",FutOnly,260630085692F,75881,75881,0,16178,16178,0,19741,19741,0,COPPER- #1 - COMMODITY EXCHANGE INC.,19944,19944,0,11638,11638,0,254335,254335,0,21530,21530,0,16445,16445,0,25578,25578,0,29.8,29.8,0.0,6.4,6.4,0.0,7.8,7.8,0.0,7.8,7.8,0.0,4.6,4.6,0.0,8.5,8.5,0.0,6.5,6.5,0.0,10.1,10.1,0.0,11.8,11.8,0.0,46.9,46.9,0.0,21.4,21.4,0.0,15.0,15.0,0.0,2.9,2.9,0.0,92.2,92.2,0.0,95.4,95.4,0.0,100.0,100.0,100.0,29962,29962,0,119300,119300,0,2026-06-30T00:00:00.000,38083,38083,0,7372,7372,0,54327,54327,0,234391,234391,0,242697,242697,0,77,77,0,21,21,0,44,44,0,64,64,0,36,36,0,34,34,0,31,31,0,26,26,0,22,22,0,12,12,0,17,17,0,272,272,0,235,235,0,155,155,0,2026 Report Week 26
088 ,088691,CMX ,NYC,N20,3475,-1221,1759,9770,6784,17374,9116,1132,-1285,-678,7032,-1917,6039,-2866,7604,10590,GOLD,NATURAL RESOURCES,GOLD,PRECIOUS METALS,21.9,21.9,0.0,36.7,36.7,0.0,30.5,30.5,0.0,55.6,55.6,0.0,21.0,21.0,0.0,35.5,35.5,0.0,28.4,28.4,0.0,52.8,52.8,0.0,GOLD,(CONTRACTS OF 100 TROY OUNCES),FutOnly,260630088691F,134577,134577,0,14486,14486,0,16929,16929,0,GOLD - COMMODITY EXCHANGE INC.,49035,49035,0,21984,21984,0,369541,369541,0,95042,95042,0,21114,21114,0,14840,14840,0,36.4,36.4,0.0,3.9,3.9,0.0,4.6,4.6,0.0,13.3,13.3,0.0,5.9,5.9,0.0,25.7,25.7,0.0,5.7,5.7,0.0,4.0,4.0,0.0,4.1,4.1,0.0,8.7,8.7,0.0,7.0,7.0,0.0,62.2,62.2,0.0,4.9,4.9,0.0,86.7,86.7,0.0,94.1,94.1,0.0,100.0,100.0,100.0,15161,15161,0,32207,32207,0,2026-06-30T00:00:00.000,229845,229845,0,18136,18136,0,25821,25821,0,320506,320506,0,347557,347557,0,70,70,0,21,21,0,39,39,0,76,76,0,31,31,0,26,26,0,18,18,0,14,14,0,15,15,0,26,26,0,20,20,0,267,267,0,224,224,0,136,136,0,2026 Report Week 26
067 ,067651,NYME,NYC,N10,-10488,6753,11123,2145,2889,-8682,-12437,5104,-21111,24530,5464,2528,-13932,-4972,-10827,-11571,CRUDE OIL,NATURAL RESOURCES,CRUDE OIL,PETROLEUM AND PRODUCTS,16.1,16.1,0.0,17.9,17.9,0.0,29.7,29.7,0.0,27.5,27.5,0.0,10.8,10.8,0.0,12.9,12.9,0.0,18.2,18.2,0.0,20.4,20.4,0.0,WTI-PHYSICAL,"(CONTRACTS OF 1,000 BARRELS)",FutOnly,260707067651F,193113,193113,0,129072,129072,0,255635,255635,0,WTI-PHYSICAL - NEW YORK MERCANTILE EXCHANGE,78825,78825,0,49952,49952,0,1905761,1905761,0,124660,124660,0,112952,112952,0,329018,329018,0,10.1,10.1,0.0,6.8,6.8,0.0,13.4,13.4,0.0,4.1,4.1,0.0,2.6,2.6,0.0,6.5,6.5,0.0,5.9,5.9,0.0,17.3,17.3,0.0,36.7,36.7,0.0,16.2,16.2,0.0,4.7,4.7,0.0,30.6,30.6,0.0,7.1,7.1,0.0,95.9,95.9,0.0,97.4,97.4,0.0,100.0,100.0,100.0,699183,699183,0,308890,308890,0,2026-07-07T00:00:00.000,584008,584008,0,136234,136234,0,89093,89093,0,1826936,1826936,0,1855809,1855809,0,52,52,0,35,35,0,55,55,0,58,58,0,39,39,0,61,61,0,63,63,0,61,61,0,15,15,0,26,26,0,29,29,0,298,298,0,267,267,0,232,232,0,2026 Report Week 27
067 ,067411,ICEU,NYC,N10,1254,2014,-1827,293,-977,-5495,-3016,-6174,-8046,601,3417,93,945,5153,-5788,-4518,CRUDE OIL,NATURAL RESOURCES,CRUDE OIL,PETROLEUM AND PRODUCTS,34.7,34.7,0.0,35.1,35.1,0.0,55.9,55.9,0.0,47.9,47.9,0.0,30.5,30.5,0.0,24.0,24.0,0.0,42.0,42.0,0.0,31.5,31.5,0.0,"CRUDE OIL, LIGHT SWEET-WTI","(CONTRACTS OF 1,000 BARRELS)",FutOnly,260707067411F,5080,5080,0,20497,20497,0,29185,29185,0,"CRUDE OIL, LIGHT SWEET-WTI - ICE FUTURES EUROPE",13660,13660,0,14539,14539,0,801410,801410,0,75646,75646,0,51026,51026,0,170596,170596,0,0.6,0.6,0.0,2.6,2.6,0.0,3.6,3.6,0.0,1.7,1.7,0.0,1.8,1.8,0.0,9.4,9.4,0.0,6.4,6.4,0.0,21.3,21.3,0.0,54.9,54.9,0.0,46.2,46.2,0.0,1.3,1.3,0.0,11.1,11.1,0.0,7.1,7.1,0.0,98.3,98.3,0.0,98.2,98.2,0.0,100.0,100.0,100.0,440335,440335,0,370054,370054,0,2026-07-07T00:00:00.000,88628,88628,0,56885,56885,0,10023,10023,0,787750,787750,0,786871,786871,0,5,5,0,12,12,0,13,13,0,11,11,0,23,23,0,33,33,0,42,42,0,37,37,0,4,4,0,10,10,0,13,13,0,116,116,0,103,103,0,102,102,0,2026 Report Week 27
085 ,085692,CMX ,NYC,N25,-1124,-205,3157,-1322,-1914,-3387,153,-250,-660,-3171,-1526,-609,-2178,189,-2065,-1473,COPPER,NATURAL RESOURCES,COPPER,BASE METALS,18.7,18.7,0.0,32.7,32.7,0.0,28.9,28.9,0.0,47.0,47.0,0.0,18.0,18.0,0.0,32.2,32.2,0.0,26.1,26.1,0.0,45.2,45.2,0.0,COPPER- #1,"(CONTRACTS OF 25,000 POUNDS)",FutOnly,260707085692F,74757,74757,0,15973,15973,0,22898,22898,0,COPPER- #1 - COMMODITY EXCHANGE INC.,18622,18622,0,9724,9724,0,250948,250948,0,21683,21683,0,16195,16195,0,24918,24918,0,29.8,29.8,0.0,6.4,6.4,0.0,9.1,9.1,0.0,7.4,7.4,0.0,3.9,3.9,0.0,8.6,8.6,0.0,6.5,6.5,0.0,9.9,9.9,0.0,10.7,10.7,0.0,46.9,46.9,0.0,21.4,21.4,0.0,14.3,14.3,0.0,3.0,3.0,0.0,92.6,92.6,0.0,96.1,96.1,0.0,100.0,100.0,100.0,26791,26791,0,117774,117774,0,2026-07-07T00:00:00.000,35905,35905,0,7561,7561,0,53718,53718,0,232326,232326,0,241224,241224,0,79,79,0,19,19,0,47,47,0,64,64,0,34,34,0,36,36,0,34,34,0,31,31,0,22,22,0,12,12,0,19,19,0,272,272,0,236,236,0,165,165,0,2026 Report Week 27
088 ,088691,CMX ,NYC,N20,364,4294,327,-3399,-4384,2235,3730,-427,767,-879,3061,-376,-3104,1701,5634,6619,GOLD,NATURAL RESOURCES,GOLD,PRECIOUS METALS,21.9,21.9,0.0,37.0,37.0,0.0,31.0,31.0,0.0,56.2,56.2,0.0,20.5,20.5,0.0,36.1,36.1,0.0,28.2,28.2,0.0,53.5,53.5,0.0,GOLD,(CONTRACTS OF 100 TROY OUNCES),FutOnly,260707088691F,134941,134941,0,18780,18780,0,17256,17256,0,GOLD - COMMODITY EXCHANGE INC.,45636,45636,0,17600,17600,0,371776,371776,0,98772,98772,0,20687,20687,0,15607,15607,0,36.3,36.3,0.0,5.1,5.1,0.0,4.6,4.6,0.0,12.3,12.3,0.0,4.7,4.7,0.0,26.6,26.6,0.0,5.6,5.6,0.0,4.2,4.2,0.0,3.8,3.8,0.0,9.5,9.5,0.0,6.8,6.8,0.0,61.0,61.0,0.0,5.3,5.3,0.0,87.7,87.7,0.0,95.3,95.3,0.0,100.0,100.0,100.0,14282,14282,0,35268,35268,0,2026-07-07T00:00:00.000,226741,226741,0,19837,19837,0,25445,25445,0,326140,326140,0,354176,354176,0,69,69,0,25,25,0,43,43,0,88,88,0,31,31,0,30,30,0,16,16,0,13,13,0,14,14,0,27,27,0,20,20,0,279,279,0,230,230,0,149,149,0,2026 Report Week 27
