asset_mgr_positions_long,asset_mgr_positions_short,asset_mgr_positions_spread,cftc_commodity_code,cftc_contract_market_code,cftc_market_code,cftc_region_code,cftc_subgroup_code,change_in_asset_mgr_long,change_in_asset_mgr_short,change_in_asset_mgr_spread,change_in_dealer_long_all,change_in_dealer_short_all,change_in_dealer_spread_all,change_in_lev_money_long,change_in_lev_money_short,change_in_lev_money_spread,change_in_nonrept_long_all,change_in_nonrept_short_all,change_in_open_interest_all,change_in_other_rept_long,change_in_other_rept_short,change_in_other_rept_spread,change_in_tot_rept_long_all,change_in_tot_rept_short,commodity,commodity_group_name,commodity_name,commodity_subgroup_name,conc_gross_le_4_tdr_long,conc_gross_le_4_tdr_short,conc_gross_le_8_tdr_long,conc_gross_le_8_tdr_short,conc_net_le_4_tdr_long_all,conc_net_le_4_tdr_short_all,conc_net_le_8_tdr_long_all,conc_net_le_8_tdr_short_all,contract_market_name,contract_units,dealer_positions_long_all,dealer_positions_short_all,dealer_positions_spread_all,futonly_or_combined,id,lev_money_positions_long,lev_money_positions_short,lev_money_positions_spread,market_and_exchange_names,nonrept_positions_long_all,nonrept_positions_short_all,open_interest_all,other_rept_positions_long,other_rept_positions_short,other_rept_positions_spread,pct_of_oi_asset_mgr_long,pct_of_oi_asset_mgr_short,pct_of_oi_asset_mgr_spread,pct_of_oi_dealer_long_all,pct_of_oi_dealer_short_all,pct_of_oi_dealer_spread_all,pct_of_oi_lev_money_long,pct_of_oi_lev_money_short,pct_of_oi_lev_money_spread,pct_of_oi_nonrept_long_all,pct_of_oi_nonrept_short_all,pct_of_oi_other_rept_long,pct_of_oi_other_rept_short,pct_of_oi_other_rept_spread,pct_of_oi_tot_rept_long_all,pct_of_oi_tot_rept_short,pct_of_open_interest_all,report_date_as_yyyy_mm_dd,tot_rept_positions_long_all,tot_rept_positions_short,traders_asset_mgr_long_all,traders_asset_mgr_short_all,traders_asset_mgr_spread,traders_dealer_long_all,traders_dealer_short_all,traders_dealer_spread_all,traders_lev_money_long_all,traders_lev_money_short_all,traders_lev_money_spread,traders_other_rept_long_all,traders_other_rept_short,traders_other_rept_spread,traders_tot_all,traders_tot_rept_long_all,traders_tot_rept_short_all,yyyy_report_week_ww
299379,301933,100096,042,042601,CBT,CHI,F30,-18977,7005,815,4604,-28980,5995,27095,36905,-2003,6397,-805,14204,-11725,-6731,2003,7807,15009,"T-NOTES, 1-2 YEAR",FINANCIAL INSTRUMENTS,"T-NOTES, 1-2 YEAR",Interest Rates - U.S. Treasury,21.8,15.7,35.8,24.3,19.7,15.6,31.9,23.9,UST 2Y NOTE,"(CONTRACTS OF $200,000 FACE VALUE)",43455,63562,9128,FutOnly,160105042601F,254556,255512,43054,2-YEAR U.S. TREASURY NOTES - CHICAGO BOARD OF TRADE,105138,142725,1031431,172939,111735,3686,29.0,29.3,9.7,4.2,6.2,0.9,24.7,24.8,4.2,10.2,13.8,16.8,10.8,0.4,89.8,86.2,100.0,2016-01-05T00:00:00.000,926293,888706,46,40,38,15,26,5,39,39,24,18,33,8,256,149,182,2016 Report Week 01
234753,169171,60898,138,13874+,CME,CHI,F20,-12175,13832,784,9754,-7715,9680,-1226,-711,2269,13425,12224,27542,4902,-2951,129,14117,15318,S&P BROAD BASED STOCK INDICES,FINANCIAL INSTRUMENTS,S&P BROAD BASED STOCK INDICES,STOCK INDICES,15.7,11.3,24.9,19.2,14.0,10.9,22.2,17.2,S&P 500 Consolidated,(S&P 500 INDEX X $250.00),61170,55686,24510,FutOnly,16010513874+F,65287,125499,21713,S&P 500 Consolidated - CHICAGO MERCANTILE EXCHANGE,112703,108488,612018,21811,36880,9174,38.4,27.6,10.0,10.0,9.1,4.0,10.7,20.5,3.5,18.4,17.7,3.6,6.0,1.5,81.6,82.3,100.0,2016-01-05T00:00:00.000,499314,503529,116,85,87,34,29,25,62,113,65,38,55,15,533,349,376,2016 Report Week 01
999259,710918,370149,043,043602,CBT,CHI,F30,31295,-41698,18153,11619,30929,1953,-23341,18034,9602,367,-401,47418,-6098,6978,3868,47051,47819,"T-NOTES, 6.5-10 YEAR",FINANCIAL INSTRUMENTS,"T-NOTES, 6.5-10 YEAR",Interest Rates - U.S. Treasury,33.3,16.4,42.6,24.5,28.7,12.1,36.2,17.3,UST 10Y NOTE,"(CONTRACTS OF $100,000 FACE VALUE)",76087,181698,23401,FutOnly,160105043602F,337075,577745,81827,10-YEAR U.S. TREASURY NOTES - CHICAGO BOARD OF TRADE,284547,433809,2534485,337083,129881,25057,39.4,28.0,14.6,3.0,7.2,0.9,13.3,22.8,3.2,11.2,17.1,13.3,5.1,1.0,88.8,82.9,100.0,2016-01-05T00:00:00.000,2249938,2100676,59,78,68,19,30,8,50,64,37,17,37,13,354,233,247,2016 Report Week 01
1103109,711349,370451,043,043602,CBT,CHI,F30,103850,431,302,-12561,44681,17017,24285,27323,-20998,18409,27714,116593,-14759,19075,1048,98184,88879,"T-NOTES, 6.5-10 YEAR",FINANCIAL INSTRUMENTS,"T-NOTES, 6.5-10 YEAR",Interest Rates - U.S. Treasury,34.2,16.9,45.2,24.0,30.2,12.4,39.6,17.7,UST 10Y NOTE,"(CONTRACTS OF $100,000 FACE VALUE)",63526,226379,40418,FutOnly,160112043602F,361360,605068,60829,10-YEAR U.S. TREASURY NOTES - CHICAGO BOARD OF TRADE,302956,461523,2651078,322324,148956,26105,41.6,26.8,14.0,2.4,8.5,1.5,13.6,22.8,2.3,11.4,17.4,12.2,5.6,1.0,88.6,82.6,100.0,2016-01-12T00:00:00.000,2348122,2189555,61,76,73,16,36,13,43,66,39,14,40,14,352,226,265,2016 Report Week 02
233857,184863,67178,138,13874+,CME,CHI,F20,-896,15692,6281,23441,1857,-222,-520,-6232,3179,9894,8624,37887,-1816,10162,-1454,27993,29263,S&P BROAD BASED STOCK INDICES,FINANCIAL INSTRUMENTS,S&P BROAD BASED STOCK INDICES,STOCK INDICES,14.8,10.7,24.3,18.0,12.8,10.1,21.8,16.4,S&P 500 Consolidated,(S&P 500 INDEX X $250.00),84611,57543,24288,FutOnly,16011213874+F,64766,119267,24892,S&P 500 Consolidated - CHICAGO MERCANTILE EXCHANGE,122598,117112,649905,19995,47042,7720,36.0,28.4,10.3,13.0,8.9,3.7,10.0,18.4,3.8,18.9,18.0,3.1,7.2,1.2,81.1,82.0,100.0,2016-01-12T00:00:00.000,527307,532793,117,91,88,39,30,26,71,108,65,42,61,16,559,366,388,2016 Report Week 02
339570,285305,102076,042,042601,CBT,CHI,F30,40191,-16628,1980,-19811,33799,1275,36392,-13198,-11789,303,-1954,3638,-46547,8509,1644,3335,5592,"T-NOTES, 1-2 YEAR",FINANCIAL INSTRUMENTS,"T-NOTES, 1-2 YEAR",Interest Rates - U.S. Treasury,22.6,17.6,38.0,26.3,22.0,17.2,35.8,25.3,UST 2Y NOTE,"(CONTRACTS OF $200,000 FACE VALUE)",23644,97361,10403,FutOnly,160112042601F,290948,242314,31265,2-YEAR U.S. TREASURY NOTES - CHICAGO BOARD OF TRADE,105441,140771,1035069,126392,120244,5330,32.8,27.6,9.9,2.3,9.4,1.0,28.1,23.4,3.0,10.2,13.6,12.2,11.6,0.5,89.8,86.4,100.0,2016-01-12T00:00:00.000,929628,894298,49,39,41,8,32,6,44,40,26,18,35,7,265,154,191,2016 Report Week 02
333120,265662,99060,042,042601,CBT,CHI,F30,-6450,-19643,-3016,-869,504,-2110,16083,9060,1294,-122,2151,595,-4925,11645,710,717,-1556,"T-NOTES, 1-2 YEAR",FINANCIAL INSTRUMENTS,"T-NOTES, 1-2 YEAR",Interest Rates - U.S. Treasury,22.8,16.2,38.0,25.3,22.4,16.1,35.0,24.3,UST 2Y NOTE,"(CONTRACTS OF $200,000 FACE VALUE)",22775,97865,8293,FutOnly,160119042601F,307031,251374,32559,2-YEAR U.S. TREASURY NOTES - CHICAGO BOARD OF TRADE,105319,142922,1035664,121467,131889,6040,32.2,25.7,9.6,2.2,9.4,0.8,29.6,24.3,3.1,10.2,13.8,11.7,12.7,0.6,89.8,86.2,100.0,2016-01-19T00:00:00.000,930345,892742,51,36,41,7,33,5,41,44,31,17,33,9,262,152,196,2016 Report Week 03
1160760,771543,365900,043,043602,CBT,CHI,F30,57651,60194,-4551,-9230,53441,11487,41009,33544,29455,35587,-43151,153042,-9557,11432,1191,117455,196193,"T-NOTES, 6.5-10 YEAR",FINANCIAL INSTRUMENTS,"T-NOTES, 6.5-10 YEAR",Interest Rates - U.S. Treasury,33.4,16.1,45.5,24.4,30.6,12.4,40.2,17.8,UST 10Y NOTE,"(CONTRACTS OF $100,000 FACE VALUE)",54296,279820,51905,FutOnly,160119043602F,402369,638612,90284,10-YEAR U.S. TREASURY NOTES - CHICAGO BOARD OF TRADE,338543,418372,2804120,312767,160388,27296,41.4,27.5,13.0,1.9,10.0,1.9,14.3,22.8,3.2,12.1,14.9,11.2,5.7,1.0,87.9,85.1,100.0,2016-01-19T00:00:00.000,2465577,2385748,58,78,74,15,44,12,44,69,47,15,42,17,365,235,280,2016 Report Week 03
239326,193870,63776,138,13874+,CME,CHI,F20,5470,9007,-3403,14371,-1564,4988,-1111,23374,-713,8192,2659,31458,1622,-4932,2042,23265,28798,S&P BROAD BASED STOCK INDICES,FINANCIAL INSTRUMENTS,S&P BROAD BASED STOCK INDICES,STOCK INDICES,14.8,10.3,24.2,17.2,12.6,9.1,21.7,15.5,S&P 500 Consolidated,(S&P 500 INDEX X $250.00),98982,55978,29276,FutOnly,16011913874+F,63655,142642,24179,S&P 500 Consolidated - CHICAGO MERCANTILE EXCHANGE,130790,119772,681362,21617,42110,9762,35.1,28.5,9.4,14.5,8.2,4.3,9.3,20.9,3.5,19.2,17.6,3.2,6.2,1.4,80.8,82.4,100.0,2016-01-19T00:00:00.000,550572,561591,117,94,87,36,32,25,72,123,75,43,57,13,575,372,403,2016 Report Week 03
241762,202112,58234,138,13874+,CME,CHI,F20,2436,8242,-5541,-451,4305,1671,10987,1314,2402,-7973,-568,5719,2420,-5874,-232,13692,6286,S&P BROAD BASED STOCK INDICES,FINANCIAL INSTRUMENTS,S&P BROAD BASED STOCK INDICES,STOCK INDICES,14.9,10.3,24.5,17.7,12.9,9.1,22.3,15.5,S&P 500 Consolidated,(S&P 500 INDEX X $250.00),98532,60283,30947,FutOnly,16012613874+F,74641,143956,26580,S&P 500 Consolidated - CHICAGO MERCANTILE EXCHANGE,122817,119204,687081,24038,36235,9529,35.2,29.4,8.5,14.3,8.8,4.5,10.9,21.0,3.9,17.9,17.3,3.5,5.3,1.4,82.1,82.7,100.0,2016-01-26T00:00:00.000,564264,567877,118,96,86,36,34,24,74,114,71,48,58,16,579,374,402,2016 Report Week 04
1189360,807410,361085,043,043602,CBT,CHI,F30,28600,35867,-4815,11488,35289,-19525,49978,30089,-4318,15269,15472,81828,12385,1003,-7234,66559,66356,"T-NOTES, 6.5-10 YEAR",FINANCIAL INSTRUMENTS,"T-NOTES, 6.5-10 YEAR",Interest Rates - U.S. Treasury,32.9,17.8,43.9,27.7,30.1,15.2,39.0,21.9,UST 10Y NOTE,"(CONTRACTS OF $100,000 FACE VALUE)",65784,315109,32380,FutOnly,160126043602F,452347,668701,85966,10-YEAR U.S. TREASURY NOTES - CHICAGO BOARD OF TRADE,353812,433844,2885948,325152,161391,20062,41.2,28.0,12.5,2.3,10.9,1.1,15.7,23.2,3.0,12.3,15.0,11.3,5.6,0.7,87.7,85.0,100.0,2016-01-26T00:00:00.000,2532136,2452104,61,79,76,13,39,11,53,61,50,15,36,11,357,234,271,2016 Report Week 04
338427,263583,101295,042,042601,CBT,CHI,F30,5307,-2079,2235,-2966,6735,940,17253,14213,4714,6597,9671,38621,2241,-108,2300,32024,28950,"T-NOTES, 1-2 YEAR",FINANCIAL INSTRUMENTS,"T-NOTES, 1-2 YEAR",Interest Rates - U.S. Treasury,25.4,16.8,38.6,26.3,25.3,16.7,36.2,25.9,UST 2Y NOTE,"(CONTRACTS OF $200,000 FACE VALUE)",19809,104600,9233,FutOnly,160126042601F,324284,265587,37273,2-YEAR U.S. TREASURY NOTES - CHICAGO BOARD OF TRADE,111916,152593,1074285,123708,131781,8340,31.5,24.5,9.4,1.8,9.7,0.9,30.2,24.7,3.5,10.4,14.2,11.5,12.3,0.8,89.6,85.8,100.0,2016-01-26T00:00:00.000,962369,921692,50,38,44,7,35,8,38,44,28,17,30,8,259,153,194,2016 Report Week 04
349202,246276,102562,042,042601,CBT,CHI,F30,10775,-17307,1267,5322,29331,-6386,4035,24318,23595,5138,-4096,55871,6106,-870,6019,50733,59967,"T-NOTES, 1-2 YEAR",FINANCIAL INSTRUMENTS,"T-NOTES, 1-2 YEAR",Interest Rates - U.S. Treasury,25.4,18.2,36.5,28.1,25.1,17.0,34.1,26.7,UST 2Y NOTE,"(CONTRACTS OF $200,000 FACE VALUE)",25131,133931,2847,FutOnly,160202042601F,328319,289905,60868,2-YEAR U.S. TREASURY NOTES - CHICAGO BOARD OF TRADE,117054,148497,1130156,129814,130911,14359,30.9,21.8,9.1,2.2,11.9,0.3,29.1,25.7,5.4,10.4,13.1,11.5,11.6,1.3,89.6,86.9,100.0,2016-02-02T00:00:00.000,1013102,981659,52,36,46,9,31,6,37,47,32,16,33,10,261,161,194,2016 Report Week 05
1153620,751898,389577,043,043602,CBT,CHI,F30,-35740,-55512,28492,1407,-20904,18930,-5191,63979,45305,19798,16259,98548,26067,2519,-520,78750,82289,"T-NOTES, 6.5-10 YEAR",FINANCIAL INSTRUMENTS,"T-NOTES, 6.5-10 YEAR",Interest Rates - U.S. Treasury,32.4,18.1,42.9,26.7,29.9,15.3,37.7,20.3,UST 10Y NOTE,"(CONTRACTS OF $100,000 FACE VALUE)",67191,294205,51310,FutOnly,160202043602F,447156,732680,131271,10-YEAR U.S. TREASURY NOTES - CHICAGO BOARD OF TRADE,373610,450103,2984496,351219,163910,19542,38.7,25.2,13.1,2.3,9.9,1.7,15.0,24.5,4.4,12.5,15.1,11.8,5.5,0.7,87.5,84.9,100.0,2016-02-02T00:00:00.000,2610886,2534393,63,80,76,13,35,14,52,66,48,21,35,12,365,244,271,2016 Report Week 05
248699,197055,61792,138,13874+,CME,CHI,F20,6937,-5058,3558,12566,-9019,9225,-11969,7458,9803,5005,14725,32590,-2306,2127,-230,27585,17865,S&P BROAD BASED STOCK INDICES,FINANCIAL INSTRUMENTS,S&P BROAD BASED STOCK INDICES,STOCK INDICES,14.9,10.0,24.6,16.9,12.9,8.4,22.3,13.8,S&P 500 Consolidated,(S&P 500 INDEX X $250.00),111098,51264,40172,FutOnly,16020213874+F,62672,151413,36384,S&P 500 Consolidated - CHICAGO MERCANTILE EXCHANGE,127822,133929,719671,21732,38362,9299,34.6,27.4,8.6,15.4,7.1,5.6,8.7,21.0,5.1,17.8,18.6,3.0,5.3,1.3,82.2,81.4,100.0,2016-02-02T00:00:00.000,591849,585742,117,97,89,38,32,28,71,135,74,43,64,22,597,380,430,2016 Report Week 05
357871,223540,103705,042,042601,CBT,CHI,F30,8669,-22736,1143,-2212,16820,2973,26450,58074,15131,8271,1165,72974,7449,-4696,5100,64703,71809,"T-NOTES, 1-2 YEAR",FINANCIAL INSTRUMENTS,"T-NOTES, 1-2 YEAR",Interest Rates - U.S. Treasury,24.1,17.5,35.0,27.2,23.6,16.0,32.1,25.5,UST 2Y NOTE,"(CONTRACTS OF $200,000 FACE VALUE)",22919,150751,5820,FutOnly,160209042601F,354769,347979,75999,2-YEAR U.S. TREASURY NOTES - CHICAGO BOARD OF TRADE,125325,149662,1203130,137263,126215,19459,29.7,18.6,8.6,1.9,12.5,0.5,29.5,28.9,6.3,10.4,12.4,11.4,10.5,1.6,89.6,87.6,100.0,2016-02-09T00:00:00.000,1077805,1053468,53,37,44,8,30,7,36,48,34,20,31,10,263,163,195,2016 Report Week 06
1168268,745867,370007,043,043602,CBT,CHI,F30,14648,-6031,-19570,13587,9342,26513,12121,41291,11116,-89,-13907,49614,-6389,3183,-2323,49703,63521,"T-NOTES, 6.5-10 YEAR",FINANCIAL INSTRUMENTS,"T-NOTES, 6.5-10 YEAR",Interest Rates - U.S. Treasury,32.7,17.5,42.7,25.5,29.9,15.5,38.3,20.8,UST 10Y NOTE,"(CONTRACTS OF $100,000 FACE VALUE)",80778,303547,77823,FutOnly,160209043602F,459277,773971,142387,10-YEAR U.S. TREASURY NOTES - CHICAGO BOARD OF TRADE,373521,436196,3034110,344830,167093,17219,38.5,24.6,12.2,2.7,10.0,2.6,15.1,25.5,4.7,12.3,14.4,11.4,5.5,0.6,87.7,85.6,100.0,2016-02-09T00:00:00.000,2660589,2597914,63,77,73,16,41,16,55,65,62,16,37,17,370,255,283,2016 Report Week 06
250848,204773,63924,138,13874+,CME,CHI,F20,2149,7719,2132,-2319,3653,10408,4630,-11845,-2489,9306,6010,23281,617,8846,-1153,13975,17270,S&P BROAD BASED STOCK INDICES,FINANCIAL INSTRUMENTS,S&P BROAD BASED STOCK INDICES,STOCK INDICES,13.9,10.0,23.5,16.1,12.1,8.3,21.2,13.4,S&P 500 Consolidated,(S&P 500 INDEX X $250.00),108778,54917,50580,FutOnly,16020913874+F,67303,139568,33894,S&P 500 Consolidated - CHICAGO MERCANTILE EXCHANGE,137128,139939,742952,22349,47208,8147,33.8,27.6,8.6,14.6,7.4,6.8,9.1,18.8,4.6,18.5,18.8,3.0,6.4,1.1,81.5,81.2,100.0,2016-02-09T00:00:00.000,605824,603013,115,97,88,41,32,32,65,132,76,45,61,22,589,382,425,2016 Report Week 06
251007,198787,62188,138,13874+,CME,CHI,F20,159,-5987,-1736,-3334,6170,15246,3747,7209,-1700,2577,3735,17839,3867,-4112,-987,15262,14104,S&P BROAD BASED STOCK INDICES,FINANCIAL INSTRUMENTS,S&P BROAD BASED STOCK INDICES,STOCK INDICES,13.9,10.0,22.7,16.1,12.4,8.3,20.9,13.0,S&P 500 Consolidated,(S&P 500 INDEX X $250.00),105444,61087,65827,FutOnly,16021613874+F,71050,146777,32194,S&P 500 Consolidated - CHICAGO MERCANTILE EXCHANGE,139705,143674,760791,26216,43096,7160,33.0,26.1,8.2,13.9,8.0,8.7,9.3,19.3,4.2,18.4,18.9,3.4,5.7,0.9,81.6,81.1,100.0,2016-02-16T00:00:00.000,621086,617117,119,95,92,38,35,29,72,128,79,42,72,20,601,382,439,2016 Report Week 07
351509,199223,106687,042,042601,CBT,CHI,F30,-6362,-24317,2982,-5769,-13798,-874,9177,2167,34358,1243,6978,3778,-31377,-4118,400,2535,-3200,"T-NOTES, 1-2 YEAR",FINANCIAL INSTRUMENTS,"T-NOTES, 1-2 YEAR",Interest Rates - U.S. Treasury,23.3,18.5,34.5,28.7,22.4,15.9,30.8,25.2,UST 2Y NOTE,"(CONTRACTS OF $200,000 FACE VALUE)",17150,136953,4946,FutOnly,160216042601F,363946,350146,110357,2-YEAR U.S. TREASURY NOTES - CHICAGO BOARD OF TRADE,126568,156640,1206908,105886,122097,19859,29.1,16.5,8.8,1.4,11.3,0.4,30.2,29.0,9.1,10.5,13.0,8.8,10.1,1.6,89.5,87.0,100.0,2016-02-16T00:00:00.000,1080340,1050268,56,35,44,8,24,8,36,44,34,17,30,12,250,162,186,2016 Report Week 07
1153541,742455,354657,043,043602,CBT,CHI,F30,-14727,-3412,-15350,6079,-13984,35392,-1332,36758,60819,12821,2662,110767,23618,4435,3447,97946,108105,"T-NOTES, 6.5-10 YEAR",FINANCIAL INSTRUMENTS,"T-NOTES, 6.5-10 YEAR",Interest Rates - U.S. Treasury,31.3,16.6,41.3,25.4,28.8,14.5,36.1,19.8,UST 10Y NOTE,"(CONTRACTS OF $100,000 FACE VALUE)",86857,289563,113215,FutOnly,160216043602F,457945,810729,203206,10-YEAR U.S. TREASURY NOTES - CHICAGO BOARD OF TRADE,386342,438858,3144877,368448,171528,20666,36.7,23.6,11.3,2.8,9.2,3.6,14.6,25.8,6.5,12.3,14.0,11.7,5.5,0.7,87.7,86.0,100.0,2016-02-16T00:00:00.000,2758535,2706019,63,77,72,23,37,22,54,67,58,19,37,15,377,268,276,2016 Report Week 07
352525,198008,104091,042,042601,CBT,CHI,F30,1016,-1215,-2596,-2686,-16756,4484,6333,-8530,-31918,18490,827,-57378,-50880,-2053,379,-75868,-58205,"T-NOTES, 1-2 YEAR",FINANCIAL INSTRUMENTS,"T-NOTES, 1-2 YEAR",Interest Rates - U.S. Treasury,23.0,18.5,33.1,28.0,22.1,16.9,29.5,25.9,UST 2Y NOTE,"(CONTRACTS OF $200,000 FACE VALUE)",14464,120197,9430,FutOnly,160223042601F,370279,341616,78439,2-YEAR U.S. TREASURY NOTES - CHICAGO BOARD OF TRADE,145058,157467,1149530,55006,120044,20238,30.7,17.2,9.1,1.3,10.5,0.8,32.2,29.7,6.8,12.6,13.7,4.8,10.4,1.8,87.4,86.3,100.0,2016-02-23T00:00:00.000,1004472,992063,56,36,43,6,28,14,43,37,41,16,31,12,254,175,189,2016 Report Week 08
1113479,869385,365660,043,043602,CBT,CHI,F30,-40062,126930,11003,-3839,14173,-49680,68126,-86603,-67406,25531,5361,-58338,-1806,-11911,-205,-83869,-63699,"T-NOTES, 6.5-10 YEAR",FINANCIAL INSTRUMENTS,"T-NOTES, 6.5-10 YEAR",Interest Rates - U.S. Treasury,31.1,20.5,40.4,28.8,28.5,17.4,35.9,23.1,UST 10Y NOTE,"(CONTRACTS OF $100,000 FACE VALUE)",83018,303736,63535,FutOnly,160223043602F,526071,724126,135800,10-YEAR U.S. TREASURY NOTES - CHICAGO BOARD OF TRADE,411873,444219,3086539,366642,159617,20461,36.1,28.2,11.8,2.7,9.8,2.1,17.0,23.5,4.4,13.3,14.4,11.9,5.2,0.7,86.7,85.6,100.0,2016-02-23T00:00:00.000,2674666,2642320,60,79,72,18,35,20,59,56,48,18,33,15,358,249,264,2016 Report Week 08
251683,194111,60762,138,13874+,CME,CHI,F20,675,-4676,-1426,9608,2374,-3508,-722,-4782,-902,242,9589,321,-3255,4044,-390,80,-9267,S&P BROAD BASED STOCK INDICES,FINANCIAL INSTRUMENTS,S&P BROAD BASED STOCK INDICES,STOCK INDICES,14.7,10.2,23.5,16.5,13.1,8.3,21.3,13.1,S&P 500 Consolidated,(S&P 500 INDEX X $250.00),115052,63461,62318,FutOnly,16022313874+F,70328,141995,31292,S&P 500 Consolidated - CHICAGO MERCANTILE EXCHANGE,139946,153263,761112,22961,47140,6770,33.1,25.5,8.0,15.1,8.3,8.2,9.2,18.7,4.1,18.4,20.1,3.0,6.2,0.9,81.6,79.9,100.0,2016-02-23T00:00:00.000,621166,607849,115,98,92,38,34,29,73,133,75,38,69,19,598,373,440,2016 Report Week 08
365850,209098,103311,042,042601,CBT,CHI,F30,13325,11090,-780,10218,4120,681,-49072,-53065,-20933,-29203,-8083,-80589,3995,-4799,-8820,-51386,-72506,"T-NOTES, 1-2 YEAR",FINANCIAL INSTRUMENTS,"T-NOTES, 1-2 YEAR",Interest Rates - U.S. Treasury,23.1,17.8,34.3,27.2,22.6,16.1,32.0,24.7,UST 2Y NOTE,"(CONTRACTS OF $200,000 FACE VALUE)",24682,124317,10111,FutOnly,160301042601F,321207,288551,57506,2-YEAR U.S. TREASURY NOTES - CHICAGO BOARD OF TRADE,115855,149384,1068941,59001,115245,11418,34.2,19.6,9.7,2.3,11.6,0.9,30.0,27.0,5.4,10.8,14.0,5.5,10.8,1.1,89.2,86.0,100.0,2016-03-01T00:00:00.000,953086,919557,55,38,47,13,24,12,40,35,30,16,26,8,248,171,174,2016 Report Week 09
1032735,776958,360823,043,043602,CBT,CHI,F30,-80744,-92427,-4837,10013,-50362,-17167,-53272,12956,26397,-41649,-21769,-177422,-12032,-26082,-4131,-135773,-155653,"T-NOTES, 6.5-10 YEAR",FINANCIAL INSTRUMENTS,"T-NOTES, 6.5-10 YEAR",Interest Rates - U.S. Treasury,30.9,19.8,40.5,28.0,28.3,17.0,35.4,22.5,UST 10Y NOTE,"(CONTRACTS OF $100,000 FACE VALUE)",93031,253374,46368,FutOnly,160301043602F,472799,737082,162197,10-YEAR U.S. TREASURY NOTES - CHICAGO BOARD OF TRADE,370224,422450,2909117,354610,133535,16330,35.5,26.7,12.4,3.2,8.7,1.6,16.3,25.3,5.6,12.7,14.5,12.2,4.6,0.6,87.3,85.5,100.0,2016-03-01T00:00:00.000,2538893,2486667,59,78,68,22,32,24,62,53,50,16,31,11,353,251,255,2016 Report Week 09
241793,191022,63691,138,13874+,CME,CHI,F20,-9889,-3089,2929,12500,8856,-4210,76,-1964,6243,8202,5540,15134,1041,2586,-1757,6932,9594,S&P BROAD BASED STOCK INDICES,FINANCIAL INSTRUMENTS,S&P BROAD BASED STOCK INDICES,STOCK INDICES,14.1,10.6,23.5,17.3,12.7,9.0,20.8,14.0,S&P 500 Consolidated,(S&P 500 INDEX X $250.00),127552,72317,58108,FutOnly,16030113874+F,70404,140031,37535,S&P 500 Consolidated - CHICAGO MERCANTILE EXCHANGE,148148,158803,776246,24002,49726,5013,31.1,24.6,8.2,16.4,9.3,7.5,9.1,18.0,4.8,19.1,20.5,3.1,6.4,0.6,80.9,79.5,100.0,2016-03-01T00:00:00.000,628098,617443,112,97,91,38,35,33,72,122,73,39,70,17,585,370,429,2016 Report Week 09
373299,238782,101555,042,042601,CBT,CHI,F30,7449,29684,-1756,-7146,-30439,-6250,-34744,-53175,-17287,553,-6799,-86158,-28680,-1839,1703,-86711,-79359,"T-NOTES, 1-2 YEAR",FINANCIAL INSTRUMENTS,"T-NOTES, 1-2 YEAR",Interest Rates - U.S. Treasury,25.0,19.8,37.4,29.6,23.5,16.9,34.3,26.1,UST 2Y NOTE,"(CONTRACTS OF $200,000 FACE VALUE)",17536,93878,3861,FutOnly,160308042601F,286463,235376,40219,2-YEAR U.S. TREASURY NOTES - CHICAGO BOARD OF TRADE,116408,142585,982783,30321,113406,13121,38.0,24.3,10.3,1.8,9.6,0.4,29.1,23.9,4.1,11.8,14.5,3.1,11.5,1.3,88.2,85.5,100.0,2016-03-08T00:00:00.000,866375,840198,55,40,46,8,23,8,34,34,26,16,21,9,232,159,162,2016 Report Week 10
979333,781322,361088,043,043602,CBT,CHI,F30,-53402,4364,265,-6814,10401,-20844,38992,-51393,-37733,-38074,-26060,-107955,9068,12458,587,-69881,-81895,"T-NOTES, 6.5-10 YEAR",FINANCIAL INSTRUMENTS,"T-NOTES, 6.5-10 YEAR",Interest Rates - U.S. Treasury,29.8,20.6,38.8,29.2,26.6,17.8,33.4,23.5,UST 10Y NOTE,"(CONTRACTS OF $100,000 FACE VALUE)",86217,263775,25524,FutOnly,160308043602F,511791,685689,124464,10-YEAR U.S. TREASURY NOTES - CHICAGO BOARD OF TRADE,332150,396390,2801162,363678,145993,16917,35.0,27.9,12.9,3.1,9.4,0.9,18.3,24.5,4.4,11.9,14.2,13.0,5.2,0.6,88.1,85.8,100.0,2016-03-08T00:00:00.000,2469012,2404772,61,80,67,19,31,18,70,48,49,17,30,11,356,256,245,2016 Report Week 10
243775,203123,64603,138,13874+,CME,CHI,F20,1982,12101,912,13802,4058,-4917,10931,10806,355,13850,10623,35843,-1053,1922,-18,21994,25220,S&P BROAD BASED STOCK INDICES,FINANCIAL INSTRUMENTS,S&P BROAD BASED STOCK INDICES,STOCK INDICES,14.4,11.5,23.6,18.8,12.5,10.5,20.5,15.4,S&P 500 Consolidated,(S&P 500 INDEX X $250.00),141353,76375,53192,FutOnly,16030813874+F,81335,150837,37890,S&P 500 Consolidated - CHICAGO MERCANTILE EXCHANGE,161998,169426,812089,22948,51648,4995,30.0,25.0,8.0,17.4,9.4,6.5,10.0,18.6,4.7,19.9,20.9,2.8,6.4,0.6,80.1,79.1,100.0,2016-03-08T00:00:00.000,650092,642663,109,97,92,36,34,34,74,131,79,36,70,19,587,368,443,2016 Report Week 10
335930,253422,102997,042,042601,CBT,CHI,F30,-37369,14640,1442,7343,-20049,134,-26291,-47022,-1713,-1447,-1204,-63757,-2741,-6870,-3115,-62310,-62553,"T-NOTES, 1-2 YEAR",FINANCIAL INSTRUMENTS,"T-NOTES, 1-2 YEAR",Interest Rates - U.S. Treasury,25.3,19.7,37.2,30.5,24.4,17.2,34.2,26.9,UST 2Y NOTE,"(CONTRACTS OF $200,000 FACE VALUE)",24879,73829,3995,FutOnly,160315042601F,260172,188354,38506,2-YEAR U.S. TREASURY NOTES - CHICAGO BOARD OF TRADE,114961,141381,919026,27580,106536,10006,36.6,27.6,11.2,2.7,8.0,0.4,28.3,20.5,4.2,12.5,15.4,3.0,11.6,1.1,87.5,84.6,100.0,2016-03-15T00:00:00.000,804065,777645,56,41,45,11,24,8,30,28,24,12,21,7,224,145,163,2016 Report Week 11
885754,807022,327878,043,043602,CBT,CHI,F30,-93579,25700,-33210,4532,-20108,-3578,-3160,-70692,-15213,3705,-4939,-127491,14839,-3624,-1827,-131196,-122552,"T-NOTES, 6.5-10 YEAR",FINANCIAL INSTRUMENTS,"T-NOTES, 6.5-10 YEAR",Interest Rates - U.S. Treasury,28.6,18.5,37.8,27.2,25.9,16.1,32.8,22.0,UST 10Y NOTE,"(CONTRACTS OF $100,000 FACE VALUE)",90749,243667,21946,FutOnly,160315043602F,508631,614997,109251,10-YEAR U.S. TREASURY NOTES - CHICAGO BOARD OF TRADE,335855,391451,2673671,378517,142369,15090,33.1,30.2,12.3,3.4,9.1,0.8,19.0,23.0,4.1,12.6,14.6,14.2,5.3,0.6,87.4,85.4,100.0,2016-03-15T00:00:00.000,2337816,2282220,60,80,63,18,32,13,70,51,51,17,32,11,360,252,246,2016 Report Week 11
249132,210993,66644,138,13874+,CME,CHI,F20,5357,7870,2041,1999,5915,3657,1984,-6439,9632,-3493,-5043,23014,727,4270,1110,26507,28057,S&P BROAD BASED STOCK INDICES,FINANCIAL INSTRUMENTS,S&P BROAD BASED STOCK INDICES,STOCK INDICES,14.0,11.8,23.3,18.9,11.9,10.9,19.5,16.1,S&P 500 Consolidated,(S&P 500 INDEX X $250.00),143352,82290,56849,FutOnly,16031513874+F,83319,144399,47522,S&P 500 Consolidated - CHICAGO MERCANTILE EXCHANGE,158505,164383,835103,23676,55918,6105,29.8,25.3,8.0,17.2,9.9,6.8,10.0,17.3,5.7,19.0,19.7,2.8,6.7,0.7,81.0,80.3,100.0,2016-03-15T00:00:00.000,676598,670720,113,97,104,36,37,43,67,131,85,39,68,23,588,389,454,2016 Report Week 11
348667,232495,103540,042,042601,CBT,CHI,F30,12737,-20927,543,4504,4227,-289,-15805,13509,-5271,-4537,5045,6077,19833,14878,-5638,10614,1032,"T-NOTES, 1-2 YEAR",FINANCIAL INSTRUMENTS,"T-NOTES, 1-2 YEAR",Interest Rates - U.S. Treasury,26.9,17.7,39.1,28.2,24.6,15.5,35.1,25.6,UST 2Y NOTE,"(CONTRACTS OF $200,000 FACE VALUE)",29383,78056,3706,FutOnly,160322042601F,244367,201863,33235,2-YEAR U.S. TREASURY NOTES - CHICAGO BOARD OF TRADE,110424,146426,925103,47413,121414,4368,37.7,25.1,11.2,3.2,8.4,0.4,26.4,21.8,3.6,11.9,15.8,5.1,13.1,0.5,88.1,84.2,100.0,2016-03-22T00:00:00.000,814679,778677,55,41,45,11,26,7,29,30,21,15,20,7,227,143,164,2016 Report Week 12
840095,861525,329659,043,043602,CBT,CHI,F30,-45659,54503,1781,18697,-22548,2292,20872,-65133,-24956,-2052,5655,-43929,-8316,11065,-6588,-41877,-49584,"T-NOTES, 6.5-10 YEAR",FINANCIAL INSTRUMENTS,"T-NOTES, 6.5-10 YEAR",Interest Rates - U.S. Treasury,28.5,18.4,37.6,26.0,25.6,15.0,32.5,21.0,UST 10Y NOTE,"(CONTRACTS OF $100,000 FACE VALUE)",109446,221119,24238,FutOnly,160322043602F,529503,549864,84295,10-YEAR U.S. TREASURY NOTES - CHICAGO BOARD OF TRADE,333803,397106,2629742,370201,153434,8502,31.9,32.8,12.5,4.2,8.4,0.9,20.1,20.9,3.2,12.7,15.1,14.1,5.8,0.3,87.3,84.9,100.0,2016-03-22T00:00:00.000,2295939,2232636,62,77,64,22,32,12,69,55,49,18,29,7,364,248,248,2016 Report Week 12
255318,199438,51450,138,13874+,CME,CHI,F20,6186,-11555,-15194,-28350,-20740,-50354,-11398,-2175,-27947,-80701,-74342,-210702,-1630,-7082,-1313,-130001,-136361,S&P BROAD BASED STOCK INDICES,FINANCIAL INSTRUMENTS,S&P BROAD BASED STOCK INDICES,STOCK INDICES,15.7,15.1,26.2,22.9,14.0,14.4,24.0,20.5,S&P 500 Consolidated,(S&P 500 INDEX X $250.00),115002,61550,6495,FutOnly,16032213874+F,71920,142223,19575,S&P 500 Consolidated - CHICAGO MERCANTILE EXCHANGE,77804,90041,624401,22045,48836,4792,40.9,31.9,8.2,18.4,9.9,1.0,11.5,22.8,3.1,12.5,14.4,3.5,7.8,0.8,87.5,85.6,100.0,2016-03-22T00:00:00.000,546597,534360,112,98,89,39,33,14,71,124,70,35,66,10,578,347,414,2016 Report Week 12
354651,164543,109094,042,042601,CBT,CHI,F30,5984,-67952,5554,-5205,23334,-13,14131,50596,-416,310,806,17322,-1172,7264,-1851,17012,16516,"T-NOTES, 1-2 YEAR",FINANCIAL INSTRUMENTS,"T-NOTES, 1-2 YEAR",Interest Rates - U.S. Treasury,27.3,17.6,40.0,26.6,25.1,16.8,35.7,24.9,UST 2Y NOTE,"(CONTRACTS OF $200,000 FACE VALUE)",24178,101390,3693,FutOnly,160329042601F,258498,252459,32819,2-YEAR U.S. TREASURY NOTES - CHICAGO BOARD OF TRADE,110734,147232,942425,46241,128678,2517,37.6,17.5,11.6,2.6,10.8,0.4,27.4,26.8,3.5,11.7,15.6,4.9,13.7,0.3,88.3,84.4,100.0,2016-03-29T00:00:00.000,831691,795193,57,36,47,9,28,6,30,32,19,13,21,5,226,141,162,2016 Report Week 13
902968,841328,331494,043,043602,CBT,CHI,F30,62873,-20197,1835,-19729,657,6887,-26339,44562,-6684,9029,725,23961,-7243,-7156,3332,14932,23236,"T-NOTES, 6.5-10 YEAR",FINANCIAL INSTRUMENTS,"T-NOTES, 6.5-10 YEAR",Interest Rates - U.S. Treasury,30.6,17.9,39.7,25.2,27.8,14.3,34.8,20.5,UST 10Y NOTE,"(CONTRACTS OF $100,000 FACE VALUE)",89717,221776,31125,FutOnly,160329043602F,503164,594426,77611,10-YEAR U.S. TREASURY NOTES - CHICAGO BOARD OF TRADE,342832,397831,2653703,362958,146278,11834,34.0,31.7,12.5,3.4,8.4,1.2,19.0,22.4,2.9,12.9,15.0,13.7,5.5,0.4,87.1,85.0,100.0,2016-03-29T00:00:00.000,2310871,2255872,61,77,65,15,29,12,62,55,48,14,29,10,343,229,249,2016 Report Week 13
252569,204492,50314,138,13874+,CME,CHI,F20,-2749,5054,-1136,2413,-1248,1227,1990,2658,-572,5020,563,7653,1666,1313,-206,2633,7090,S&P BROAD BASED STOCK INDICES,FINANCIAL INSTRUMENTS,S&P BROAD BASED STOCK INDICES,STOCK INDICES,15.4,14.6,25.8,22.7,13.8,14.3,23.7,20.7,S&P 500 Consolidated,(S&P 500 INDEX X $250.00),117415,60302,7722,FutOnly,16032913874+F,73910,144882,19003,S&P 500 Consolidated - CHICAGO MERCANTILE EXCHANGE,82824,90604,632054,23711,50149,4586,40.0,32.4,8.0,18.6,9.5,1.2,11.7,22.9,3.0,13.1,14.3,3.8,7.9,0.7,86.9,85.7,100.0,2016-03-29T00:00:00.000,549230,541450,112,98,91,39,30,17,72,128,67,37,65,11,581,354,413,2016 Report Week 13
896361,813134,349676,043,043602,CBT,CHI,F30,-6607,-28194,18182,50115,-13166,-9244,-46900,76285,2879,10611,2100,35773,19035,-10771,-2298,25162,33673,"T-NOTES, 6.5-10 YEAR",FINANCIAL INSTRUMENTS,"T-NOTES, 6.5-10 YEAR",Interest Rates - U.S. Treasury,31.6,18.0,40.6,25.4,28.3,14.7,35.6,20.7,UST 10Y NOTE,"(CONTRACTS OF $100,000 FACE VALUE)",139832,208610,21881,FutOnly,160405043602F,456264,670711,80490,10-YEAR U.S. TREASURY NOTES - CHICAGO BOARD OF TRADE,353443,399931,2689476,381993,135507,9536,33.3,30.2,13.0,5.2,7.8,0.8,17.0,24.9,3.0,13.1,14.9,14.2,5.0,0.4,86.9,85.1,100.0,2016-04-05T00:00:00.000,2336033,2289545,60,75,66,20,29,11,53,62,53,16,27,10,342,233,249,2016 Report Week 14
372648,141788,110271,042,042601,CBT,CHI,F30,17997,-22755,1177,678,-21241,-372,15482,60893,-4836,13428,-7919,50301,5806,44413,941,36873,58220,"T-NOTES, 1-2 YEAR",FINANCIAL INSTRUMENTS,"T-NOTES, 1-2 YEAR",Interest Rates - U.S. Treasury,27.5,18.9,40.7,28.8,25.8,18.9,36.3,28.2,UST 2Y NOTE,"(CONTRACTS OF $200,000 FACE VALUE)",24856,80149,3321,FutOnly,160405042601F,273980,313352,27983,2-YEAR U.S. TREASURY NOTES - CHICAGO BOARD OF TRADE,124162,139313,992726,52047,173091,3458,37.5,14.3,11.1,2.5,8.1,0.3,27.6,31.6,2.8,12.5,14.0,5.2,17.4,0.3,87.5,86.0,100.0,2016-04-05T00:00:00.000,868564,853413,55,33,47,8,25,8,28,35,21,14,27,7,225,145,163,2016 Report Week 14
247285,202267,50984,138,13874+,CME,CHI,F20,-5283,-2226,669,460,6486,3040,8517,1464,2679,-2139,-4108,8410,248,187,218,10549,12518,S&P BROAD BASED STOCK INDICES,FINANCIAL INSTRUMENTS,S&P BROAD BASED STOCK INDICES,STOCK INDICES,15.5,14.6,25.8,22.5,13.9,14.5,23.9,21.4,S&P 500 Consolidated,(S&P 500 INDEX X $250.00),117876,66788,10761,FutOnly,16040513874+F,82427,146345,21682,S&P 500 Consolidated - CHICAGO MERCANTILE EXCHANGE,80685,86496,640464,23959,50336,4804,38.6,31.6,8.0,18.4,10.4,1.7,12.9,22.8,3.4,12.6,13.5,3.7,7.9,0.8,87.4,86.5,100.0,2016-04-05T00:00:00.000,559779,553968,109,101,89,39,33,22,78,133,73,39,58,14,590,367,421,2016 Report Week 14
384053,150640,105033,042,042601,CBT,CHI,F30,11405,8852,-5238,-2271,5659,256,15486,-17784,650,1817,9671,13274,-8120,11919,-711,11457,3603,"T-NOTES, 1-2 YEAR",FINANCIAL INSTRUMENTS,"T-NOTES, 1-2 YEAR",Interest Rates - U.S. Treasury,27.9,19.0,41.3,28.7,26.7,19.0,37.2,28.5,UST 2Y NOTE,"(CONTRACTS OF $200,000 FACE VALUE)",22585,85808,3577,FutOnly,160412042601F,289466,295568,28633,2-YEAR U.S. TREASURY NOTES - CHICAGO BOARD OF TRADE,125979,148984,1006000,43927,185010,2747,38.2,15.0,10.4,2.2,8.5,0.4,28.8,29.4,2.8,12.5,14.8,4.4,18.4,0.3,87.5,85.2,100.0,2016-04-12T00:00:00.000,880021,857016,57,32,48,10,25,8,34,32,25,14,27,6,231,152,166,2016 Report Week 15
905625,863237,355037,043,043602,CBT,CHI,F30,9264,50103,5361,-10287,3579,-225,73207,-8162,6343,-7334,15346,72544,-1973,2011,-1812,79878,57198,"T-NOTES, 6.5-10 YEAR",FINANCIAL INSTRUMENTS,"T-NOTES, 6.5-10 YEAR",Interest Rates - U.S. Treasury,32.0,19.1,40.3,26.6,28.8,15.9,35.2,22.1,UST 10Y NOTE,"(CONTRACTS OF $100,000 FACE VALUE)",129545,212189,21656,FutOnly,160412043602F,529471,662549,86833,10-YEAR U.S. TREASURY NOTES - CHICAGO BOARD OF TRADE,346109,415277,2762020,380020,137518,7724,32.8,31.3,12.9,4.7,7.7,0.8,19.2,24.0,3.1,12.5,15.0,13.8,5.0,0.3,87.5,85.0,100.0,2016-04-12T00:00:00.000,2415911,2346743,59,78,68,20,28,13,62,58,56,20,26,14,351,252,250,2016 Report Week 15
253475,200740,52185,138,13874+,CME,CHI,F20,6190,-1526,1201,-10894,2631,4668,-3829,-5765,5540,549,-1876,4279,807,-640,47,3731,6155,S&P BROAD BASED STOCK INDICES,FINANCIAL INSTRUMENTS,S&P BROAD BASED STOCK INDICES,STOCK INDICES,15.7,14.2,25.3,21.9,14.2,14.2,23.3,20.9,S&P 500 Consolidated,(S&P 500 INDEX X $250.00),106982,69420,15429,FutOnly,16041213874+F,78599,140580,27222,S&P 500 Consolidated - CHICAGO MERCANTILE EXCHANGE,81233,84621,644744,24767,49696,4852,39.3,31.1,8.1,16.6,10.8,2.4,12.2,21.8,4.2,12.6,13.1,3.8,7.7,0.8,87.4,86.9,100.0,2016-04-12T00:00:00.000,563510,560123,112,96,86,38,36,23,82,130,73,44,58,18,596,371,425,2016 Report Week 15
268235,188573,51294,138,13874+,CME,CHI,F20,14760,-12167,-890,-15497,6200,4426,5886,3464,-324,-5619,224,2305,-112,1697,-324,7925,2081,S&P BROAD BASED STOCK INDICES,FINANCIAL INSTRUMENTS,S&P BROAD BASED STOCK INDICES,STOCK INDICES,15.2,14.3,24.7,22.1,13.8,14.3,23.2,21.1,S&P 500 Consolidated,(S&P 500 INDEX X $250.00),91485,75620,19855,FutOnly,16041913874+F,84484,144044,26898,S&P 500 Consolidated - CHICAGO MERCANTILE EXCHANGE,75614,84845,647049,24655,51392,4528,41.5,29.1,7.9,14.1,11.7,3.1,13.1,22.3,4.2,11.7,13.1,3.8,7.9,0.7,88.3,86.9,100.0,2016-04-19T00:00:00.000,571435,562204,116,92,89,37,39,21,76,127,68,38,58,16,583,359,418,2016 Report Week 16
944286,959100,331102,043,043602,CBT,CHI,F30,38661,95863,-23935,-25570,14354,5043,36102,-35991,-6244,1599,-17130,43963,16442,10138,1865,42364,61093,"T-NOTES, 6.5-10 YEAR",FINANCIAL INSTRUMENTS,"T-NOTES, 6.5-10 YEAR",Interest Rates - U.S. Treasury,32.8,19.1,41.1,26.7,29.9,15.8,36.6,22.7,UST 10Y NOTE,"(CONTRACTS OF $100,000 FACE VALUE)",103975,226543,26699,FutOnly,160419043602F,565573,626558,80589,10-YEAR U.S. TREASURY NOTES - CHICAGO BOARD OF TRADE,347708,398147,2805983,396462,147656,9589,33.7,34.2,11.8,3.7,8.1,1.0,20.2,22.3,2.9,12.4,14.2,14.1,5.3,0.3,87.6,85.8,100.0,2016-04-19T00:00:00.000,2458275,2407836,58,83,71,18,33,12,60,59,56,23,26,11,360,250,260,2016 Report Week 16
411807,169291,109220,042,042601,CBT,CHI,F30,27754,18651,4187,-1918,18121,108,-7902,-22601,2176,-2793,4881,26914,5378,1467,-76,29707,22033,"T-NOTES, 1-2 YEAR",FINANCIAL INSTRUMENTS,"T-NOTES, 1-2 YEAR",Interest Rates - U.S. Treasury,28.7,17.9,42.2,27.3,26.9,17.9,37.5,27.0,UST 2Y NOTE,"(CONTRACTS OF $200,000 FACE VALUE)",20667,103929,3685,FutOnly,160419042601F,281564,272967,30809,2-YEAR U.S. TREASURY NOTES - CHICAGO BOARD OF TRADE,123186,153865,1032914,49305,186477,2671,39.9,16.4,10.6,2.0,10.1,0.4,27.3,26.4,3.0,11.9,14.9,4.8,18.1,0.3,88.1,85.1,100.0,2016-04-19T00:00:00.000,909728,879049,55,33,48,7,30,9,26,37,28,15,27,6,230,147,174,2016 Report Week 16
412633,158004,117009,042,042601,CBT,CHI,F30,826,-11287,7789,2993,-3858,-230,-2800,-1532,12295,-2311,-4218,21571,875,20478,2134,23882,25789,"T-NOTES, 1-2 YEAR",FINANCIAL INSTRUMENTS,"T-NOTES, 1-2 YEAR",Interest Rates - U.S. Treasury,28.5,18.1,41.3,27.5,27.0,18.1,35.9,26.9,UST 2Y NOTE,"(CONTRACTS OF $200,000 FACE VALUE)",23660,100071,3455,FutOnly,160426042601F,278764,271435,43104,2-YEAR U.S. TREASURY NOTES - CHICAGO BOARD OF TRADE,120875,149647,1054485,50180,206955,4805,39.1,15.0,11.1,2.2,9.5,0.3,26.4,25.7,4.1,11.5,14.2,4.8,19.6,0.5,88.5,85.8,100.0,2016-04-26T00:00:00.000,933610,904838,51,37,49,8,27,6,30,34,23,16,29,6,232,142,174,2016 Report Week 17
272214,195329,50120,138,13874+,CME,CHI,F20,3979,6755,-1174,-17790,3685,5155,7655,-9217,-2682,11258,4160,6276,-82,-364,-42,-4982,2116,S&P BROAD BASED STOCK INDICES,FINANCIAL INSTRUMENTS,S&P BROAD BASED STOCK INDICES,STOCK INDICES,14.2,14.1,23.3,22.2,12.8,13.4,21.7,20.6,S&P 500 Consolidated,(S&P 500 INDEX X $250.00),73696,79304,25010,FutOnly,16042613874+F,92139,134827,24216,S&P 500 Consolidated - CHICAGO MERCANTILE EXCHANGE,86872,89005,653325,24573,51028,4485,41.7,29.9,7.7,11.3,12.1,3.8,14.1,20.6,3.7,13.3,13.6,3.8,7.8,0.7,86.7,86.4,100.0,2016-04-26T00:00:00.000,566453,564320,116,91,87,33,45,23,79,128,66,35,60,17,587,357,423,2016 Report Week 17
877008,960132,328976,043,043602,CBT,CHI,F30,-67278,1032,-2126,-18482,-43123,-4462,-52881,-105264,15215,-12728,19400,-127368,11759,-11655,3615,-114640,-146768,"T-NOTES, 6.5-10 YEAR",FINANCIAL INSTRUMENTS,"T-NOTES, 6.5-10 YEAR",Interest Rates - U.S. Treasury,34.2,19.5,41.7,26.3,31.2,16.0,38.1,22.3,UST 10Y NOTE,"(CONTRACTS OF $100,000 FACE VALUE)",85493,183420,22237,FutOnly,160426043602F,512692,521294,95804,10-YEAR U.S. TREASURY NOTES - CHICAGO BOARD OF TRADE,334980,417547,2678615,408221,136001,13204,32.7,35.8,12.3,3.2,6.8,0.8,19.1,19.5,3.6,12.5,15.6,15.2,5.1,0.5,87.5,84.4,100.0,2016-04-26T00:00:00.000,2343635,2261068,54,78,70,20,34,13,66,57,57,25,23,11,358,255,254,2016 Report Week 17
820198,945718,357956,043,043602,CBT,CHI,F30,-56810,-14414,28980,9744,-22,-2301,11949,-20731,2269,-13169,-13648,-15814,8661,9190,-5137,-2645,-2166,"T-NOTES, 6.5-10 YEAR",FINANCIAL INSTRUMENTS,"T-NOTES, 6.5-10 YEAR",Interest Rates - U.S. Treasury,32.6,18.4,40.9,26.1,29.7,14.2,37.3,20.8,UST 10Y NOTE,"(CONTRACTS OF $100,000 FACE VALUE)",95237,183398,19936,FutOnly,160503043602F,524641,500563,98073,10-YEAR U.S. TREASURY NOTES - CHICAGO BOARD OF TRADE,321811,403899,2662801,416882,145191,8067,30.8,35.5,13.4,3.6,6.9,0.7,19.7,18.8,3.7,12.1,15.2,15.7,5.5,0.3,87.9,84.8,100.0,2016-05-03T00:00:00.000,2340990,2258902,56,77,70,20,32,14,67,54,61,23,25,13,355,261,252,2016 Report Week 18
260911,194776,52628,138,13874+,CME,CHI,F20,-11302,-552,2508,6218,-8020,-4388,-7074,-2807,1544,-842,-1694,-12993,-126,-52,469,-12150,-11298,S&P BROAD BASED STOCK INDICES,FINANCIAL INSTRUMENTS,S&P BROAD BASED STOCK INDICES,STOCK INDICES,14.8,14.0,24.0,22.5,13.3,13.6,22.4,21.0,S&P 500 Consolidated,(S&P 500 INDEX X $250.00),79914,71284,20622,FutOnly,16050313874+F,85065,132020,25760,S&P 500 Consolidated - CHICAGO MERCANTILE EXCHANGE,86030,87311,640333,24447,50976,4954,40.7,30.4,8.2,12.5,11.1,3.2,13.3,20.6,4.0,13.4,13.6,3.8,8.0,0.8,86.6,86.4,100.0,2016-05-03T00:00:00.000,554303,553022,112,98,88,36,40,21,76,137,68,36,65,15,600,356,436,2016 Report Week 18
437641,156147,108257,042,042601,CBT,CHI,F30,25008,-1857,-8752,-1816,19257,1060,-12080,-22363,1323,-554,-2819,2382,-775,17565,-1032,2936,5201,"T-NOTES, 1-2 YEAR",FINANCIAL INSTRUMENTS,"T-NOTES, 1-2 YEAR",Interest Rates - U.S. Treasury,28.1,18.5,41.3,27.3,27.3,18.5,36.7,26.3,UST 2Y NOTE,"(CONTRACTS OF $200,000 FACE VALUE)",21844,119328,4515,FutOnly,160503042601F,266684,249072,44427,2-YEAR U.S. TREASURY NOTES - CHICAGO BOARD OF TRADE,120321,146828,1056867,49405,224520,3773,41.4,14.8,10.2,2.1,11.3,0.4,25.2,23.6,4.2,11.4,13.9,4.7,21.2,0.4,88.6,86.1,100.0,2016-05-03T00:00:00.000,936546,910039,54,37,47,8,30,8,32,40,29,17,29,7,247,151,187,2016 Report Week 18
262757,190235,56676,138,13874+,CME,CHI,F20,1846,-4542,4048,-606,341,1624,1096,6968,1337,-1195,-391,8515,350,-884,14,9710,8907,S&P BROAD BASED STOCK INDICES,FINANCIAL INSTRUMENTS,S&P BROAD BASED STOCK INDICES,STOCK INDICES,14.8,13.4,23.8,20.9,13.1,13.4,22.1,20.6,S&P 500 Consolidated,(S&P 500 INDEX X $250.00),79308,71626,22246,FutOnly,16051013874+F,86161,138988,27098,S&P 500 Consolidated - CHICAGO MERCANTILE EXCHANGE,84835,86920,648848,24798,50091,4968,40.5,29.3,8.7,12.2,11.0,3.4,13.3,21.4,4.2,13.1,13.4,3.8,7.7,0.8,86.9,86.6,100.0,2016-05-10T00:00:00.000,564013,561928,114,93,84,35,39,25,85,136,69,37,67,15,607,367,433,2016 Report Week 19
460357,166758,111625,042,042601,CBT,CHI,F30,22716,10611,3368,-2393,14174,11229,11150,11592,13630,-1673,-3196,58961,1097,-2284,-163,60634,62157,"T-NOTES, 1-2 YEAR",FINANCIAL INSTRUMENTS,"T-NOTES, 1-2 YEAR",Interest Rates - U.S. Treasury,28.4,19.2,40.7,28.6,26.1,18.2,35.7,26.9,UST 2Y NOTE,"(CONTRACTS OF $200,000 FACE VALUE)",19451,133502,15744,FutOnly,160510042601F,277834,260664,58057,2-YEAR U.S. TREASURY NOTES - CHICAGO BOARD OF TRADE,118648,143632,1115828,50502,222236,3610,41.3,14.9,10.0,1.7,12.0,1.4,24.9,23.4,5.2,10.6,12.9,4.5,19.9,0.3,89.4,87.1,100.0,2016-05-10T00:00:00.000,997180,972196,51,42,47,8,32,12,36,40,34,16,26,6,251,158,192,2016 Report Week 19
848922,927907,353874,043,043602,CBT,CHI,F30,28724,-17811,-4082,29901,32927,6495,4303,15026,42749,13018,10159,93308,-28257,7388,457,80290,83149,"T-NOTES, 6.5-10 YEAR",FINANCIAL INSTRUMENTS,"T-NOTES, 6.5-10 YEAR",Interest Rates - U.S. Treasury,31.4,17.4,39.1,24.3,28.6,13.6,35.7,20.1,UST 10Y NOTE,"(CONTRACTS OF $100,000 FACE VALUE)",125138,216325,26431,FutOnly,160510043602F,528944,515589,140822,10-YEAR U.S. TREASURY NOTES - CHICAGO BOARD OF TRADE,334829,414058,2756109,388625,152579,8524,30.8,33.7,12.8,4.5,7.8,1.0,19.2,18.7,5.1,12.1,15.0,14.1,5.5,0.3,87.9,85.0,100.0,2016-05-10T00:00:00.000,2421280,2342051,57,78,68,19,36,23,62,58,67,21,27,15,359,263,269,2016 Report Week 19
268765,192461,55349,138,13874+,CME,CHI,F20,6008,2226,-1327,3587,-2125,-1138,-7478,4863,2169,-7338,-3003,-4507,996,-6187,14,2831,-1504,S&P BROAD BASED STOCK INDICES,FINANCIAL INSTRUMENTS,S&P BROAD BASED STOCK INDICES,STOCK INDICES,15.3,13.8,24.5,20.9,13.9,13.7,22.7,20.3,S&P 500 Consolidated,(S&P 500 INDEX X $250.00),82895,69501,21108,FutOnly,16051713874+F,78683,143851,29266,S&P 500 Consolidated - CHICAGO MERCANTILE EXCHANGE,77497,83917,644341,25794,43905,4983,41.7,29.9,8.6,12.9,10.8,3.3,12.2,22.3,4.5,12.0,13.0,4.0,6.8,0.8,88.0,87.0,100.0,2016-05-17T00:00:00.000,566844,560424,113,95,86,37,39,23,75,137,74,42,60,13,599,368,427,2016 Report Week 20
860799,853746,374220,043,043602,CBT,CHI,F30,11877,-74161,20346,-18694,-50,8828,-6198,71650,-13837,17358,4196,24384,-3578,-870,8282,7026,20188,"T-NOTES, 6.5-10 YEAR",FINANCIAL INSTRUMENTS,"T-NOTES, 6.5-10 YEAR",Interest Rates - U.S. Treasury,31.2,16.8,38.6,24.5,28.5,13.0,35.1,19.9,UST 10Y NOTE,"(CONTRACTS OF $100,000 FACE VALUE)",106444,216275,35259,FutOnly,160517043602F,522746,587239,126985,10-YEAR U.S. TREASURY NOTES - CHICAGO BOARD OF TRADE,352187,418254,2780493,385047,151709,16806,31.0,30.7,13.5,3.8,7.8,1.3,18.8,21.1,4.6,12.7,15.0,13.8,5.5,0.6,87.3,85.0,100.0,2016-05-17T00:00:00.000,2428306,2362239,59,78,67,22,35,20,63,60,60,19,29,19,365,265,266,2016 Report Week 20
428054,159127,120391,042,042601,CBT,CHI,F30,-32303,-7631,8766,8408,-24597,29746,334,4037,2400,-581,11428,16281,-508,-7887,19,16862,4853,"T-NOTES, 1-2 YEAR",FINANCIAL INSTRUMENTS,"T-NOTES, 1-2 YEAR",Interest Rates - U.S. Treasury,26.7,20.3,39.2,30.1,24.2,17.9,33.7,26.4,UST 2Y NOTE,"(CONTRACTS OF $200,000 FACE VALUE)",27859,108905,45490,FutOnly,160517042601F,278168,264701,60457,2-YEAR U.S. TREASURY NOTES - CHICAGO BOARD OF TRADE,118067,155060,1132109,49994,214349,3629,37.8,14.1,10.6,2.5,9.6,4.0,24.6,23.4,5.3,10.4,13.7,4.4,18.9,0.3,89.6,86.3,100.0,2016-05-17T00:00:00.000,1014042,977049,51,42,50,10,29,13,35,40,35,16,23,6,246,163,187,2016 Report Week 20
280270,196937,52189,138,13874+,CME,CHI,F20,11505,4476,-3160,-850,3686,1040,19280,17884,-2587,4364,6112,29111,-189,1951,-292,24748,22999,S&P BROAD BASED STOCK INDICES,FINANCIAL INSTRUMENTS,S&P BROAD BASED STOCK INDICES,STOCK INDICES,14.4,13.6,23.4,21.6,13.3,13.3,21.8,20.4,S&P 500 Consolidated,(S&P 500 INDEX X $250.00),82045,73187,22149,FutOnly,16052413874+F,97963,161735,26679,S&P 500 Consolidated - CHICAGO MERCANTILE EXCHANGE,81861,90029,673452,25605,45855,4691,41.6,29.2,7.7,12.2,10.9,3.3,14.5,24.0,4.0,12.2,13.4,3.8,6.8,0.7,87.8,86.6,100.0,2016-05-24T00:00:00.000,591592,583423,117,93,80,34,39,25,77,139,71,39,60,16,599,364,427,2016 Report Week 21
872324,869634,384391,043,043602,CBT,CHI,F30,11525,15888,10171,9130,-18867,-7464,-38410,-47031,28612,32285,74501,45955,-987,-10948,1093,13670,-28546,"T-NOTES, 6.5-10 YEAR",FINANCIAL INSTRUMENTS,"T-NOTES, 6.5-10 YEAR",Interest Rates - U.S. Treasury,30.9,16.4,39.2,23.4,28.0,12.5,34.9,19.3,UST 10Y NOTE,"(CONTRACTS OF $100,000 FACE VALUE)",115574,197408,27795,FutOnly,160524043602F,484336,540208,155597,10-YEAR U.S. TREASURY NOTES - CHICAGO BOARD OF TRADE,384472,492755,2826448,384060,140761,17899,30.9,30.8,13.6,4.1,7.0,1.0,17.1,19.1,5.5,13.6,17.4,13.6,5.0,0.6,86.4,82.6,100.0,2016-05-24T00:00:00.000,2441976,2333693,54,76,69,19,30,20,63,51,58,21,24,17,339,242,261,2016 Report Week 21
440106,157940,126115,042,042601,CBT,CHI,F30,12052,-1187,5724,-3306,12591,-20603,-40684,-37040,75308,7120,16617,49228,9846,-5953,3771,42108,32611,"T-NOTES, 1-2 YEAR",FINANCIAL INSTRUMENTS,"T-NOTES, 1-2 YEAR",Interest Rates - U.S. Treasury,24.3,17.2,37.1,25.5,22.0,15.5,30.8,22.5,UST 2Y NOTE,"(CONTRACTS OF $200,000 FACE VALUE)",24553,121496,24887,FutOnly,160524042601F,237484,227661,135765,2-YEAR U.S. TREASURY NOTES - CHICAGO BOARD OF TRADE,125187,171677,1181337,59840,208396,7400,37.3,13.4,10.7,2.1,10.3,2.1,20.1,19.3,11.5,10.6,14.5,5.1,17.6,0.6,89.4,85.5,100.0,2016-05-24T00:00:00.000,1056150,1009660,51,42,52,6,29,19,34,43,35,16,24,10,246,164,198,2016 Report Week 21
277102,194962,50713,138,13874+,CME,CHI,F20,-3167,-1975,-1476,12090,-2610,2656,-3323,2426,1529,1260,5418,8327,-923,2677,-318,7067,2909,S&P BROAD BASED STOCK INDICES,FINANCIAL INSTRUMENTS,S&P BROAD BASED STOCK INDICES,STOCK INDICES,14.4,13.9,23.6,21.9,13.5,12.9,22.2,20.3,S&P 500 Consolidated,(S&P 500 INDEX X $250.00),94135,70577,24805,FutOnly,16053113874+F,94641,164161,28208,S&P 500 Consolidated - CHICAGO MERCANTILE EXCHANGE,83121,95447,681779,24682,48533,4373,40.6,28.6,7.4,13.8,10.4,3.6,13.9,24.1,4.1,12.2,14.0,3.6,7.1,0.6,87.8,86.0,100.0,2016-05-31T00:00:00.000,598658,586332,119,87,80,37,39,28,76,136,64,39,62,16,596,363,421,2016 Report Week 22
844644,850825,342614,043,043602,CBT,CHI,F30,-27680,-18809,-41777,-2832,-8405,11677,-71845,-38751,-22633,-49231,-84880,-208069,2004,1261,-5752,-158838,-123189,"T-NOTES, 6.5-10 YEAR",FINANCIAL INSTRUMENTS,"T-NOTES, 6.5-10 YEAR",Interest Rates - U.S. Treasury,32.7,16.0,38.9,24.6,29.2,12.0,34.7,19.0,UST 10Y NOTE,"(CONTRACTS OF $100,000 FACE VALUE)",112742,189003,39472,FutOnly,160531043602F,412491,501457,132964,10-YEAR U.S. TREASURY NOTES - CHICAGO BOARD OF TRADE,335241,407875,2618379,386064,142022,12147,32.3,32.5,13.1,4.3,7.2,1.5,15.8,19.2,5.1,12.8,15.6,14.7,5.4,0.5,87.2,84.4,100.0,2016-05-31T00:00:00.000,2283138,2210504,54,74,67,16,36,24,57,58,51,21,24,15,340,242,255,2016 Report Week 22
406375,148845,109970,042,042601,CBT,CHI,F30,-33731,-9095,-16145,625,-32043,-15282,-40007,-6454,-59772,-878,-29978,-177226,-5526,-1947,-6510,-176348,-147248,"T-NOTES, 1-2 YEAR",FINANCIAL INSTRUMENTS,"T-NOTES, 1-2 YEAR",Interest Rates - U.S. Treasury,26.1,20.6,37.8,28.9,23.3,20.0,31.6,27.4,UST 2Y NOTE,"(CONTRACTS OF $200,000 FACE VALUE)",25178,89453,9605,FutOnly,160531042601F,197477,221207,75993,2-YEAR U.S. TREASURY NOTES - CHICAGO BOARD OF TRADE,124309,141699,1004111,54314,206449,890,40.5,14.8,11.0,2.5,8.9,1.0,19.7,22.0,7.6,12.4,14.1,5.4,20.6,0.1,87.6,85.9,100.0,2016-05-31T00:00:00.000,879802,862412,48,40,47,7,29,15,29,39,28,15,26,,233,137,189,2016 Report Week 22
283858,197141,51534,138,13874+,CME,CHI,F20,6755,2179,821,4344,-5991,13135,787,17132,-2666,11568,9427,34178,-701,6,135,22609,24750,S&P BROAD BASED STOCK INDICES,FINANCIAL INSTRUMENTS,S&P BROAD BASED STOCK INDICES,STOCK INDICES,13.6,13.5,23.2,21.7,12.7,12.0,21.8,19.8,S&P 500 Consolidated,(S&P 500 INDEX X $250.00),98479,64586,37940,FutOnly,16060713874+F,95427,181293,25542,S&P 500 Consolidated - CHICAGO MERCANTILE EXCHANGE,94689,104875,715957,23981,48539,4508,39.6,27.5,7.2,13.8,9.0,5.3,13.3,25.3,3.6,13.2,14.6,3.3,6.8,0.6,86.8,85.4,100.0,2016-06-07T00:00:00.000,621268,611082,119,87,84,41,36,33,79,138,69,40,62,15,602,374,429,2016 Report Week 23
798502,791108,364220,043,043602,CBT,CHI,F30,-46142,-59717,21606,3977,45661,-5514,106149,64240,-3526,10472,21542,88064,-2008,722,3050,77592,66522,"T-NOTES, 6.5-10 YEAR",FINANCIAL INSTRUMENTS,"T-NOTES, 6.5-10 YEAR",Interest Rates - U.S. Treasury,31.2,16.6,38.5,25.6,27.4,12.5,34.0,19.7,UST 10Y NOTE,"(CONTRACTS OF $100,000 FACE VALUE)",116719,234664,33958,FutOnly,160607043602F,518640,565697,129438,10-YEAR U.S. TREASURY NOTES - CHICAGO BOARD OF TRADE,345713,429417,2706443,384056,142744,15197,29.5,29.2,13.5,4.3,8.7,1.3,19.2,20.9,4.8,12.8,15.9,14.2,5.3,0.6,87.2,84.1,100.0,2016-06-07T00:00:00.000,2360730,2277026,55,76,67,18,36,17,62,51,52,22,30,17,350,246,257,2016 Report Week 23
380350,155577,118911,042,042601,CBT,CHI,F30,-26025,6732,8941,-3058,-9219,-5275,42829,-9581,-38372,-5904,2928,-33591,-7134,9848,407,-27687,-36519,"T-NOTES, 1-2 YEAR",FINANCIAL INSTRUMENTS,"T-NOTES, 1-2 YEAR",Interest Rates - U.S. Treasury,28.3,22.1,40.9,30.4,26.1,22.0,35.0,28.7,UST 2Y NOTE,"(CONTRACTS OF $200,000 FACE VALUE)",22120,80234,4330,FutOnly,160607042601F,240306,211626,37621,2-YEAR U.S. TREASURY NOTES - CHICAGO BOARD OF TRADE,118405,144627,970520,47180,216297,1297,39.2,16.0,12.3,2.3,8.3,0.4,24.8,21.8,3.9,12.2,14.9,4.9,22.3,0.1,87.8,85.1,100.0,2016-06-07T00:00:00.000,852115,825893,45,43,47,7,31,11,31,35,24,14,25,4,231,136,181,2016 Report Week 23
270568,198756,68419,138,13874+,CME,CHI,F20,-13290,1615,16886,-15789,-3253,39444,2403,-20320,13756,10860,6777,58515,1237,601,3008,47655,51737,S&P BROAD BASED STOCK INDICES,FINANCIAL INSTRUMENTS,S&P BROAD BASED STOCK INDICES,STOCK INDICES,12.8,12.3,21.0,20.1,10.9,10.4,18.2,16.9,S&P 500 Consolidated,(S&P 500 INDEX X $250.00),82690,61333,77383,FutOnly,16061413874+F,97830,160973,39298,S&P 500 Consolidated - CHICAGO MERCANTILE EXCHANGE,105549,111652,774471,25217,49140,7516,34.9,25.7,8.8,10.7,7.9,10.0,12.6,20.8,5.1,13.6,14.4,3.3,6.3,1.0,86.4,85.6,100.0,2016-06-14T00:00:00.000,668922,662819,115,85,89,38,39,48,81,129,82,41,63,20,591,387,443,2016 Report Week 24
373345,164473,127362,042,042601,CBT,CHI,F30,-7005,8896,8451,9,22663,1117,40711,17867,-2938,-6158,-5236,43324,8718,-7915,419,49482,48560,"T-NOTES, 1-2 YEAR",FINANCIAL INSTRUMENTS,"T-NOTES, 1-2 YEAR",Interest Rates - U.S. Treasury,29.3,19.6,41.9,27.7,27.7,19.0,36.0,26.3,UST 2Y NOTE,"(CONTRACTS OF $200,000 FACE VALUE)",22129,102897,5447,FutOnly,160614042601F,281017,229493,34683,2-YEAR U.S. TREASURY NOTES - CHICAGO BOARD OF TRADE,112247,139391,1013844,55898,208382,1716,36.8,16.2,12.6,2.2,10.1,0.5,27.7,22.6,3.4,11.1,13.7,5.5,20.6,0.2,88.9,86.3,100.0,2016-06-14T00:00:00.000,901597,874453,45,40,49,10,32,11,31,42,27,15,26,4,241,145,187,2016 Report Week 24
850943,776871,386129,043,043602,CBT,CHI,F30,52441,-14237,21909,-18412,-22165,4248,-2118,42026,-35527,8675,-4336,40009,4815,44113,3978,31334,44345,"T-NOTES, 6.5-10 YEAR",FINANCIAL INSTRUMENTS,"T-NOTES, 6.5-10 YEAR",Interest Rates - U.S. Treasury,30.9,15.7,38.3,24.1,27.1,12.6,33.7,19.6,UST 10Y NOTE,"(CONTRACTS OF $100,000 FACE VALUE)",98307,212499,38206,FutOnly,160614043602F,516522,607723,93911,10-YEAR U.S. TREASURY NOTES - CHICAGO BOARD OF TRADE,354388,425081,2746452,388871,186857,19175,31.0,28.3,14.1,3.6,7.7,1.4,18.8,22.1,3.4,12.9,15.5,14.2,6.8,0.7,87.1,84.5,100.0,2016-06-14T00:00:00.000,2392064,2321371,65,71,68,23,30,16,61,55,45,21,30,18,356,245,258,2016 Report Week 24
923902,822392,370406,043,043602,CBT,CHI,F30,72959,45521,-15723,8529,33644,-2434,29590,39353,-28717,15763,-444,66510,-13620,-4853,163,50747,66954,"T-NOTES, 6.5-10 YEAR",FINANCIAL INSTRUMENTS,"T-NOTES, 6.5-10 YEAR",Interest Rates - U.S. Treasury,31.2,16.2,38.4,24.9,27.7,13.9,34.3,20.9,UST 10Y NOTE,"(CONTRACTS OF $100,000 FACE VALUE)",106836,246143,35772,FutOnly,160621043602F,546112,647076,65194,10-YEAR U.S. TREASURY NOTES - CHICAGO BOARD OF TRADE,370151,424637,2812962,375251,182004,19338,32.8,29.2,13.2,3.8,8.8,1.3,19.4,23.0,2.3,13.2,15.1,13.3,6.5,0.7,86.8,84.9,100.0,2016-06-21T00:00:00.000,2442811,2388325,65,72,71,25,28,11,66,51,44,20,31,14,358,250,248,2016 Report Week 25
363383,168216,132662,042,042601,CBT,CHI,F30,-9962,3743,5300,-5652,-13237,-915,4123,8729,-7531,14004,2151,3726,4741,5868,-382,-10278,1575,"T-NOTES, 1-2 YEAR",FINANCIAL INSTRUMENTS,"T-NOTES, 1-2 YEAR",Interest Rates - U.S. Treasury,28.0,20.3,39.9,29.5,26.4,20.1,35.0,28.0,UST 2Y NOTE,"(CONTRACTS OF $200,000 FACE VALUE)",16477,89660,4532,FutOnly,160621042601F,285140,238222,27152,2-YEAR U.S. TREASURY NOTES - CHICAGO BOARD OF TRADE,126251,141542,1017570,60639,214250,1334,35.7,16.5,13.0,1.6,8.8,0.4,28.0,23.4,2.7,12.4,13.9,6.0,21.1,0.1,87.6,86.1,100.0,2016-06-21T00:00:00.000,891319,876028,49,41,47,8,25,9,35,38,27,16,23,,235,150,171,2016 Report Week 25
278094,215807,58268,138,13874+,CME,CHI,F20,7526,17051,-10151,-10704,-11901,-70798,-26991,-16256,-22768,-15862,-25527,-153473,-642,-10041,-3082,-137611,-127946,S&P BROAD BASED STOCK INDICES,FINANCIAL INSTRUMENTS,S&P BROAD BASED STOCK INDICES,STOCK INDICES,14.0,15.2,22.3,22.2,12.6,13.1,20.4,20.1,S&P 500 Consolidated,(S&P 500 INDEX X $250.00),71986,49433,6586,FutOnly,16062113874+F,70838,144717,16530,S&P 500 Consolidated - CHICAGO MERCANTILE EXCHANGE,89687,86125,620998,24576,39100,4434,44.8,34.8,9.4,11.6,8.0,1.1,11.4,23.3,2.7,14.4,13.9,4.0,6.3,0.7,85.6,86.1,100.0,2016-06-21T00:00:00.000,531311,534874,116,90,87,37,27,18,73,132,73,39,57,14,571,364,399,2016 Report Week 25
862818,838983,407758,043,043602,CBT,CHI,F30,-61084,16591,37352,12861,-51993,21076,26449,5619,-436,-7903,-12074,6732,-17675,-5495,-3908,14635,18806,"T-NOTES, 6.5-10 YEAR",FINANCIAL INSTRUMENTS,"T-NOTES, 6.5-10 YEAR",Interest Rates - U.S. Treasury,29.5,18.4,37.0,27.3,26.1,15.9,32.5,23.4,UST 10Y NOTE,"(CONTRACTS OF $100,000 FACE VALUE)",119697,194150,56848,FutOnly,160628043602F,572561,652695,64758,10-YEAR U.S. TREASURY NOTES - CHICAGO BOARD OF TRADE,362248,412563,2819694,357576,176509,15430,30.6,29.8,14.5,4.2,6.9,2.0,20.3,23.1,2.3,12.8,14.6,12.7,6.3,0.5,87.2,85.4,100.0,2016-06-28T00:00:00.000,2457446,2407131,62,71,69,25,30,11,76,41,44,20,28,15,353,250,242,2016 Report Week 26
262785,223952,68568,138,13874+,CME,CHI,F20,-15309,8145,10300,38399,-11466,6251,-3301,11142,8060,8622,21450,52462,-32,-893,-529,43840,31011,S&P BROAD BASED STOCK INDICES,FINANCIAL INSTRUMENTS,S&P BROAD BASED STOCK INDICES,STOCK INDICES,12.7,14.7,21.5,21.4,11.2,12.4,19.0,19.1,S&P 500 Consolidated,(S&P 500 INDEX X $250.00),110385,37967,12837,FutOnly,16062813874+F,67538,155860,24590,S&P 500 Consolidated - CHICAGO MERCANTILE EXCHANGE,98309,107575,673460,24544,38207,3905,39.0,33.3,10.2,16.4,5.6,1.9,10.0,23.1,3.7,14.6,16.0,3.6,5.7,0.6,85.4,84.0,100.0,2016-06-28T00:00:00.000,575151,565885,113,95,85,45,23,20,72,137,67,35,52,13,572,360,397,2016 Report Week 26
344713,167564,137160,042,042601,CBT,CHI,F30,-18670,-652,4498,7715,-6722,2390,-19874,-27651,-486,-8684,-11357,-30510,2802,9671,-201,-21826,-19153,"T-NOTES, 1-2 YEAR",FINANCIAL INSTRUMENTS,"T-NOTES, 1-2 YEAR",Interest Rates - U.S. Treasury,26.8,20.5,38.1,29.4,25.0,20.4,33.8,27.6,UST 2Y NOTE,"(CONTRACTS OF $200,000 FACE VALUE)",24192,82938,6922,FutOnly,160628042601F,265266,210571,26666,2-YEAR U.S. TREASURY NOTES - CHICAGO BOARD OF TRADE,117567,130185,987060,63441,223921,1133,34.9,17.0,13.9,2.5,8.4,0.7,26.9,21.3,2.7,11.9,13.2,6.4,22.7,0.1,88.1,86.8,100.0,2016-06-28T00:00:00.000,869493,856875,49,38,48,11,27,10,32,39,24,16,24,4,236,148,174,2016 Report Week 26
461347,169250,139740,042,042601,CBT,CHI,F30,116634,1686,2580,-2502,5039,716,-23492,82366,1935,15276,10237,114221,2407,8995,667,98945,103984,"T-NOTES, 1-2 YEAR",FINANCIAL INSTRUMENTS,"T-NOTES, 1-2 YEAR",Interest Rates - U.S. Treasury,29.5,20.2,41.2,28.9,28.4,20.2,37.7,27.8,UST 2Y NOTE,"(CONTRACTS OF $200,000 FACE VALUE)",21690,87977,7638,FutOnly,160705042601F,241774,292937,28601,2-YEAR U.S. TREASURY NOTES - CHICAGO BOARD OF TRADE,132843,140422,1101281,65848,232916,1800,41.9,15.4,12.7,2.0,8.0,0.7,22.0,26.6,2.6,12.1,12.8,6.0,21.1,0.2,87.9,87.2,100.0,2016-07-05T00:00:00.000,968438,960859,51,40,50,10,28,9,32,43,23,17,28,6,249,153,184,2016 Report Week 27
833581,948379,407806,043,043602,CBT,CHI,F30,-29237,109396,48,18032,-31902,-11334,38601,-40292,-6031,-12334,-7400,-8742,-5433,-20173,-1054,3592,-1342,"T-NOTES, 6.5-10 YEAR",FINANCIAL INSTRUMENTS,"T-NOTES, 6.5-10 YEAR",Interest Rates - U.S. Treasury,29.4,21.0,38.0,30.5,26.9,18.9,34.3,26.5,UST 10Y NOTE,"(CONTRACTS OF $100,000 FACE VALUE)",137729,162248,45514,FutOnly,160705043602F,611162,612403,58727,10-YEAR U.S. TREASURY NOTES - CHICAGO BOARD OF TRADE,349914,405163,2810952,352143,156336,14376,29.7,33.7,14.5,4.9,5.8,1.6,21.7,21.8,2.1,12.4,14.4,12.5,5.6,0.5,87.6,85.6,100.0,2016-07-05T00:00:00.000,2461038,2405789,66,74,74,31,25,10,74,46,42,17,35,18,368,262,250,2016 Report Week 27
278741,217454,66462,138,13874+,CME,CHI,F20,15957,-6498,-2106,-1853,5906,172,458,8170,1460,1097,3469,15734,693,5305,-143,14637,12265,S&P BROAD BASED STOCK INDICES,FINANCIAL INSTRUMENTS,S&P BROAD BASED STOCK INDICES,STOCK INDICES,13.6,15.5,22.3,22.2,12.3,13.6,20.7,20.2,S&P 500 Consolidated,(S&P 500 INDEX X $250.00),108532,43873,13009,FutOnly,16070513874+F,67996,164030,26050,S&P 500 Consolidated - CHICAGO MERCANTILE EXCHANGE,99406,111044,689194,25237,43511,3761,40.4,31.6,9.6,15.7,6.4,1.9,9.9,23.8,3.8,14.4,16.1,3.7,6.3,0.5,85.6,83.9,100.0,2016-07-05T00:00:00.000,589788,578150,118,93,93,47,21,21,75,138,69,33,66,15,591,369,420,2016 Report Week 27
357322,165936,146707,042,042601,CBT,CHI,F30,-104025,-3314,6967,24336,-23221,2054,10428,-45474,-4069,-12639,-3313,-73613,2986,-3592,349,-60974,-70300,"T-NOTES, 1-2 YEAR",FINANCIAL INSTRUMENTS,"T-NOTES, 1-2 YEAR",Interest Rates - U.S. Treasury,24.4,21.3,35.1,29.4,22.6,21.1,31.0,27.5,UST 2Y NOTE,"(CONTRACTS OF $200,000 FACE VALUE)",46026,64756,9692,FutOnly,160712042601F,252202,247463,24532,2-YEAR U.S. TREASURY NOTES - CHICAGO BOARD OF TRADE,120204,137109,1027668,68834,229324,2149,34.8,16.1,14.3,4.5,6.3,0.9,24.5,24.1,2.4,11.7,13.3,6.7,22.3,0.2,88.3,86.7,100.0,2016-07-12T00:00:00.000,907464,890559,51,39,49,10,27,9,32,47,25,19,29,6,254,161,182,2016 Report Week 28
280949,216593,65017,138,13874+,CME,CHI,F20,2207,-861,-1445,-21780,12669,2579,11711,-10951,-743,2047,-5509,-3376,1297,133,751,-5423,2133,S&P BROAD BASED STOCK INDICES,FINANCIAL INSTRUMENTS,S&P BROAD BASED STOCK INDICES,STOCK INDICES,13.7,15.1,21.6,21.2,11.9,13.4,19.5,19.5,S&P 500 Consolidated,(S&P 500 INDEX X $250.00),86752,56542,15588,FutOnly,16071213874+F,79707,153079,25307,S&P 500 Consolidated - CHICAGO MERCANTILE EXCHANGE,101452,105536,685818,26534,43644,4513,41.0,31.6,9.5,12.6,8.2,2.3,11.6,22.3,3.7,14.8,15.4,3.9,6.4,0.7,85.2,84.6,100.0,2016-07-12T00:00:00.000,584366,580283,120,91,94,41,31,23,84,132,72,38,71,15,608,380,432,2016 Report Week 28
866601,1047093,396958,043,043602,CBT,CHI,F30,33020,98714,-10848,13368,1008,-3422,10095,-17276,-3766,21589,-8567,66408,1313,5506,5059,44819,74975,"T-NOTES, 6.5-10 YEAR",FINANCIAL INSTRUMENTS,"T-NOTES, 6.5-10 YEAR",Interest Rates - U.S. Treasury,30.1,20.4,39.3,30.4,28.3,18.1,36.1,26.0,UST 10Y NOTE,"(CONTRACTS OF $100,000 FACE VALUE)",151097,163256,42092,FutOnly,160712043602F,621257,595127,54961,10-YEAR U.S. TREASURY NOTES - CHICAGO BOARD OF TRADE,371503,396596,2877360,353456,161842,19435,30.1,36.4,13.8,5.3,5.7,1.5,21.6,20.7,1.9,12.9,13.8,12.3,5.6,0.7,87.1,86.2,100.0,2016-07-12T00:00:00.000,2505857,2480764,59,80,72,28,28,10,72,49,40,15,32,14,363,250,249,2016 Report Week 28
296848,212506,54979,138,13874+,CME,CHI,F20,15899,-4087,-10038,-12429,13262,5683,1015,-6263,5035,-3681,-3019,3017,-452,459,1984,6698,6036,S&P BROAD BASED STOCK INDICES,FINANCIAL INSTRUMENTS,S&P BROAD BASED STOCK INDICES,STOCK INDICES,14.1,14.6,22.0,21.1,12.8,13.1,20.1,19.6,S&P 500 Consolidated,(S&P 500 INDEX X $250.00),74323,69804,21270,FutOnly,16071913874+F,80722,146816,30342,S&P 500 Consolidated - CHICAGO MERCANTILE EXCHANGE,97771,102517,688835,26082,44103,6497,43.1,30.9,8.0,10.8,10.1,3.1,11.7,21.3,4.4,14.2,14.9,3.8,6.4,0.9,85.8,85.1,100.0,2016-07-19T00:00:00.000,591064,586318,125,89,94,41,35,23,84,141,74,34,70,14,619,386,438,2016 Report Week 29
845329,978227,395695,043,043602,CBT,CHI,F30,-21272,-68866,-1263,-3517,-13649,-10346,-25171,11344,-5339,-7809,25977,-82122,-5734,-18309,-1671,-74313,-108099,"T-NOTES, 6.5-10 YEAR",FINANCIAL INSTRUMENTS,"T-NOTES, 6.5-10 YEAR",Interest Rates - U.S. Treasury,30.5,19.7,39.9,29.6,28.8,16.8,36.1,25.2,UST 10Y NOTE,"(CONTRACTS OF $100,000 FACE VALUE)",147580,149607,31746,FutOnly,160719043602F,596086,606471,49622,10-YEAR U.S. TREASURY NOTES - CHICAGO BOARD OF TRADE,363694,422573,2795238,347722,143533,17764,30.2,35.0,14.2,5.3,5.4,1.1,21.3,21.7,1.8,13.0,15.1,12.4,5.1,0.6,87.0,84.9,100.0,2016-07-19T00:00:00.000,2431544,2372665,62,76,74,28,30,12,69,49,42,15,29,15,358,254,247,2016 Report Week 29
370415,188017,133691,042,042601,CBT,CHI,F30,13093,22081,-13016,2005,3332,579,1616,245,-1189,3001,2421,6520,814,-7550,-383,3519,4099,"T-NOTES, 1-2 YEAR",FINANCIAL INSTRUMENTS,"T-NOTES, 1-2 YEAR",Interest Rates - U.S. Treasury,24.2,20.3,35.5,29.9,22.4,20.1,30.5,28.6,UST 2Y NOTE,"(CONTRACTS OF $200,000 FACE VALUE)",48031,68088,10271,FutOnly,160719042601F,253818,247708,23343,2-YEAR U.S. TREASURY NOTES - CHICAGO BOARD OF TRADE,123205,139530,1034188,69648,221774,1766,35.8,18.2,12.9,4.6,6.6,1.0,24.5,24.0,2.3,11.9,13.5,6.7,21.4,0.2,88.1,86.5,100.0,2016-07-19T00:00:00.000,910983,894658,48,41,48,10,28,9,34,48,29,18,25,6,252,157,187,2016 Report Week 29
295135,209683,53795,138,13874+,CME,CHI,F20,-1713,-2823,-1184,905,650,-173,2633,2247,-752,-2829,-2999,-765,-8,1914,2355,2064,2234,S&P BROAD BASED STOCK INDICES,FINANCIAL INSTRUMENTS,S&P BROAD BASED STOCK INDICES,STOCK INDICES,13.6,14.4,21.4,21.4,12.2,13.1,19.6,19.6,S&P 500 Consolidated,(S&P 500 INDEX X $250.00),75228,70454,21098,FutOnly,16072613874+F,83355,149062,29590,S&P 500 Consolidated - CHICAGO MERCANTILE EXCHANGE,94942,99517,688070,26074,46017,8852,42.9,30.5,7.8,10.9,10.2,3.1,12.1,21.7,4.3,13.8,14.5,3.8,6.7,1.3,86.2,85.5,100.0,2016-07-26T00:00:00.000,593128,588553,122,86,93,45,29,25,85,135,76,42,72,17,616,393,434,2016 Report Week 30
833343,964000,390284,043,043602,CBT,CHI,F30,-11986,-14227,-5411,-25108,9610,-3071,-34411,-19498,12026,12460,-1450,-37286,18770,-14710,-555,-49746,-35836,"T-NOTES, 6.5-10 YEAR",FINANCIAL INSTRUMENTS,"T-NOTES, 6.5-10 YEAR",Interest Rates - U.S. Treasury,31.4,20.1,40.4,29.6,29.6,17.3,36.7,24.5,UST 10Y NOTE,"(CONTRACTS OF $100,000 FACE VALUE)",122472,159217,28675,FutOnly,160726043602F,561675,586973,61648,10-YEAR U.S. TREASURY NOTES - CHICAGO BOARD OF TRADE,376154,421123,2757952,366492,128823,17209,30.2,35.0,14.2,4.4,5.8,1.0,20.4,21.3,2.2,13.6,15.3,13.3,4.7,0.6,86.4,84.7,100.0,2016-07-26T00:00:00.000,2381798,2336829,59,75,68,25,25,14,66,47,49,19,24,13,340,240,244,2016 Report Week 30
372483,206824,137924,042,042601,CBT,CHI,F30,2068,18807,4233,-7516,15882,-1234,23015,1711,2656,965,3764,30397,6183,-15449,27,29432,26633,"T-NOTES, 1-2 YEAR",FINANCIAL INSTRUMENTS,"T-NOTES, 1-2 YEAR",Interest Rates - U.S. Treasury,22.7,19.5,33.6,28.8,20.5,19.3,28.3,27.6,UST 2Y NOTE,"(CONTRACTS OF $200,000 FACE VALUE)",40515,83970,9037,FutOnly,160726042601F,276833,249419,25999,2-YEAR U.S. TREASURY NOTES - CHICAGO BOARD OF TRADE,124170,143294,1064585,75831,206325,1793,35.0,19.4,13.0,3.8,7.9,0.8,26.0,23.4,2.4,11.7,13.5,7.1,19.4,0.2,88.3,86.5,100.0,2016-07-26T00:00:00.000,940415,921291,51,42,49,12,30,8,37,41,28,20,25,5,258,164,184,2016 Report Week 30
818579,922039,411675,043,043602,CBT,CHI,F30,-14764,-41961,21391,10240,-17209,-8588,-12925,52726,8304,-7773,-8489,11540,18093,7804,-2438,19313,20029,"T-NOTES, 6.5-10 YEAR",FINANCIAL INSTRUMENTS,"T-NOTES, 6.5-10 YEAR",Interest Rates - U.S. Treasury,31.4,19.6,40.1,29.0,29.6,17.1,36.4,24.6,UST 10Y NOTE,"(CONTRACTS OF $100,000 FACE VALUE)",132712,142008,20087,FutOnly,160802043602F,548750,639699,69952,10-YEAR U.S. TREASURY NOTES - CHICAGO BOARD OF TRADE,368381,412634,2769492,384585,136627,14771,29.6,33.3,14.9,4.8,5.1,0.7,19.8,23.1,2.5,13.3,14.9,13.9,4.9,0.5,86.7,85.1,100.0,2016-08-02T00:00:00.000,2401111,2356858,61,74,69,26,27,12,61,53,44,24,25,15,351,245,246,2016 Report Week 31
352152,207136,146814,042,042601,CBT,CHI,F30,-20331,312,8890,-9119,20982,-2600,20942,-2780,6797,-8244,-5548,29380,33157,3439,-112,37624,34928,"T-NOTES, 1-2 YEAR",FINANCIAL INSTRUMENTS,"T-NOTES, 1-2 YEAR",Interest Rates - U.S. Treasury,23.4,18.6,34.8,27.4,22.6,18.5,31.4,26.0,UST 2Y NOTE,"(CONTRACTS OF $200,000 FACE VALUE)",31396,104952,6437,FutOnly,160802042601F,297775,246639,32796,2-YEAR U.S. TREASURY NOTES - CHICAGO BOARD OF TRADE,115926,137746,1093965,108988,209764,1681,32.2,18.9,13.4,2.9,9.6,0.6,27.2,22.5,3.0,10.6,12.6,10.0,19.2,0.2,89.4,87.4,100.0,2016-08-02T00:00:00.000,978039,956219,49,40,51,9,29,8,36,43,29,19,23,7,248,161,182,2016 Report Week 31
284946,204574,53623,138,13874+,CME,CHI,F20,-10189,-5109,-173,786,-5276,4278,-2627,2142,8701,-4319,-5578,-4123,996,-1533,-1576,196,1455,S&P BROAD BASED STOCK INDICES,FINANCIAL INSTRUMENTS,S&P BROAD BASED STOCK INDICES,STOCK INDICES,13.2,14.2,20.9,20.8,11.8,13.0,18.8,19.5,S&P 500 Consolidated,(S&P 500 INDEX X $250.00),76015,65179,25376,FutOnly,16080213874+F,80728,151205,38291,S&P 500 Consolidated - CHICAGO MERCANTILE EXCHANGE,90623,93939,683947,27069,44484,7277,41.7,29.9,7.8,11.1,9.5,3.7,11.8,22.1,5.6,13.3,13.7,4.0,6.5,1.1,86.7,86.3,100.0,2016-08-02T00:00:00.000,593324,590007,125,84,91,42,31,27,81,144,77,42,67,16,616,393,434,2016 Report Week 31
825586,1015237,372923,043,043602,CBT,CHI,F30,7007,93198,-38752,42799,14853,-2053,34603,-36271,20770,-1497,5125,66165,1385,7392,1903,67662,61040,"T-NOTES, 6.5-10 YEAR",FINANCIAL INSTRUMENTS,"T-NOTES, 6.5-10 YEAR",Interest Rates - U.S. Treasury,30.7,19.0,38.8,29.1,28.9,16.3,35.8,24.3,UST 10Y NOTE,"(CONTRACTS OF $100,000 FACE VALUE)",175511,156861,18034,FutOnly,160809043602F,583353,603428,90722,10-YEAR U.S. TREASURY NOTES - CHICAGO BOARD OF TRADE,366884,417759,2835657,385970,144019,16674,29.1,35.8,13.2,6.2,5.5,0.6,20.6,21.3,3.2,12.9,14.7,13.6,5.1,0.6,87.1,85.3,100.0,2016-08-09T00:00:00.000,2468773,2417898,55,75,67,20,33,12,64,57,52,25,26,13,355,244,255,2016 Report Week 32
344129,209258,150691,042,042601,CBT,CHI,F30,-8023,2122,3877,-4351,-7107,1031,-13145,-10991,24118,-1402,3879,10602,9036,-5788,-539,12004,6723,"T-NOTES, 1-2 YEAR",FINANCIAL INSTRUMENTS,"T-NOTES, 1-2 YEAR",Interest Rates - U.S. Treasury,22.4,17.4,34.2,25.5,21.6,16.6,31.3,23.9,UST 2Y NOTE,"(CONTRACTS OF $200,000 FACE VALUE)",27045,97845,7468,FutOnly,160809042601F,284630,235648,56914,2-YEAR U.S. TREASURY NOTES - CHICAGO BOARD OF TRADE,114524,141625,1104567,118024,203976,1142,31.2,18.9,13.6,2.4,8.9,0.7,25.8,21.3,5.2,10.4,12.8,10.7,18.5,0.1,89.6,87.2,100.0,2016-08-09T00:00:00.000,990043,962942,48,40,50,8,34,7,34,46,31,21,22,6,253,161,186,2016 Report Week 32
292486,200683,52436,138,13874+,CME,CHI,F20,7540,-3891,-1187,-7252,1633,3688,-4436,-3107,-1709,-4800,-6083,-7510,480,2979,167,-2710,-1427,S&P BROAD BASED STOCK INDICES,FINANCIAL INSTRUMENTS,S&P BROAD BASED STOCK INDICES,STOCK INDICES,13.8,14.0,21.9,20.8,12.4,12.9,19.9,19.5,S&P 500 Consolidated,(S&P 500 INDEX X $250.00),68762,66812,29064,FutOnly,16080913874+F,76292,148098,36582,S&P 500 Consolidated - CHICAGO MERCANTILE EXCHANGE,85823,87856,676437,27550,47463,7443,43.2,29.7,7.8,10.2,9.9,4.3,11.3,21.9,5.4,12.7,13.0,4.1,7.0,1.1,87.3,87.0,100.0,2016-08-09T00:00:00.000,590614,588581,125,82,87,42,30,28,86,138,75,40,74,17,617,396,428,2016 Report Week 32
296235,203507,51002,138,13874+,CME,CHI,F20,3750,2824,-1434,-3396,4317,6027,2031,-5187,161,-1138,572,6399,774,-504,-377,7537,5828,S&P BROAD BASED STOCK INDICES,FINANCIAL INSTRUMENTS,S&P BROAD BASED STOCK INDICES,STOCK INDICES,13.9,14.1,21.4,21.1,12.4,12.9,19.3,19.6,S&P 500 Consolidated,(S&P 500 INDEX X $250.00),65366,71129,35091,FutOnly,16081613874+F,78323,142910,36743,S&P 500 Consolidated - CHICAGO MERCANTILE EXCHANGE,84685,88428,682836,28324,46960,7067,43.4,29.8,7.5,9.6,10.4,5.1,11.5,20.9,5.4,12.4,12.9,4.1,6.9,1.0,87.6,87.0,100.0,2016-08-16T00:00:00.000,598151,594408,127,84,89,41,31,32,84,139,72,44,69,19,620,398,434,2016 Report Week 33
809965,1006869,389476,043,043602,CBT,CHI,F30,-15621,-8368,16553,-7390,-25113,14389,-7506,-4133,23742,-8318,-2394,11331,-5264,-4091,746,19649,13725,"T-NOTES, 6.5-10 YEAR",FINANCIAL INSTRUMENTS,"T-NOTES, 6.5-10 YEAR",Interest Rates - U.S. Treasury,31.0,18.4,39.4,30.1,29.1,16.1,36.2,25.3,UST 10Y NOTE,"(CONTRACTS OF $100,000 FACE VALUE)",168121,131748,32423,FutOnly,160816043602F,575847,599295,114464,10-YEAR U.S. TREASURY NOTES - CHICAGO BOARD OF TRADE,358566,415365,2846988,380706,139928,17420,28.4,35.4,13.7,5.9,4.6,1.1,20.2,21.1,4.0,12.6,14.6,13.4,4.9,0.6,87.4,85.4,100.0,2016-08-16T00:00:00.000,2488422,2431623,55,73,68,27,28,20,60,60,58,22,27,16,352,253,261,2016 Report Week 33
343568,199626,145028,042,042601,CBT,CHI,F30,-561,-9632,-5663,26720,-804,3293,5914,12383,4801,-113,3564,8713,-26878,-429,1200,8826,5149,"T-NOTES, 1-2 YEAR",FINANCIAL INSTRUMENTS,"T-NOTES, 1-2 YEAR",Interest Rates - U.S. Treasury,23.1,16.8,33.5,24.9,21.7,16.1,30.0,23.6,UST 2Y NOTE,"(CONTRACTS OF $200,000 FACE VALUE)",53765,97041,10761,FutOnly,160816042601F,290544,248031,61715,2-YEAR U.S. TREASURY NOTES - CHICAGO BOARD OF TRADE,114411,145189,1113280,91146,203547,2342,30.9,17.9,13.0,4.8,8.7,1.0,26.1,22.3,5.5,10.3,13.0,8.2,18.3,0.2,89.7,87.0,100.0,2016-08-16T00:00:00.000,998869,968091,46,39,49,10,32,10,32,45,29,20,22,8,246,159,183,2016 Report Week 33
800798,993874,387118,043,043602,CBT,CHI,F30,-9167,-12995,-2358,-38246,48908,32844,-26980,-126300,7613,3165,21080,-33337,-71,-1992,-137,-36502,-54417,"T-NOTES, 6.5-10 YEAR",FINANCIAL INSTRUMENTS,"T-NOTES, 6.5-10 YEAR",Interest Rates - U.S. Treasury,30.9,18.0,39.7,28.4,28.9,15.4,35.9,23.1,UST 10Y NOTE,"(CONTRACTS OF $100,000 FACE VALUE)",129875,180656,65267,FutOnly,160823043602F,548867,472995,122077,10-YEAR U.S. TREASURY NOTES - CHICAGO BOARD OF TRADE,361731,436445,2813651,380635,137936,17283,28.5,35.3,13.8,4.6,6.4,2.3,19.5,16.8,4.3,12.9,15.5,13.5,4.9,0.6,87.1,84.5,100.0,2016-08-23T00:00:00.000,2451920,2377206,51,74,69,22,34,19,58,62,55,22,29,18,353,246,268,2016 Report Week 34
297793,198549,52883,138,13874+,CME,CHI,F20,1557,-4958,1881,1778,4652,5698,7766,7767,-1003,-1321,132,17542,-463,1725,1648,18862,17410,S&P BROAD BASED STOCK INDICES,FINANCIAL INSTRUMENTS,S&P BROAD BASED STOCK INDICES,STOCK INDICES,13.5,13.3,20.9,20.7,12.0,12.0,19.0,18.8,S&P 500 Consolidated,(S&P 500 INDEX X $250.00),67144,75781,40789,FutOnly,16082313874+F,86089,150677,35740,S&P 500 Consolidated - CHICAGO MERCANTILE EXCHANGE,83364,88560,700378,27862,48685,8714,42.5,28.3,7.6,9.6,10.8,5.8,12.3,21.5,5.1,11.9,12.6,4.0,7.0,1.2,88.1,87.4,100.0,2016-08-23T00:00:00.000,617013,611818,129,84,89,41,35,31,85,131,72,39,76,18,621,391,440,2016 Report Week 34
314310,200480,145254,042,042601,CBT,CHI,F30,-29258,854,226,-4641,-9441,2822,-2838,-15050,41726,9144,5478,30169,12708,3274,280,21025,24691,"T-NOTES, 1-2 YEAR",FINANCIAL INSTRUMENTS,"T-NOTES, 1-2 YEAR",Interest Rates - U.S. Treasury,20.5,16.7,30.7,25.9,18.9,16.4,27.5,24.3,UST 2Y NOTE,"(CONTRACTS OF $200,000 FACE VALUE)",49124,87600,13583,FutOnly,160823042601F,287706,232981,103441,2-YEAR U.S. TREASURY NOTES - CHICAGO BOARD OF TRADE,123555,150667,1143449,103854,206821,2622,27.5,17.5,12.7,4.3,7.7,1.2,25.2,20.4,9.0,10.8,13.2,9.1,18.1,0.2,89.2,86.8,100.0,2016-08-23T00:00:00.000,1019894,992782,47,38,47,10,32,17,36,39,32,20,23,8,247,168,183,2016 Report Week 34
297032,196706,55606,138,13874+,CME,CHI,F20,-760,-1843,2723,-8507,4858,6812,2197,-7936,5425,1225,1426,9963,309,-2042,538,8738,8537,S&P BROAD BASED STOCK INDICES,FINANCIAL INSTRUMENTS,S&P BROAD BASED STOCK INDICES,STOCK INDICES,12.9,13.4,20.5,20.7,11.2,12.0,18.7,18.8,S&P 500 Consolidated,(S&P 500 INDEX X $250.00),58637,80639,47601,FutOnly,16083013874+F,88286,142741,41165,S&P 500 Consolidated - CHICAGO MERCANTILE EXCHANGE,84589,89985,710340,28171,46643,9252,41.8,27.7,7.8,8.3,11.4,6.7,12.4,20.1,5.8,11.9,12.7,4.0,6.6,1.3,88.1,87.3,100.0,2016-08-30T00:00:00.000,625751,620355,129,83,92,40,36,33,92,123,68,41,79,19,625,403,434,2016 Report Week 35
848753,1004123,388052,043,043602,CBT,CHI,F30,47955,10249,934,-18858,1147,19917,11845,11260,12478,-16571,3811,45117,-11513,-13609,-1070,61688,41306,"T-NOTES, 6.5-10 YEAR",FINANCIAL INSTRUMENTS,"T-NOTES, 6.5-10 YEAR",Interest Rates - U.S. Treasury,30.7,18.3,38.4,29.6,27.9,14.4,35.0,22.7,UST 10Y NOTE,"(CONTRACTS OF $100,000 FACE VALUE)",111017,181803,85184,FutOnly,160830043602F,560712,484255,134555,10-YEAR U.S. TREASURY NOTES - CHICAGO BOARD OF TRADE,345160,440256,2858768,369122,124327,16213,29.7,35.1,13.6,3.9,6.4,3.0,19.6,16.9,4.7,12.1,15.4,12.9,4.3,0.6,87.9,84.6,100.0,2016-08-30T00:00:00.000,2513608,2418512,56,74,69,17,34,21,53,67,49,18,24,14,343,235,261,2016 Report Week 35
324972,190860,140311,042,042601,CBT,CHI,F30,10662,-9620,-4943,-12244,12002,8320,-1293,-21887,-17478,-9883,-1949,-33177,-7807,889,1489,-23294,-31228,"T-NOTES, 1-2 YEAR",FINANCIAL INSTRUMENTS,"T-NOTES, 1-2 YEAR",Interest Rates - U.S. Treasury,20.3,18.2,31.3,27.5,17.7,17.0,26.6,25.0,UST 2Y NOTE,"(CONTRACTS OF $200,000 FACE VALUE)",36880,99602,21903,FutOnly,160830042601F,286413,211094,85963,2-YEAR U.S. TREASURY NOTES - CHICAGO BOARD OF TRADE,113672,148718,1110272,96047,207710,4111,29.3,17.2,12.6,3.3,9.0,2.0,25.8,19.0,7.7,10.2,13.4,8.7,18.7,0.4,89.8,86.6,100.0,2016-08-30T00:00:00.000,996600,961554,47,38,42,12,31,15,40,33,36,19,24,9,245,163,184,2016 Report Week 35
300305,196994,58043,138,13874+,CME,CHI,F20,3272,288,2437,4651,-509,11475,-2038,5909,4011,1601,2053,24981,157,-97,-585,23381,22928,S&P BROAD BASED STOCK INDICES,FINANCIAL INSTRUMENTS,S&P BROAD BASED STOCK INDICES,STOCK INDICES,12.8,13.3,20.1,20.6,11.1,11.8,18.1,18.4,S&P 500 Consolidated,(S&P 500 INDEX X $250.00),63288,80130,59076,FutOnly,16090613874+F,86248,148650,45176,S&P 500 Consolidated - CHICAGO MERCANTILE EXCHANGE,86190,92039,735322,28328,46546,8667,40.8,26.8,7.9,8.6,10.9,8.0,11.7,20.2,6.1,11.7,12.5,3.9,6.3,1.2,88.3,87.5,100.0,2016-09-06T00:00:00.000,649132,643283,127,80,87,41,32,38,88,134,68,41,75,20,619,395,437,2016 Report Week 36
833894,994570,391720,043,043602,CBT,CHI,F30,-14859,-9553,3668,-2938,29297,-17978,40986,4615,-14449,8373,-11524,6729,5246,23973,-1320,-1644,18253,"T-NOTES, 6.5-10 YEAR",FINANCIAL INSTRUMENTS,"T-NOTES, 6.5-10 YEAR",Interest Rates - U.S. Treasury,30.8,17.4,40.0,28.8,28.5,13.1,36.2,22.7,UST 10Y NOTE,"(CONTRACTS OF $100,000 FACE VALUE)",108079,211100,67206,FutOnly,160906043602F,601698,488870,120106,10-YEAR U.S. TREASURY NOTES - CHICAGO BOARD OF TRADE,353533,428732,2865497,374368,148300,14893,29.1,34.7,13.7,3.8,7.4,2.3,21.0,17.1,4.2,12.3,15.0,13.1,5.2,0.5,87.7,85.0,100.0,2016-09-06T00:00:00.000,2511964,2436765,52,75,69,21,35,17,57,63,43,22,27,16,352,240,257,2016 Report Week 36
340099,189873,132150,042,042601,CBT,CHI,F30,15127,-987,-8161,19593,4181,-6033,2753,-4894,-41771,1440,-4386,-62356,-43735,1264,-1569,-63796,-57970,"T-NOTES, 1-2 YEAR",FINANCIAL INSTRUMENTS,"T-NOTES, 1-2 YEAR",Interest Rates - U.S. Treasury,20.1,17.4,31.0,26.4,19.0,17.2,27.8,25.0,UST 2Y NOTE,"(CONTRACTS OF $200,000 FACE VALUE)",56473,103783,15870,FutOnly,160906042601F,289166,206200,44192,2-YEAR U.S. TREASURY NOTES - CHICAGO BOARD OF TRADE,115112,144332,1047916,52312,208974,2542,32.5,18.1,12.6,5.4,9.9,1.5,27.6,19.7,4.2,11.0,13.8,5.0,19.9,0.2,89.0,86.2,100.0,2016-09-06T00:00:00.000,932804,903584,48,35,45,12,31,12,39,37,29,14,26,7,243,152,184,2016 Report Week 36
284340,203578,81508,138,13874+,CME,CHI,F20,-15965,6585,23465,9597,-4384,40212,-9656,-7633,21529,20563,16187,90002,217,-5999,41,69439,73815,S&P BROAD BASED STOCK INDICES,FINANCIAL INSTRUMENTS,S&P BROAD BASED STOCK INDICES,STOCK INDICES,13.0,14.1,20.7,21.1,8.9,9.8,15.0,15.1,S&P 500 Consolidated,(S&P 500 INDEX X $250.00),72885,75746,99288,FutOnly,16091313874+F,76592,141017,66705,S&P 500 Consolidated - CHICAGO MERCANTILE EXCHANGE,106753,108226,825324,28545,40546,8708,34.5,24.7,9.9,8.8,9.2,12.0,9.3,17.1,8.1,12.9,13.1,3.5,4.9,1.1,87.1,86.9,100.0,2016-09-13T00:00:00.000,718571,717098,122,86,98,45,31,47,83,136,89,49,62,28,615,424,453,2016 Report Week 37
831007,936272,424996,043,043602,CBT,CHI,F30,-2887,-58298,33276,22306,-60774,-13777,-52404,99009,-30227,-879,32419,-10884,34403,-11817,-695,-10005,-43303,"T-NOTES, 6.5-10 YEAR",FINANCIAL INSTRUMENTS,"T-NOTES, 6.5-10 YEAR",Interest Rates - U.S. Treasury,31.4,17.0,39.0,29.3,28.5,14.7,35.5,24.8,UST 10Y NOTE,"(CONTRACTS OF $100,000 FACE VALUE)",130385,150326,53429,FutOnly,160913043602F,549294,587879,89879,10-YEAR U.S. TREASURY NOTES - CHICAGO BOARD OF TRADE,352654,461151,2854613,408771,136483,14198,29.1,32.8,14.9,4.6,5.3,1.9,19.2,20.6,3.1,12.4,16.2,14.3,4.8,0.5,87.6,83.8,100.0,2016-09-13T00:00:00.000,2501959,2393462,54,72,72,24,26,13,55,64,38,28,22,12,345,241,239,2016 Report Week 37
324183,170758,122480,042,042601,CBT,CHI,F30,-15916,-19115,-9670,-1163,-19518,-7666,-34126,-27527,-8765,122,6986,-74774,1588,9679,822,-74896,-81760,"T-NOTES, 1-2 YEAR",FINANCIAL INSTRUMENTS,"T-NOTES, 1-2 YEAR",Interest Rates - U.S. Treasury,19.0,18.6,30.5,27.2,16.8,18.4,26.3,25.6,UST 2Y NOTE,"(CONTRACTS OF $200,000 FACE VALUE)",55310,84265,8204,FutOnly,160913042601F,255040,178673,35427,2-YEAR U.S. TREASURY NOTES - CHICAGO BOARD OF TRADE,115234,151318,973142,53900,218653,3364,33.3,17.5,12.6,5.7,8.7,0.8,26.2,18.4,3.6,11.8,15.5,5.5,22.5,0.3,88.2,84.5,100.0,2016-09-13T00:00:00.000,857908,821824,50,32,43,14,29,8,38,33,30,14,26,9,236,155,171,2016 Report Week 37
290667,203190,65016,138,13874+,CME,CHI,F20,6328,-388,-16492,9055,3993,-93737,-10161,4145,-46988,-23163,-20945,-184241,-4321,-9067,-4760,-161078,-163295,S&P BROAD BASED STOCK INDICES,FINANCIAL INSTRUMENTS,S&P BROAD BASED STOCK INDICES,STOCK INDICES,14.5,16.4,23.3,24.6,12.3,14.3,20.8,22.5,S&P 500 Consolidated,(S&P 500 INDEX X $250.00),81939,79739,5551,FutOnly,16092013874+F,66431,145162,19717,S&P 500 Consolidated - CHICAGO MERCANTILE EXCHANGE,83590,87281,641083,24224,31480,3948,45.3,31.7,10.1,12.8,12.4,0.9,10.4,22.6,3.1,13.0,13.6,3.8,4.9,0.6,87.0,86.4,100.0,2016-09-20T00:00:00.000,557494,553803,120,91,93,39,30,17,76,133,62,43,60,18,592,376,406,2016 Report Week 38
824004,931138,412256,043,043602,CBT,CHI,F30,-7003,-5134,-12740,5754,30177,-7793,-13156,-25708,-36650,-10094,-37396,-90957,-12588,974,3313,-80863,-53561,"T-NOTES, 6.5-10 YEAR",FINANCIAL INSTRUMENTS,"T-NOTES, 6.5-10 YEAR",Interest Rates - U.S. Treasury,31.2,16.8,38.6,28.1,28.1,14.1,34.7,23.0,UST 10Y NOTE,"(CONTRACTS OF $100,000 FACE VALUE)",136139,180503,45636,FutOnly,160920043602F,536138,562171,53229,10-YEAR U.S. TREASURY NOTES - CHICAGO BOARD OF TRADE,342560,423755,2763656,396183,137457,17511,29.8,33.7,14.9,4.9,6.5,1.7,19.4,20.3,1.9,12.4,15.3,14.3,5.0,0.6,87.6,84.7,100.0,2016-09-20T00:00:00.000,2421096,2339901,54,75,70,22,34,12,59,61,37,27,24,15,356,241,249,2016 Report Week 38
298601,157399,141140,042,042601,CBT,CHI,F30,-25582,-13359,18660,-22235,5522,44,14930,-32556,2330,1513,-11614,-7422,2093,22726,825,-8935,4192,"T-NOTES, 1-2 YEAR",FINANCIAL INSTRUMENTS,"T-NOTES, 1-2 YEAR",Interest Rates - U.S. Treasury,19.5,20.4,31.0,28.9,17.3,19.8,26.1,26.3,UST 2Y NOTE,"(CONTRACTS OF $200,000 FACE VALUE)",33075,89787,8248,FutOnly,160920042601F,269970,146117,37757,2-YEAR U.S. TREASURY NOTES - CHICAGO BOARD OF TRADE,116747,139704,965720,55993,241379,4189,30.9,16.3,14.6,3.4,9.3,0.9,28.0,15.1,3.9,12.1,14.5,5.8,25.0,0.4,87.9,85.5,100.0,2016-09-20T00:00:00.000,848973,826016,52,34,46,11,34,7,40,35,30,16,27,9,249,156,185,2016 Report Week 38
290988,201466,61325,138,13874+,CME,CHI,F20,321,-1725,-3691,497,-5165,1724,1268,6992,-970,689,1351,293,200,1522,255,-396,-1058,S&P BROAD BASED STOCK INDICES,FINANCIAL INSTRUMENTS,S&P BROAD BASED STOCK INDICES,STOCK INDICES,14.4,16.4,23.0,24.7,11.9,14.5,20.4,22.6,S&P 500 Consolidated,(S&P 500 INDEX X $250.00),82437,74574,7275,FutOnly,16092713874+F,67699,152154,18746,S&P 500 Consolidated - CHICAGO MERCANTILE EXCHANGE,84278,88632,641376,24424,33001,4203,45.4,31.4,9.6,12.9,11.6,1.1,10.6,23.7,2.9,13.1,13.8,3.8,5.1,0.7,86.9,86.2,100.0,2016-09-27T00:00:00.000,557098,552745,119,86,90,37,32,17,74,134,70,47,67,20,597,374,420,2016 Report Week 39
857531,922896,430772,043,043602,CBT,CHI,F30,33527,-8242,18516,-9261,4969,-2154,6048,27427,13531,14219,2381,55588,-15122,2876,-3716,41369,53207,"T-NOTES, 6.5-10 YEAR",FINANCIAL INSTRUMENTS,"T-NOTES, 6.5-10 YEAR",Interest Rates - U.S. Treasury,29.7,17.5,38.3,27.9,27.4,14.9,34.2,23.7,UST 10Y NOTE,"(CONTRACTS OF $100,000 FACE VALUE)",126878,185472,43482,FutOnly,160927043602F,542186,589598,66760,10-YEAR U.S. TREASURY NOTES - CHICAGO BOARD OF TRADE,356779,426136,2819244,381061,140333,13795,30.4,32.7,15.3,4.5,6.6,1.5,19.2,20.9,2.4,12.7,15.1,13.5,5.0,0.5,87.3,84.9,100.0,2016-09-27T00:00:00.000,2462465,2393108,56,74,75,18,35,11,60,63,41,18,25,13,349,235,254,2016 Report Week 39
308078,165201,135520,042,042601,CBT,CHI,F30,9477,7802,-5620,1820,35419,-3373,43600,21417,172,51,5748,52879,6060,-9378,692,52828,47131,"T-NOTES, 1-2 YEAR",FINANCIAL INSTRUMENTS,"T-NOTES, 1-2 YEAR",Interest Rates - U.S. Treasury,20.8,19.9,32.1,27.6,18.4,18.7,27.9,25.5,UST 2Y NOTE,"(CONTRACTS OF $200,000 FACE VALUE)",34895,125206,4875,FutOnly,160927042601F,313570,167534,37929,2-YEAR U.S. TREASURY NOTES - CHICAGO BOARD OF TRADE,116798,145452,1018599,62053,232001,4881,30.2,16.2,13.3,3.4,12.3,0.5,30.8,16.4,3.7,11.5,14.3,6.1,22.8,0.5,88.5,85.7,100.0,2016-09-27T00:00:00.000,901801,873147,52,35,45,11,32,6,38,32,26,15,24,8,239,149,175,2016 Report Week 39
280179,199934,63008,138,13874+,CME,CHI,F20,-10810,-1531,1683,9069,-4751,2866,1144,4951,4076,7650,11431,18033,1284,-1761,1071,10383,6603,S&P BROAD BASED STOCK INDICES,FINANCIAL INSTRUMENTS,S&P BROAD BASED STOCK INDICES,STOCK INDICES,14.0,16.0,22.5,24.2,11.5,13.9,19.6,21.7,S&P 500 Consolidated,(S&P 500 INDEX X $250.00),91505,69823,10141,FutOnly,16100413874+F,68844,157105,22822,S&P 500 Consolidated - CHICAGO MERCANTILE EXCHANGE,91929,100062,659410,25708,31240,5274,42.5,30.3,9.6,13.9,10.6,1.5,10.4,23.8,3.5,13.9,15.2,3.9,4.7,0.8,86.1,84.8,100.0,2016-10-04T00:00:00.000,567481,559347,115,91,93,38,29,20,76,139,71,48,59,16,595,378,417,2016 Report Week 40
869821,917502,447663,043,043602,CBT,CHI,F30,12290,-5394,16891,31983,-5641,-23642,5998,75393,-10526,-18432,3926,38468,24264,-12181,-358,56900,34542,"T-NOTES, 6.5-10 YEAR",FINANCIAL INSTRUMENTS,"T-NOTES, 6.5-10 YEAR",Interest Rates - U.S. Treasury,29.6,17.0,39.0,27.8,27.9,14.7,35.5,23.6,UST 10Y NOTE,"(CONTRACTS OF $100,000 FACE VALUE)",158861,179831,19840,FutOnly,161004043602F,548184,664991,56234,10-YEAR U.S. TREASURY NOTES - CHICAGO BOARD OF TRADE,338347,430062,2857712,405325,128152,13437,30.4,32.1,15.7,5.6,6.3,0.7,19.2,23.3,2.0,11.8,15.0,14.2,4.5,0.5,88.2,85.0,100.0,2016-10-04T00:00:00.000,2519365,2427650,58,78,74,26,34,12,58,62,42,22,24,10,362,237,263,2016 Report Week 40
312611,242858,153435,042,042601,CBT,CHI,F30,4533,77657,17915,18148,-41426,819,55949,8426,-4549,4625,374,90820,-7606,30618,986,86195,90446,"T-NOTES, 1-2 YEAR",FINANCIAL INSTRUMENTS,"T-NOTES, 1-2 YEAR",Interest Rates - U.S. Treasury,24.9,27.8,36.0,36.3,23.4,22.7,31.8,29.6,UST 2Y NOTE,"(CONTRACTS OF $200,000 FACE VALUE)",53043,83780,5694,FutOnly,161004042601F,369519,175960,33380,2-YEAR U.S. TREASURY NOTES - CHICAGO BOARD OF TRADE,121423,145826,1109419,54447,262619,5867,28.2,21.9,13.8,4.8,7.6,0.5,33.3,15.9,3.0,10.9,13.1,4.9,23.7,0.5,89.1,86.9,100.0,2016-10-04T00:00:00.000,987996,963593,48,38,46,19,28,8,41,31,27,17,26,9,248,165,173,2016 Report Week 40
307534,281920,155268,042,042601,CBT,CHI,F30,-5077,39062,1833,31716,-21457,3234,75415,2829,47349,-4973,4574,163353,6553,78626,7303,168326,158779,"T-NOTES, 1-2 YEAR",FINANCIAL INSTRUMENTS,"T-NOTES, 1-2 YEAR",Interest Rates - U.S. Treasury,25.9,28.6,35.1,41.3,20.4,26.2,27.3,32.6,UST 2Y NOTE,"(CONTRACTS OF $200,000 FACE VALUE)",84759,62323,8928,FutOnly,161011042601F,444934,178789,80729,2-YEAR U.S. TREASURY NOTES - CHICAGO BOARD OF TRADE,116450,150400,1272772,61000,341245,13170,24.2,22.1,12.2,6.7,4.9,0.7,35.0,14.0,6.3,9.1,11.8,4.8,26.8,1.0,90.9,88.2,100.0,2016-10-11T00:00:00.000,1156322,1122372,46,40,44,20,21,9,45,31,28,20,26,11,250,172,170,2016 Report Week 41
861399,935348,424004,043,043602,CBT,CHI,F30,-8422,17846,-23659,-12082,362,-2500,-2703,-12605,3201,4655,17818,10805,42035,62,10280,6150,-7013,"T-NOTES, 6.5-10 YEAR",FINANCIAL INSTRUMENTS,"T-NOTES, 6.5-10 YEAR",Interest Rates - U.S. Treasury,29.1,15.6,37.6,25.9,27.1,13.5,34.5,22.2,UST 10Y NOTE,"(CONTRACTS OF $100,000 FACE VALUE)",146779,180193,17340,FutOnly,161011043602F,545481,652386,59435,10-YEAR U.S. TREASURY NOTES - CHICAGO BOARD OF TRADE,343002,447880,2868517,447360,128214,23717,30.0,32.6,14.8,5.1,6.3,0.6,19.0,22.7,2.1,12.0,15.6,15.6,4.5,0.8,88.0,84.4,100.0,2016-10-11T00:00:00.000,2525515,2420637,57,78,77,27,30,12,70,55,45,21,26,12,365,255,256,2016 Report Week 41
278734,204184,62529,138,13874+,CME,CHI,F20,-1445,4250,-479,-3723,-4588,3836,1611,1190,-3576,14275,4146,7604,-3151,2570,255,-6671,3458,S&P BROAD BASED STOCK INDICES,FINANCIAL INSTRUMENTS,S&P BROAD BASED STOCK INDICES,STOCK INDICES,14.0,15.9,21.8,23.6,11.6,13.7,18.9,21.0,S&P 500 Consolidated,(S&P 500 INDEX X $250.00),87782,65234,13978,FutOnly,16101113874+F,70455,158295,19246,S&P 500 Consolidated - CHICAGO MERCANTILE EXCHANGE,106203,104208,667013,22558,33810,5529,41.8,30.6,9.4,13.2,9.8,2.1,10.6,23.7,2.9,15.9,15.6,3.4,5.1,0.8,84.1,84.4,100.0,2016-10-11T00:00:00.000,560810,562805,112,93,92,36,28,20,75,143,69,50,62,18,599,376,422,2016 Report Week 41
883561,880161,428286,043,043602,CBT,CHI,F30,22162,-55187,4282,-437,39209,-2128,-178,-876,11293,-17463,21307,12227,144,-225,-5448,29690,-9080,"T-NOTES, 6.5-10 YEAR",FINANCIAL INSTRUMENTS,"T-NOTES, 6.5-10 YEAR",Interest Rates - U.S. Treasury,29.5,16.0,37.6,26.0,27.4,13.9,34.2,22.2,UST 10Y NOTE,"(CONTRACTS OF $100,000 FACE VALUE)",146342,219402,15212,FutOnly,161018043602F,545303,651510,70728,10-YEAR U.S. TREASURY NOTES - CHICAGO BOARD OF TRADE,325539,469187,2880744,447504,127989,18269,30.7,30.6,14.9,5.1,7.6,0.5,18.9,22.6,2.5,11.3,16.3,15.5,4.4,0.6,88.7,83.7,100.0,2016-10-18T00:00:00.000,2555205,2411557,57,79,78,26,33,14,70,58,50,24,25,11,372,256,269,2016 Report Week 42
324507,307124,150667,042,042601,CBT,CHI,F30,16973,25204,-4601,-30954,6265,618,56767,-7456,10912,-7425,4136,33495,-2180,5032,-6615,40920,29359,"T-NOTES, 1-2 YEAR",FINANCIAL INSTRUMENTS,"T-NOTES, 1-2 YEAR",Interest Rates - U.S. Treasury,25.8,27.3,36.0,41.9,21.8,25.1,29.1,33.2,UST 2Y NOTE,"(CONTRACTS OF $200,000 FACE VALUE)",53805,68588,9546,FutOnly,161018042601F,501701,171333,91641,2-YEAR U.S. TREASURY NOTES - CHICAGO BOARD OF TRADE,109025,154536,1306267,58820,346277,6555,24.8,23.5,11.5,4.1,5.3,0.7,38.4,13.1,7.0,8.3,11.8,4.5,26.5,0.5,91.7,88.2,100.0,2016-10-18T00:00:00.000,1197242,1151731,49,41,44,18,27,9,46,31,29,18,28,10,258,171,179,2016 Report Week 42
284679,213281,60771,138,13874+,CME,CHI,F20,5945,9097,-1758,-6406,7045,1031,768,-14930,1276,-2685,-620,-1650,1489,-1481,-1311,1036,-1030,S&P BROAD BASED STOCK INDICES,FINANCIAL INSTRUMENTS,S&P BROAD BASED STOCK INDICES,STOCK INDICES,14.0,17.3,22.0,25.1,11.6,15.2,19.2,22.4,S&P 500 Consolidated,(S&P 500 INDEX X $250.00),81377,72280,15009,FutOnly,16101813874+F,71222,143365,20522,S&P 500 Consolidated - CHICAGO MERCANTILE EXCHANGE,103518,103589,665364,24047,32329,4218,42.8,32.1,9.1,12.2,10.9,2.3,10.7,21.5,3.1,15.6,15.6,3.6,4.9,0.6,84.4,84.4,100.0,2016-10-18T00:00:00.000,561846,561775,114,90,89,39,29,22,78,136,75,45,62,19,595,379,421,2016 Report Week 42
289405,215767,60607,138,13874+,CME,CHI,F20,4726,2486,-164,9769,-4926,4460,4138,9079,187,-2291,5024,17097,-3327,1352,-401,19388,12073,S&P BROAD BASED STOCK INDICES,FINANCIAL INSTRUMENTS,S&P BROAD BASED STOCK INDICES,STOCK INDICES,14.0,17.2,22.0,24.5,11.7,15.4,19.2,22.0,S&P 500 Consolidated,(S&P 500 INDEX X $250.00),91146,67353,19468,FutOnly,16102513874+F,75360,152444,20709,S&P 500 Consolidated - CHICAGO MERCANTILE EXCHANGE,101227,108613,682461,20720,33681,3818,42.4,31.6,8.9,13.4,9.9,2.9,11.0,22.3,3.0,14.8,15.9,3.0,4.9,0.6,85.2,84.1,100.0,2016-10-25T00:00:00.000,581234,573848,121,89,91,39,30,24,76,136,64,40,65,17,597,375,418,2016 Report Week 43
888266,888145,437919,043,043602,CBT,CHI,F30,4705,7984,9633,34419,5322,-4501,-12191,-5879,13446,6399,3004,37096,-11199,11702,-3615,30697,34092,"T-NOTES, 6.5-10 YEAR",FINANCIAL INSTRUMENTS,"T-NOTES, 6.5-10 YEAR",Interest Rates - U.S. Treasury,30.2,15.5,38.2,25.7,28.1,13.4,35.3,21.2,UST 10Y NOTE,"(CONTRACTS OF $100,000 FACE VALUE)",180761,224724,10711,FutOnly,161025043602F,533112,645631,84174,10-YEAR U.S. TREASURY NOTES - CHICAGO BOARD OF TRADE,331938,472191,2917840,436305,139691,14654,30.4,30.4,15.0,6.2,7.7,0.4,18.3,22.1,2.9,11.4,16.2,15.0,4.8,0.5,88.6,83.8,100.0,2016-10-25T00:00:00.000,2585902,2445649,56,77,78,21,40,14,55,60,46,20,28,14,357,243,266,2016 Report Week 43
343933,294109,140677,042,042601,CBT,CHI,F30,19426,-13015,-9990,-10622,24134,-2291,-21446,-16339,-27727,-3822,3831,-58406,-2811,-17886,877,-54584,-62237,"T-NOTES, 1-2 YEAR",FINANCIAL INSTRUMENTS,"T-NOTES, 1-2 YEAR",Interest Rates - U.S. Treasury,28.8,28.2,38.9,40.2,24.3,26.0,32.9,35.1,UST 2Y NOTE,"(CONTRACTS OF $200,000 FACE VALUE)",43183,92722,7255,FutOnly,161025042601F,480255,154994,63914,2-YEAR U.S. TREASURY NOTES - CHICAGO BOARD OF TRADE,105203,158367,1247861,56009,328391,7432,27.6,23.6,11.3,3.5,7.4,0.6,38.5,12.4,5.1,8.4,12.7,4.5,26.3,0.6,91.6,87.3,100.0,2016-10-25T00:00:00.000,1142658,1089494,52,39,47,15,27,10,47,29,30,17,26,10,252,171,178,2016 Report Week 43
341082,287471,143440,042,042601,CBT,CHI,F30,-2851,-6638,2763,8225,-25375,2743,-34557,14229,27111,10006,-2065,13092,2159,2831,-2507,3086,15157,"T-NOTES, 1-2 YEAR",FINANCIAL INSTRUMENTS,"T-NOTES, 1-2 YEAR",Interest Rates - U.S. Treasury,25.1,28.0,35.9,41.4,19.8,25.7,28.6,34.8,UST 2Y NOTE,"(CONTRACTS OF $200,000 FACE VALUE)",51408,67347,9998,FutOnly,161101042601F,445698,169223,91025,2-YEAR U.S. TREASURY NOTES - CHICAGO BOARD OF TRADE,115209,156302,1260953,58168,331222,4925,27.0,22.8,11.4,4.1,5.3,0.8,35.3,13.4,7.2,9.1,12.4,4.6,26.3,0.4,90.9,87.6,100.0,2016-11-01T00:00:00.000,1145744,1104651,54,35,45,16,23,11,48,28,31,17,26,9,247,168,175,2016 Report Week 44
270648,215347,62368,138,13874+,CME,CHI,F20,-18757,-420,1761,-7426,1447,4417,4753,-16319,5828,6106,3100,-1172,1609,-1522,537,-7278,-4272,S&P BROAD BASED STOCK INDICES,FINANCIAL INSTRUMENTS,S&P BROAD BASED STOCK INDICES,STOCK INDICES,13.6,17.4,21.0,24.1,11.3,15.6,18.0,21.7,S&P 500 Consolidated,(S&P 500 INDEX X $250.00),83720,68800,23885,FutOnly,16110113874+F,80114,136125,26538,S&P 500 Consolidated - CHICAGO MERCANTILE EXCHANGE,107333,111713,681289,22329,32159,4355,39.7,31.6,9.2,12.3,10.1,3.5,11.8,20.0,3.9,15.8,16.4,3.3,4.7,0.6,84.2,83.6,100.0,2016-11-01T00:00:00.000,573956,569576,118,92,94,41,27,23,86,130,70,38,63,18,595,386,414,2016 Report Week 44
906644,931507,425161,043,043602,CBT,CHI,F30,18378,43362,-12758,-7049,-2697,1364,3393,-36932,-4773,1452,14633,-1011,-1736,-3928,718,-2463,-15644,"T-NOTES, 6.5-10 YEAR",FINANCIAL INSTRUMENTS,"T-NOTES, 6.5-10 YEAR",Interest Rates - U.S. Treasury,30.6,15.7,39.0,25.5,28.5,12.9,35.9,20.8,UST 10Y NOTE,"(CONTRACTS OF $100,000 FACE VALUE)",173712,222027,12075,FutOnly,161101043602F,536505,608699,79401,10-YEAR U.S. TREASURY NOTES - CHICAGO BOARD OF TRADE,333390,486824,2916829,434569,135763,15372,31.1,31.9,14.6,6.0,7.6,0.4,18.4,20.9,2.7,11.4,16.7,14.9,4.7,0.5,88.6,83.3,100.0,2016-11-01T00:00:00.000,2583439,2430005,56,73,76,26,37,15,52,65,55,20,28,15,357,250,268,2016 Report Week 44
877965,880566,446746,043,043602,CBT,CHI,F30,-28679,-50941,21585,-33128,-15867,231,2379,15761,7164,-3072,-20371,-26507,5235,14153,1778,-23435,-6136,"T-NOTES, 6.5-10 YEAR",FINANCIAL INSTRUMENTS,"T-NOTES, 6.5-10 YEAR",Interest Rates - U.S. Treasury,31.1,17.5,39.4,25.9,29.4,14.6,36.8,21.8,UST 10Y NOTE,"(CONTRACTS OF $100,000 FACE VALUE)",140584,206160,12306,FutOnly,161108043602F,538884,624460,86565,10-YEAR U.S. TREASURY NOTES - CHICAGO BOARD OF TRADE,330318,466453,2890322,439804,149916,17150,30.4,30.5,15.5,4.9,7.1,0.4,18.6,21.6,3.0,11.4,16.1,15.2,5.2,0.6,88.6,83.9,100.0,2016-11-08T00:00:00.000,2560004,2423869,54,75,75,19,40,14,51,69,55,20,27,14,355,238,275,2016 Report Week 45
265796,217380,62321,138,13874+,CME,CHI,F20,-4852,2033,-47,-11743,2866,-979,8344,-14991,5694,-4070,-4358,-8305,-1547,581,895,-4235,-3947,S&P BROAD BASED STOCK INDICES,FINANCIAL INSTRUMENTS,S&P BROAD BASED STOCK INDICES,STOCK INDICES,13.1,17.6,20.5,24.5,10.8,15.6,17.7,22.0,S&P 500 Consolidated,(S&P 500 INDEX X $250.00),71977,71666,22906,FutOnly,16110813874+F,88458,121134,32231,S&P 500 Consolidated - CHICAGO MERCANTILE EXCHANGE,103263,107355,672984,20782,32740,5250,39.5,32.3,9.3,10.7,10.6,3.4,13.1,18.0,4.8,15.3,16.0,3.1,4.9,0.8,84.7,84.0,100.0,2016-11-08T00:00:00.000,569721,565629,119,101,93,38,32,27,96,121,69,44,64,23,615,406,421,2016 Report Week 45
320374,238349,157155,042,042601,CBT,CHI,F30,-20708,-49122,13715,-12238,11503,3126,-11438,45839,-41187,-101,-2419,-51146,17601,-32685,84,-51045,-48727,"T-NOTES, 1-2 YEAR",FINANCIAL INSTRUMENTS,"T-NOTES, 1-2 YEAR",Interest Rates - U.S. Treasury,20.1,26.6,31.9,34.8,18.7,24.2,28.2,31.3,UST 2Y NOTE,"(CONTRACTS OF $200,000 FACE VALUE)",39170,78850,13124,FutOnly,161108042601F,434260,215062,49838,2-YEAR U.S. TREASURY NOTES - CHICAGO BOARD OF TRADE,115108,153883,1209807,75769,298537,5009,26.5,19.7,13.0,3.2,6.5,1.1,35.9,17.8,4.1,9.5,12.7,6.3,24.7,0.4,90.5,87.3,100.0,2016-11-08T00:00:00.000,1094699,1055924,56,35,48,16,26,11,45,38,38,18,27,9,261,177,190,2016 Report Week 45
876080,950043,464147,043,043602,CBT,CHI,F30,-1885,69477,17401,-20336,45583,18592,86264,-118231,51773,-4517,28002,127311,-23220,11475,3239,131828,99309,"T-NOTES, 6.5-10 YEAR",FINANCIAL INSTRUMENTS,"T-NOTES, 6.5-10 YEAR",Interest Rates - U.S. Treasury,29.4,17.1,37.1,25.8,27.2,16.1,33.0,21.4,UST 10Y NOTE,"(CONTRACTS OF $100,000 FACE VALUE)",120248,251743,30898,FutOnly,161115043602F,625148,506229,138338,10-YEAR U.S. TREASURY NOTES - CHICAGO BOARD OF TRADE,325801,494455,3017633,416584,161391,20389,29.0,31.5,15.4,4.0,8.3,1.0,20.7,16.8,4.6,10.8,16.4,13.8,5.3,0.7,89.2,83.6,100.0,2016-11-15T00:00:00.000,2691832,2523178,54,79,82,20,43,19,66,65,60,21,28,18,376,267,288,2016 Report Week 46
270330,212568,62229,138,13874+,CME,CHI,F20,4534,-4812,-92,-3862,-2034,4827,-3330,5790,-6154,-2131,-1193,-5940,1267,-1273,-999,-3809,-4747,S&P BROAD BASED STOCK INDICES,FINANCIAL INSTRUMENTS,S&P BROAD BASED STOCK INDICES,STOCK INDICES,14.0,18.0,21.8,24.8,11.9,15.8,19.0,22.0,S&P 500 Consolidated,(S&P 500 INDEX X $250.00),68115,69632,27733,FutOnly,16111513874+F,85127,126924,26077,S&P 500 Consolidated - CHICAGO MERCANTILE EXCHANGE,101131,106161,667044,22050,31468,4251,40.5,31.9,9.3,10.2,10.4,4.2,12.8,19.0,3.9,15.2,15.9,3.3,4.7,0.6,84.8,84.1,100.0,2016-11-15T00:00:00.000,565912,560883,126,91,94,35,33,27,93,113,76,46,63,22,602,406,415,2016 Report Week 46
335030,248584,140712,042,042601,CBT,CHI,F30,14656,10235,-16443,-1503,13000,94,-92867,-2052,17750,-8246,3341,-35239,49388,-63096,1932,-26993,-38580,"T-NOTES, 1-2 YEAR",FINANCIAL INSTRUMENTS,"T-NOTES, 1-2 YEAR",Interest Rates - U.S. Treasury,20.3,25.0,31.9,34.9,17.5,22.4,27.6,29.6,UST 2Y NOTE,"(CONTRACTS OF $200,000 FACE VALUE)",37667,91850,13218,FutOnly,161115042601F,341393,213010,67588,2-YEAR U.S. TREASURY NOTES - CHICAGO BOARD OF TRADE,106862,157224,1174568,125157,235441,6941,28.5,21.2,12.0,3.2,7.8,1.1,29.1,18.1,5.8,9.1,13.4,10.7,20.0,0.6,90.9,86.6,100.0,2016-11-15T00:00:00.000,1067706,1017344,56,37,43,15,24,13,46,30,38,18,25,12,251,175,182,2016 Report Week 46
894679,973059,430371,043,043602,CBT,CHI,F30,18599,23016,-33776,-875,61303,16048,22810,-42117,67139,16459,28068,113707,1765,-11512,5538,97248,85639,"T-NOTES, 6.5-10 YEAR",FINANCIAL INSTRUMENTS,"T-NOTES, 6.5-10 YEAR",Interest Rates - U.S. Treasury,29.5,17.4,37.2,27.8,27.2,16.4,33.1,22.1,UST 10Y NOTE,"(CONTRACTS OF $100,000 FACE VALUE)",119373,313046,46946,FutOnly,161122043602F,647958,464112,205477,10-YEAR U.S. TREASURY NOTES - CHICAGO BOARD OF TRADE,342260,522523,3131340,418349,149879,25927,28.6,31.1,13.7,3.8,10.0,1.5,20.7,14.8,6.6,10.9,16.7,13.4,4.8,0.8,89.1,83.3,100.0,2016-11-22T00:00:00.000,2789080,2608817,53,78,80,23,35,24,70,57,61,22,31,20,369,272,282,2016 Report Week 47
273297,215592,64067,138,13874+,CME,CHI,F20,2967,3023,1838,9324,-3113,8368,136,4069,5346,3285,5488,30717,120,6365,-668,27433,25229,S&P BROAD BASED STOCK INDICES,FINANCIAL INSTRUMENTS,S&P BROAD BASED STOCK INDICES,STOCK INDICES,14.1,18.4,22.3,25.3,12.1,15.6,19.6,21.6,S&P 500 Consolidated,(S&P 500 INDEX X $250.00),77439,66520,36101,FutOnly,16112213874+F,85264,130993,31424,S&P 500 Consolidated - CHICAGO MERCANTILE EXCHANGE,104416,111649,697761,22170,37832,3583,39.2,30.9,9.2,11.1,9.5,5.2,12.2,18.8,4.5,15.0,16.0,3.2,5.4,0.5,85.0,84.0,100.0,2016-11-22T00:00:00.000,593345,586112,127,91,88,38,27,34,83,132,78,47,64,18,610,405,423,2016 Report Week 47
343371,257965,149036,042,042601,CBT,CHI,F30,8341,9381,8324,6697,-17078,1928,-69105,-31588,49516,9772,3360,17839,-470,-8840,2836,8067,14479,"T-NOTES, 1-2 YEAR",FINANCIAL INSTRUMENTS,"T-NOTES, 1-2 YEAR",Interest Rates - U.S. Treasury,19.3,28.3,30.0,37.7,14.1,22.3,22.4,28.3,UST 2Y NOTE,"(CONTRACTS OF $200,000 FACE VALUE)",44364,74772,15146,FutOnly,161122042601F,272288,181422,117104,2-YEAR U.S. TREASURY NOTES - CHICAGO BOARD OF TRADE,116634,160584,1192407,124687,226601,9777,28.8,21.6,12.5,3.7,6.3,1.3,22.8,15.2,9.8,9.8,13.5,10.5,19.0,0.8,90.2,86.5,100.0,2016-11-22T00:00:00.000,1075773,1031823,60,33,45,16,20,14,45,31,38,15,23,11,244,176,176,2016 Report Week 47
1049183,889769,443575,043,043602,CBT,CHI,F30,154504,-83290,13204,-10626,-79458,9578,-169586,112973,-67808,-34805,-14599,-122962,-18030,-14169,607,-88157,-108363,"T-NOTES, 6.5-10 YEAR",FINANCIAL INSTRUMENTS,"T-NOTES, 6.5-10 YEAR",Interest Rates - U.S. Treasury,33.1,18.6,41.9,27.1,30.6,15.9,37.4,21.4,UST 10Y NOTE,"(CONTRACTS OF $100,000 FACE VALUE)",108747,233588,56524,FutOnly,161129043602F,478372,577085,137669,10-YEAR U.S. TREASURY NOTES - CHICAGO BOARD OF TRADE,307455,507924,3008378,400319,135710,26534,34.9,29.6,14.7,3.6,7.8,1.9,15.9,19.2,4.6,10.2,16.9,13.3,4.5,0.9,89.8,83.1,100.0,2016-11-29T00:00:00.000,2700923,2500454,55,80,80,25,31,23,54,65,54,25,28,14,363,264,270,2016 Report Week 48
284375,218304,63147,138,13874+,CME,CHI,F20,11078,2713,-920,-943,175,3509,-613,8933,-9,-3976,-7158,10126,894,1778,1105,14102,17284,S&P BROAD BASED STOCK INDICES,FINANCIAL INSTRUMENTS,S&P BROAD BASED STOCK INDICES,STOCK INDICES,14.2,18.9,22.8,25.5,12.2,15.6,19.5,21.7,S&P 500 Consolidated,(S&P 500 INDEX X $250.00),76496,66695,39610,FutOnly,16112913874+F,84651,139926,31415,S&P 500 Consolidated - CHICAGO MERCANTILE EXCHANGE,100440,104492,707887,23064,39610,4688,40.2,30.8,8.9,10.8,9.4,5.6,12.0,19.8,4.4,14.2,14.8,3.3,5.6,0.7,85.8,85.2,100.0,2016-11-29T00:00:00.000,607447,603395,129,90,91,38,28,32,80,133,77,47,62,19,609,400,428,2016 Report Week 48
326070,260542,136133,042,042601,CBT,CHI,F30,-17301,2577,-12903,-5606,-16530,13096,27406,-19479,147,-14612,-3823,-34749,-21254,5888,-3722,-20137,-30926,"T-NOTES, 1-2 YEAR",FINANCIAL INSTRUMENTS,"T-NOTES, 1-2 YEAR",Interest Rates - U.S. Treasury,20.7,30.1,32.0,39.4,15.3,23.7,23.9,29.5,UST 2Y NOTE,"(CONTRACTS OF $200,000 FACE VALUE)",38758,58242,28242,FutOnly,161129042601F,299694,161943,117251,2-YEAR U.S. TREASURY NOTES - CHICAGO BOARD OF TRADE,102022,156761,1157658,103433,232489,6055,28.2,22.5,11.8,3.3,5.0,2.4,25.9,14.0,10.1,8.8,13.5,8.9,20.1,0.5,91.2,86.5,100.0,2016-11-29T00:00:00.000,1055636,1000897,57,35,44,11,21,15,44,26,30,16,23,8,233,169,161,2016 Report Week 48
1070530,924078,430837,043,043602,CBT,CHI,F30,21347,34309,-12738,621,780,-17612,13918,-38151,-18360,-5571,-66,-34502,-8962,24481,-7145,-28931,-34436,"T-NOTES, 6.5-10 YEAR",FINANCIAL INSTRUMENTS,"T-NOTES, 6.5-10 YEAR",Interest Rates - U.S. Treasury,33.8,15.3,43.7,23.4,31.4,13.4,39.9,18.4,UST 10Y NOTE,"(CONTRACTS OF $100,000 FACE VALUE)",109368,234368,38912,FutOnly,161206043602F,492290,538934,119309,10-YEAR U.S. TREASURY NOTES - CHICAGO BOARD OF TRADE,301884,507858,2973876,391357,160191,19389,36.0,31.1,14.5,3.7,7.9,1.3,16.6,18.1,4.0,10.2,17.1,13.2,5.4,0.7,89.8,82.9,100.0,2016-12-06T00:00:00.000,2671992,2466018,51,85,79,21,33,17,49,80,52,18,35,15,373,246,290,2016 Report Week 49
269570,218072,63126,138,13874+,CME,CHI,F20,-14805,-232,-22,2306,2886,3123,-1662,-10705,-1067,6436,2067,-5364,157,-1583,169,-11800,-7431,S&P BROAD BASED STOCK INDICES,FINANCIAL INSTRUMENTS,S&P BROAD BASED STOCK INDICES,STOCK INDICES,13.2,19.1,22.4,25.9,11.2,15.9,18.9,22.0,S&P 500 Consolidated,(S&P 500 INDEX X $250.00),78802,69580,42734,FutOnly,16120613874+F,82989,129220,30347,S&P 500 Consolidated - CHICAGO MERCANTILE EXCHANGE,106876,106558,702523,23221,38027,4857,38.4,31.0,9.0,11.2,9.9,6.1,11.8,18.4,4.3,15.2,15.2,3.3,5.4,0.7,84.8,84.8,100.0,2016-12-06T00:00:00.000,595647,595965,126,86,93,39,26,35,82,128,86,49,58,18,596,407,421,2016 Report Week 49
359367,255256,154160,042,042601,CBT,CHI,F30,33297,-5286,18027,6840,5255,-18142,6093,18049,-16925,-859,-7515,4673,-22133,12735,-1525,5532,12188,"T-NOTES, 1-2 YEAR",FINANCIAL INSTRUMENTS,"T-NOTES, 1-2 YEAR",Interest Rates - U.S. Treasury,19.0,29.6,30.6,39.2,13.5,24.3,22.1,29.8,UST 2Y NOTE,"(CONTRACTS OF $200,000 FACE VALUE)",45598,63497,10100,FutOnly,161206042601F,305787,179992,100326,2-YEAR U.S. TREASURY NOTES - CHICAGO BOARD OF TRADE,101163,149246,1162331,81300,245224,4530,30.9,22.0,13.3,3.9,5.5,0.9,26.3,15.5,8.6,8.7,12.8,7.0,21.1,0.4,91.3,87.2,100.0,2016-12-06T00:00:00.000,1061168,1013085,54,37,44,11,21,14,43,28,30,18,24,7,236,164,167,2016 Report Week 49
279709,209210,89632,138,13874+,CME,CHI,F20,10139,-8862,26507,-5630,11092,6186,5895,8368,14809,14464,16888,77402,3045,427,1987,62937,60514,S&P BROAD BASED STOCK INDICES,FINANCIAL INSTRUMENTS,S&P BROAD BASED STOCK INDICES,STOCK INDICES,13.8,17.6,22.3,24.1,10.2,14.4,17.3,19.5,S&P 500 Consolidated,(S&P 500 INDEX X $250.00),73172,80673,48920,FutOnly,16121313874+F,88884,137589,45156,S&P 500 Consolidated - CHICAGO MERCANTILE EXCHANGE,121341,123446,779925,26267,38455,6845,35.9,26.8,11.5,9.4,10.3,6.3,11.4,17.6,5.8,15.6,15.8,3.4,4.9,0.9,84.4,84.2,100.0,2016-12-13T00:00:00.000,658584,656479,127,79,94,35,36,50,82,122,92,51,54,25,588,420,429,2016 Report Week 50
1077290,939360,440689,043,043602,CBT,CHI,F30,6760,15282,9852,10772,-6912,-9701,-13961,34212,11023,12462,-20503,38455,11389,5343,-141,25993,58958,"T-NOTES, 6.5-10 YEAR",FINANCIAL INSTRUMENTS,"T-NOTES, 6.5-10 YEAR",Interest Rates - U.S. Treasury,33.8,15.3,44.9,23.4,31.4,13.7,40.7,19.1,UST 10Y NOTE,"(CONTRACTS OF $100,000 FACE VALUE)",120140,227456,29211,FutOnly,161213043602F,478329,573146,130332,10-YEAR U.S. TREASURY NOTES - CHICAGO BOARD OF TRADE,314346,487355,3012331,402746,165534,19248,35.8,31.2,14.6,4.0,7.6,1.0,15.9,19.0,4.3,10.4,16.2,13.4,5.5,0.6,89.6,83.8,100.0,2016-12-13T00:00:00.000,2697985,2524976,48,89,76,21,36,14,54,75,55,24,33,15,380,251,289,2016 Report Week 50
365090,252780,146203,042,042601,CBT,CHI,F30,5723,-2476,-7957,3955,16095,-5958,-3453,-12198,-13808,-3410,-1551,-22880,2129,5074,-101,-19470,-21329,"T-NOTES, 1-2 YEAR",FINANCIAL INSTRUMENTS,"T-NOTES, 1-2 YEAR",Interest Rates - U.S. Treasury,20.3,28.6,32.9,39.5,15.7,24.2,25.7,31.1,UST 2Y NOTE,"(CONTRACTS OF $200,000 FACE VALUE)",49553,79592,4142,FutOnly,161213042601F,302334,167794,86518,2-YEAR U.S. TREASURY NOTES - CHICAGO BOARD OF TRADE,97753,147695,1139451,83429,250298,4429,32.0,22.2,12.8,4.3,7.0,0.4,26.5,14.7,7.6,8.6,13.0,7.3,22.0,0.4,91.4,87.0,100.0,2016-12-13T00:00:00.000,1041698,991756,51,36,43,12,19,10,43,27,27,18,26,8,232,158,162,2016 Report Week 50
290258,205536,60297,138,13874+,CME,CHI,F20,10549,-3674,-29335,-9557,9457,-43477,-20896,-21713,-28892,-45632,-48006,-171964,-2081,-3679,-2643,-126332,-123958,S&P BROAD BASED STOCK INDICES,FINANCIAL INSTRUMENTS,S&P BROAD BASED STOCK INDICES,STOCK INDICES,16.0,22.5,26.6,29.3,13.7,19.6,22.5,25.9,S&P 500 Consolidated,(S&P 500 INDEX X $250.00),63615,90129,5443,FutOnly,16122013874+F,67988,115875,16264,S&P 500 Consolidated - CHICAGO MERCANTILE EXCHANGE,75709,75440,607961,24186,34776,4202,47.7,33.8,9.9,10.5,14.8,0.9,11.2,19.1,2.7,12.5,12.4,4.0,5.7,0.7,87.5,87.6,100.0,2016-12-20T00:00:00.000,532252,532521,131,78,87,36,31,15,77,124,65,44,58,15,579,373,388,2016 Report Week 51
1171683,979669,415439,043,043602,CBT,CHI,F30,94393,40309,-25250,-25845,-7893,-623,-5543,-10365,-3426,-1465,11452,46483,11867,39904,2375,47948,35031,"T-NOTES, 6.5-10 YEAR",FINANCIAL INSTRUMENTS,"T-NOTES, 6.5-10 YEAR",Interest Rates - U.S. Treasury,36.2,15.6,46.1,23.5,33.2,14.3,41.9,19.0,UST 10Y NOTE,"(CONTRACTS OF $100,000 FACE VALUE)",94295,219563,28588,FutOnly,161220043602F,472786,562781,126906,10-YEAR U.S. TREASURY NOTES - CHICAGO BOARD OF TRADE,312881,498807,3058814,414613,205438,21623,38.3,32.0,13.6,3.1,7.2,0.9,15.5,18.4,4.1,10.2,16.3,13.6,6.7,0.7,89.8,83.7,100.0,2016-12-20T00:00:00.000,2745933,2560007,48,82,74,21,40,12,59,69,49,28,38,15,385,253,282,2016 Report Week 51
399512,234101,132138,042,042601,CBT,CHI,F30,34422,-18679,-14065,5993,-29273,2016,-31923,47359,-16294,-56,14671,-18217,4390,-1252,-2700,-18161,-32888,"T-NOTES, 1-2 YEAR",FINANCIAL INSTRUMENTS,"T-NOTES, 1-2 YEAR",Interest Rates - U.S. Treasury,21.1,28.8,33.8,39.1,16.4,24.3,27.2,31.1,UST 2Y NOTE,"(CONTRACTS OF $200,000 FACE VALUE)",55546,50319,6158,FutOnly,161220042601F,270411,215153,70224,2-YEAR U.S. TREASURY NOTES - CHICAGO BOARD OF TRADE,97697,162366,1121234,87819,249046,1729,35.6,20.9,11.8,5.0,4.5,0.5,24.1,19.2,6.3,8.7,14.5,7.8,22.2,0.2,91.3,85.5,100.0,2016-12-20T00:00:00.000,1023537,958868,56,34,46,11,18,7,39,34,27,21,28,7,241,162,166,2016 Report Week 51
391882,236015,131498,042,042601,CBT,CHI,F30,-7630,1914,-640,-659,14558,-1018,25801,6169,-1467,-541,-3275,14805,514,-1881,445,15346,18080,"T-NOTES, 1-2 YEAR",FINANCIAL INSTRUMENTS,"T-NOTES, 1-2 YEAR",Interest Rates - U.S. Treasury,21.4,28.5,33.5,39.1,15.8,24.2,27.2,31.5,UST 2Y NOTE,"(CONTRACTS OF $200,000 FACE VALUE)",54887,64877,5140,FutOnly,161227042601F,296212,221322,68757,2-YEAR U.S. TREASURY NOTES - CHICAGO BOARD OF TRADE,97156,159091,1136039,88333,247165,2174,34.5,20.8,11.6,4.8,5.7,0.5,26.1,19.5,6.1,8.6,14.0,7.8,21.8,0.2,91.4,86.0,100.0,2016-12-27T00:00:00.000,1038883,976948,55,34,46,10,20,7,38,37,27,21,28,8,243,159,172,2016 Report Week 52
284283,209201,60058,138,13874+,CME,CHI,F20,-5975,3665,-239,477,-763,-840,5156,-3072,-788,2675,2547,1460,910,864,84,-1215,-1088,S&P BROAD BASED STOCK INDICES,FINANCIAL INSTRUMENTS,S&P BROAD BASED STOCK INDICES,STOCK INDICES,15.8,23.0,25.8,29.7,13.3,20.1,21.7,26.5,S&P 500 Consolidated,(S&P 500 INDEX X $250.00),64092,89366,4603,FutOnly,16122713874+F,73144,112803,15476,S&P 500 Consolidated - CHICAGO MERCANTILE EXCHANGE,78384,77987,609421,25096,35640,4286,46.6,34.3,9.9,10.5,14.7,0.8,12.0,18.5,2.5,12.9,12.8,4.1,5.8,0.7,87.1,87.2,100.0,2016-12-27T00:00:00.000,531037,531434,128,79,86,36,29,17,81,119,68,45,59,14,576,373,388,2016 Report Week 52
1237564,947223,429173,043,043602,CBT,CHI,F30,65881,-32446,13734,-859,-23752,-1045,-50108,50720,-25552,-3872,15156,-15306,-13921,-12557,436,-11434,-30462,"T-NOTES, 6.5-10 YEAR",FINANCIAL INSTRUMENTS,"T-NOTES, 6.5-10 YEAR",Interest Rates - U.S. Treasury,38.9,15.7,49.3,23.7,36.3,14.0,44.9,18.6,UST 10Y NOTE,"(CONTRACTS OF $100,000 FACE VALUE)",93436,195811,27543,FutOnly,161227043602F,422678,613501,101354,10-YEAR U.S. TREASURY NOTES - CHICAGO BOARD OF TRADE,309009,513963,3043508,400692,192881,22059,40.7,31.1,14.1,3.1,6.4,0.9,13.9,20.2,3.3,10.2,16.9,13.2,6.3,0.7,89.8,83.1,100.0,2016-12-27T00:00:00.000,2734499,2529545,43,80,71,16,36,9,46,75,44,20,37,15,353,217,275,2016 Report Week 52
