asset_mgr_positions_long,asset_mgr_positions_short,asset_mgr_positions_spread,cftc_commodity_code,cftc_contract_market_code,cftc_market_code,cftc_region_code,cftc_subgroup_code,change_in_asset_mgr_long,change_in_asset_mgr_short,change_in_asset_mgr_spread,change_in_dealer_long_all,change_in_dealer_short_all,change_in_dealer_spread_all,change_in_lev_money_long,change_in_lev_money_short,change_in_lev_money_spread,change_in_nonrept_long_all,change_in_nonrept_short_all,change_in_open_interest_all,change_in_other_rept_long,change_in_other_rept_short,change_in_other_rept_spread,change_in_tot_rept_long_all,change_in_tot_rept_short,commodity,commodity_group_name,commodity_name,commodity_subgroup_name,conc_gross_le_4_tdr_long,conc_gross_le_4_tdr_short,conc_gross_le_8_tdr_long,conc_gross_le_8_tdr_short,conc_net_le_4_tdr_long_all,conc_net_le_4_tdr_short_all,conc_net_le_8_tdr_long_all,conc_net_le_8_tdr_short_all,contract_market_name,contract_units,dealer_positions_long_all,dealer_positions_short_all,dealer_positions_spread_all,futonly_or_combined,id,lev_money_positions_long,lev_money_positions_short,lev_money_positions_spread,market_and_exchange_names,nonrept_positions_long_all,nonrept_positions_short_all,open_interest_all,other_rept_positions_long,other_rept_positions_short,other_rept_positions_spread,pct_of_oi_asset_mgr_long,pct_of_oi_asset_mgr_short,pct_of_oi_asset_mgr_spread,pct_of_oi_dealer_long_all,pct_of_oi_dealer_short_all,pct_of_oi_dealer_spread_all,pct_of_oi_lev_money_long,pct_of_oi_lev_money_short,pct_of_oi_lev_money_spread,pct_of_oi_nonrept_long_all,pct_of_oi_nonrept_short_all,pct_of_oi_other_rept_long,pct_of_oi_other_rept_short,pct_of_oi_other_rept_spread,pct_of_oi_tot_rept_long_all,pct_of_oi_tot_rept_short,pct_of_open_interest_all,report_date_as_yyyy_mm_dd,tot_rept_positions_long_all,tot_rept_positions_short,traders_asset_mgr_long_all,traders_asset_mgr_short_all,traders_asset_mgr_spread,traders_dealer_long_all,traders_dealer_short_all,traders_dealer_spread_all,traders_lev_money_long_all,traders_lev_money_short_all,traders_lev_money_spread,traders_other_rept_long_all,traders_other_rept_short,traders_other_rept_spread,traders_tot_all,traders_tot_rept_long_all,traders_tot_rept_short_all,yyyy_report_week_ww
1319458,950445,463343,043,043602,CBT,CHI,F30,36561,28710,-12071,-24129,6947,-7259,27390,-35907,-33491,-2250,22860,-34289,-16229,-1267,-2811,-32039,-57149,"T-NOTES, 6.5-10 YEAR",FINANCIAL INSTRUMENTS,"T-NOTES, 6.5-10 YEAR",Interest Rates - U.S. Treasury,25.4,13.2,36.6,20.8,21.8,10.7,30.6,16.0,UST 10Y NOTE,"(CONTRACTS OF $100,000 FACE VALUE)",135172,124250,39649,FutOnly,180102043602F,490538,840816,135431,10-YEAR U.S. TREASURY NOTES - CHICAGO BOARD OF TRADE,325028,541398,3255430,323675,136962,23136,40.5,29.2,14.2,4.2,3.8,1.2,15.1,25.8,4.2,10.0,16.6,9.9,4.2,0.7,90.0,83.4,100.0,2018-01-02T00:00:00.000,2930402,2714032,59,95,80,21,32,12,41,94,48,25,18,9,385,236,298,2018 Report Week 01
571973,361043,221092,042,042601,CBT,CHI,F30,-3,-5609,7096,20343,-20209,1151,-1862,32314,-21598,6036,767,14540,3022,20273,355,8504,13773,"T-NOTES, 1-2 YEAR",FINANCIAL INSTRUMENTS,"T-NOTES, 1-2 YEAR",Interest Rates - U.S. Treasury,20.2,29.3,32.4,40.5,19.2,27.1,29.8,36.9,UST 2Y NOTE,"(CONTRACTS OF $200,000 FACE VALUE)",96293,165672,11659,FutOnly,180102042601F,508552,525196,64067,2-YEAR U.S. TREASURY NOTES - CHICAGO BOARD OF TRADE,124038,163599,1800461,200153,285499,2634,31.8,20.1,12.3,5.3,9.2,0.6,28.2,29.2,3.6,6.9,9.1,11.1,15.9,0.1,93.1,90.9,100.0,2018-01-02T00:00:00.000,1676423,1636862,70,40,55,20,24,11,54,58,30,22,21,5,309,203,207,2018 Report Week 01
1587828,734283,294751,138,13874A,CME,CHI,F20,48549,-12399,-4251,-12260,56441,6651,-71788,-68393,16260,6360,-5638,-10215,173,1023,91,-16575,-4577,,,S&P BROAD BASED STOCK INDICES,,16.9,14.8,26.7,24.2,15.7,14.0,24.0,23.0,E-MINI S&P 500,($50 X S&P 500 INDEX),208927,881416,70956,FutOnly,18010213874AF,348963,501994,88123,E-MINI S&P 500 STOCK INDEX - CHICAGO MERCANTILE EXCHANGE,306665,272854,3051095,119379,181215,25503,52.0,24.1,9.7,6.8,28.9,2.3,11.4,16.5,2.9,10.1,8.9,3.9,5.9,0.8,89.9,91.1,100.0,2018-01-02T00:00:00.000,2744430,2778241,142,90,99,28,49,26,79,112,60,46,37,13,583,386,395,2018 Report Week 01
1381165,947146,484501,043,043602,CBT,CHI,F30,61707,-3299,21158,43812,-6904,12534,-114933,-19147,60907,-8959,15576,105855,26252,21653,3377,114814,90279,"T-NOTES, 6.5-10 YEAR",FINANCIAL INSTRUMENTS,"T-NOTES, 6.5-10 YEAR",Interest Rates - U.S. Treasury,26.0,12.0,36.7,19.7,22.4,9.3,30.5,14.6,UST 10Y NOTE,"(CONTRACTS OF $100,000 FACE VALUE)",178984,117346,52183,FutOnly,180109043602F,375605,821669,196338,10-YEAR U.S. TREASURY NOTES - CHICAGO BOARD OF TRADE,316069,556974,3361285,349927,158615,26513,41.1,28.2,14.4,5.3,3.5,1.6,11.2,24.4,5.8,9.4,16.6,10.4,4.7,0.8,90.6,83.4,100.0,2018-01-09T00:00:00.000,3045216,2804311,59,99,81,27,30,13,45,101,56,23,20,9,404,255,308,2018 Report Week 02
609147,358133,220800,042,042601,CBT,CHI,F30,37174,-2910,-292,25782,14212,-2110,-4277,35394,-6068,-8993,8557,51445,10616,5049,-387,60438,42888,"T-NOTES, 1-2 YEAR",FINANCIAL INSTRUMENTS,"T-NOTES, 1-2 YEAR",Interest Rates - U.S. Treasury,19.4,28.5,31.5,39.3,18.1,26.1,28.6,36.2,UST 2Y NOTE,"(CONTRACTS OF $200,000 FACE VALUE)",122075,179884,9549,FutOnly,180109042601F,504275,560590,57999,2-YEAR U.S. TREASURY NOTES - CHICAGO BOARD OF TRADE,115045,172156,1851906,210769,290548,2247,32.9,19.3,11.9,6.6,9.7,0.5,27.2,30.3,3.1,6.2,9.3,11.4,15.7,0.1,93.8,90.7,100.0,2018-01-09T00:00:00.000,1736861,1679750,72,41,55,20,28,10,51,63,32,26,20,5,321,206,217,2018 Report Week 02
1722242,734827,298801,138,13874A,CME,CHI,F20,134414,544,4050,6675,48486,9752,8722,111908,11612,11112,-4882,190246,2827,7694,1082,179134,195128,,,S&P BROAD BASED STOCK INDICES,,18.9,15.7,28.4,24.7,17.9,14.5,25.7,23.1,E-MINI S&P 500,($50 X S&P 500 INDEX),215602,929902,80708,FutOnly,18010913874AF,357685,613902,99735,E-MINI S&P 500 STOCK INDEX - CHICAGO MERCANTILE EXCHANGE,317777,267972,3241341,122206,188909,26585,53.1,22.7,9.2,6.7,28.7,2.5,11.0,18.9,3.1,9.8,8.3,3.8,5.8,0.8,90.2,91.7,100.0,2018-01-09T00:00:00.000,2923564,2973369,149,91,101,28,52,24,84,122,70,49,51,15,626,403,433,2018 Report Week 02
1374256,1022816,496082,043,043602,CBT,CHI,F30,-6909,75670,11581,-46623,56032,-14210,92194,-93208,-32440,12195,5947,12484,-3791,2625,487,289,6537,"T-NOTES, 6.5-10 YEAR",FINANCIAL INSTRUMENTS,"T-NOTES, 6.5-10 YEAR",Interest Rates - U.S. Treasury,25.4,11.0,35.7,18.8,22.0,8.2,29.7,13.7,UST 10Y NOTE,"(CONTRACTS OF $100,000 FACE VALUE)",132361,173378,37973,FutOnly,180116043602F,467799,728461,163898,10-YEAR U.S. TREASURY NOTES - CHICAGO BOARD OF TRADE,328264,562921,3373769,346136,161240,27000,40.7,30.3,14.7,3.9,5.1,1.1,13.9,21.6,4.9,9.7,16.7,10.3,4.8,0.8,90.3,83.3,100.0,2018-01-16T00:00:00.000,3045505,2810848,65,105,84,22,36,14,58,94,58,20,23,10,423,269,320,2018 Report Week 03
624465,359761,232341,042,042601,CBT,CHI,F30,15318,1628,11541,3078,-12626,-301,3235,18987,5,7458,5411,24475,-15649,40,-210,17017,19064,"T-NOTES, 1-2 YEAR",FINANCIAL INSTRUMENTS,"T-NOTES, 1-2 YEAR",Interest Rates - U.S. Treasury,19.5,28.1,30.4,38.3,17.6,25.2,27.7,35.1,UST 2Y NOTE,"(CONTRACTS OF $200,000 FACE VALUE)",125153,167258,9248,FutOnly,180116042601F,507510,579577,58004,2-YEAR U.S. TREASURY NOTES - CHICAGO BOARD OF TRADE,122503,177567,1876381,195120,290588,2037,33.3,19.2,12.4,6.7,8.9,0.5,27.0,30.9,3.1,6.5,9.5,10.4,15.5,0.1,93.5,90.5,100.0,2018-01-16T00:00:00.000,1753878,1698814,70,45,56,18,28,9,56,56,35,23,22,5,318,206,217,2018 Report Week 03
1736878,740830,298342,138,13874A,CME,CHI,F20,14636,6003,-459,-8352,40629,11757,68507,-3219,6453,-11820,1170,81086,-7957,10431,8321,92906,79916,,,S&P BROAD BASED STOCK INDICES,,18.3,15.1,27.4,25.1,17.4,13.9,24.9,23.2,E-MINI S&P 500,($50 X S&P 500 INDEX),207250,970531,92465,FutOnly,18011613874AF,426192,610683,106188,E-MINI S&P 500 STOCK INDEX - CHICAGO MERCANTILE EXCHANGE,305957,269142,3322427,114249,199340,34906,52.3,22.3,9.0,6.2,29.2,2.8,12.8,18.4,3.2,9.2,8.1,3.4,6.0,1.1,90.8,91.9,100.0,2018-01-16T00:00:00.000,3016470,3053285,153,90,100,28,47,25,93,114,73,49,48,17,622,418,419,2018 Report Week 03
1441851,1030111,497488,043,043602,CBT,CHI,F30,67595,7295,1406,19046,39139,-7465,70269,25455,13292,-17655,27292,138357,-10099,29975,1968,156012,111065,"T-NOTES, 6.5-10 YEAR",FINANCIAL INSTRUMENTS,"T-NOTES, 6.5-10 YEAR",Interest Rates - U.S. Treasury,24.8,10.9,35.7,19.0,21.4,8.2,29.9,14.1,UST 10Y NOTE,"(CONTRACTS OF $100,000 FACE VALUE)",151407,212517,30508,FutOnly,180123043602F,538068,753916,177190,10-YEAR U.S. TREASURY NOTES - CHICAGO BOARD OF TRADE,310609,590213,3512126,336037,191215,28968,41.1,29.3,14.2,4.3,6.1,0.9,15.3,21.5,5.0,8.8,16.8,9.6,5.4,0.8,91.2,83.2,100.0,2018-01-23T00:00:00.000,3201517,2921913,72,107,95,26,41,15,57,92,57,26,23,12,444,288,335,2018 Report Week 04
708204,376784,223960,042,042601,CBT,CHI,F30,83739,17023,-8381,4125,-5130,1577,-35598,22093,11147,267,3715,55198,-2361,12471,683,54931,51483,"T-NOTES, 1-2 YEAR",FINANCIAL INSTRUMENTS,"T-NOTES, 1-2 YEAR",Interest Rates - U.S. Treasury,20.9,26.7,31.7,36.5,18.9,23.9,29.0,33.3,UST 2Y NOTE,"(CONTRACTS OF $200,000 FACE VALUE)",129278,162128,10825,FutOnly,180123042601F,471912,601670,69151,2-YEAR U.S. TREASURY NOTES - CHICAGO BOARD OF TRADE,122770,181282,1931579,192759,303059,2720,36.7,19.5,11.6,6.7,8.4,0.6,24.4,31.1,3.6,6.4,9.4,10.0,15.7,0.1,93.6,90.6,100.0,2018-01-23T00:00:00.000,1808809,1750297,74,43,56,18,27,8,53,59,44,21,22,6,317,209,222,2018 Report Week 04
1778863,725020,299388,138,13874A,CME,CHI,F20,41985,-15810,1046,22298,58035,-4252,53981,-6501,11237,-40491,30688,95042,593,11954,8645,135533,64354,,,S&P BROAD BASED STOCK INDICES,,17.2,14.9,26.2,24.9,16.3,14.8,23.5,23.4,E-MINI S&P 500,($50 X S&P 500 INDEX),229548,1028566,88213,FutOnly,18012313874AF,480173,604182,117425,E-MINI S&P 500 STOCK INDEX - CHICAGO MERCANTILE EXCHANGE,265466,299830,3417469,114842,211294,43551,52.1,21.2,8.8,6.7,30.1,2.6,14.1,17.7,3.4,7.8,8.8,3.4,6.2,1.3,92.2,91.2,100.0,2018-01-23T00:00:00.000,3152003,3117639,158,89,102,29,46,23,94,110,77,48,46,16,620,421,417,2018 Report Week 04
1684703,694580,304072,138,13874A,CME,CHI,F20,-94160,-30440,4684,-17181,72070,12574,28872,-67221,794,50244,10631,-21504,15114,-2151,-22445,-71748,-32135,,,S&P BROAD BASED STOCK INDICES,,16.0,16.1,24.3,26.7,14.7,15.7,21.5,25.1,E-MINI S&P 500,($50 X S&P 500 INDEX),212367,1100636,100787,FutOnly,18013013874AF,509045,536961,118219,E-MINI S&P 500 STOCK INDEX - CHICAGO MERCANTILE EXCHANGE,315710,310461,3395965,129956,209143,21106,49.6,20.5,9.0,6.3,32.4,3.0,15.0,15.8,3.5,9.3,9.1,3.8,6.2,0.6,90.7,90.9,100.0,2018-01-30T00:00:00.000,3080255,3085504,155,89,99,33,46,27,105,97,78,52,47,16,625,438,407,2018 Report Week 05
1511252,1080326,451625,043,043602,CBT,CHI,F30,69401,50215,-45863,-6673,-37704,23470,-6846,70512,4516,-4178,-117,54529,24800,-6402,-4098,58707,54646,"T-NOTES, 6.5-10 YEAR",FINANCIAL INSTRUMENTS,"T-NOTES, 6.5-10 YEAR",Interest Rates - U.S. Treasury,26.3,10.5,37.5,17.5,23.1,8.0,31.6,14.1,UST 10Y NOTE,"(CONTRACTS OF $100,000 FACE VALUE)",144734,174813,53978,FutOnly,180130043602F,531222,824428,181706,10-YEAR U.S. TREASURY NOTES - CHICAGO BOARD OF TRADE,306431,590096,3566655,360837,184813,24870,42.4,30.3,12.7,4.1,4.9,1.5,14.9,23.1,5.1,8.6,16.5,10.1,5.2,0.7,91.4,83.5,100.0,2018-01-30T00:00:00.000,3260224,2976559,73,104,97,27,34,16,49,94,67,22,24,11,427,288,330,2018 Report Week 05
754719,383188,214886,042,042601,CBT,CHI,F30,46515,6404,-9074,-30172,26561,6609,-7438,-42212,20241,-2417,2854,40115,14043,26924,1808,42532,37261,"T-NOTES, 1-2 YEAR",FINANCIAL INSTRUMENTS,"T-NOTES, 1-2 YEAR",Interest Rates - U.S. Treasury,20.2,25.8,31.4,35.6,18.3,22.8,28.5,31.9,UST 2Y NOTE,"(CONTRACTS OF $200,000 FACE VALUE)",99106,188689,17434,FutOnly,180130042601F,464474,559458,89392,2-YEAR U.S. TREASURY NOTES - CHICAGO BOARD OF TRADE,120353,184136,1971694,206802,329983,4528,38.3,19.4,10.9,5.0,9.6,0.9,23.6,28.4,4.5,6.1,9.3,10.5,16.7,0.2,93.9,90.7,100.0,2018-01-30T00:00:00.000,1851341,1787558,76,46,55,15,34,13,50,61,45,22,27,7,331,216,235,2018 Report Week 05
740629,395708,220389,042,042601,CBT,CHI,F30,-14090,12520,5503,-5261,27529,801,-7,-50038,46094,241,-18108,26816,-6840,2140,375,26575,44924,"T-NOTES, 1-2 YEAR",FINANCIAL INSTRUMENTS,"T-NOTES, 1-2 YEAR",Interest Rates - U.S. Treasury,19.3,25.0,30.5,34.3,17.3,20.5,27.7,29.0,UST 2Y NOTE,"(CONTRACTS OF $200,000 FACE VALUE)",93845,216218,18235,FutOnly,180206042601F,464467,509420,135486,2-YEAR U.S. TREASURY NOTES - CHICAGO BOARD OF TRADE,120594,166028,1998510,199962,332123,4903,37.1,19.8,11.0,4.7,10.8,0.9,23.2,25.5,6.8,6.0,8.3,10.0,16.6,0.2,94.0,91.7,100.0,2018-02-06T00:00:00.000,1877916,1832482,76,49,55,17,30,12,48,63,44,22,23,5,328,211,233,2018 Report Week 06
1609828,720194,288916,138,13874A,CME,CHI,F20,-74875,25614,-15156,49811,27651,-5551,48273,-49322,18572,-13109,24409,32845,33698,15446,-8818,45954,8436,,,S&P BROAD BASED STOCK INDICES,,15.6,17.1,22.8,27.2,13.9,16.9,20.3,26.1,E-MINI S&P 500,($50 X S&P 500 INDEX),262178,1128287,95236,FutOnly,18020613874AF,557318,487639,136791,E-MINI S&P 500 STOCK INDEX - CHICAGO MERCANTILE EXCHANGE,302601,334870,3428810,163654,224589,12288,47.0,21.0,8.4,7.6,32.9,2.8,16.3,14.2,4.0,8.8,9.8,4.8,6.5,0.4,91.2,90.2,100.0,2018-02-06T00:00:00.000,3126209,3093940,154,92,99,33,47,28,100,108,81,51,45,21,632,444,417,2018 Report Week 06
1505697,1060911,508050,043,043602,CBT,CHI,F30,-5555,-19415,56425,-4042,53585,-4796,-30978,-42396,22576,28061,-4967,93163,19328,20007,12144,65102,98130,"T-NOTES, 6.5-10 YEAR",FINANCIAL INSTRUMENTS,"T-NOTES, 6.5-10 YEAR",Interest Rates - U.S. Treasury,27.9,9.9,39.0,17.1,24.2,7.9,33.7,12.9,UST 10Y NOTE,"(CONTRACTS OF $100,000 FACE VALUE)",140692,228398,49182,FutOnly,180206043602F,500244,782032,204282,10-YEAR U.S. TREASURY NOTES - CHICAGO BOARD OF TRADE,334492,585129,3659818,380165,204820,37014,41.1,29.0,13.9,3.8,6.2,1.3,13.7,21.4,5.6,9.1,16.0,10.4,5.6,1.0,90.9,84.0,100.0,2018-02-06T00:00:00.000,3325326,3074689,71,106,95,22,39,20,52,93,66,25,27,13,435,291,338,2018 Report Week 06
1491434,1049612,470389,043,043602,CBT,CHI,F30,-14263,-11299,-37661,-6382,-18165,7030,65490,94401,17036,-11387,-14360,21979,4025,-13094,-1909,33366,36339,"T-NOTES, 6.5-10 YEAR",FINANCIAL INSTRUMENTS,"T-NOTES, 6.5-10 YEAR",Interest Rates - U.S. Treasury,25.9,11.4,36.5,18.2,22.6,8.6,30.6,14.3,UST 10Y NOTE,"(CONTRACTS OF $100,000 FACE VALUE)",134310,210233,56212,FutOnly,180213043602F,565734,876433,221318,10-YEAR U.S. TREASURY NOTES - CHICAGO BOARD OF TRADE,323105,570769,3681797,384190,191726,35105,40.5,28.5,12.8,3.6,5.7,1.5,15.4,23.8,6.0,8.8,15.5,10.4,5.2,1.0,91.2,84.5,100.0,2018-02-13T00:00:00.000,3358692,3111028,76,104,93,25,38,22,61,90,62,26,23,13,443,298,335,2018 Report Week 07
1498752,722235,311242,138,13874A,CME,CHI,F20,-111076,2041,22326,17643,-67301,33991,-87280,1480,-3549,51905,-82687,-87097,-20258,-2599,9201,-139002,-4410,,,S&P BROAD BASED STOCK INDICES,,15.6,16.9,23.2,26.5,14.3,16.5,20.1,25.2,E-MINI S&P 500,($50 X S&P 500 INDEX),279821,1060986,129227,FutOnly,18021313874AF,470038,489119,133242,E-MINI S&P 500 STOCK INDEX - CHICAGO MERCANTILE EXCHANGE,354506,252183,3341713,143396,221990,21489,44.8,21.6,9.3,8.4,31.7,3.9,14.1,14.6,4.0,10.6,7.5,4.3,6.6,0.6,89.4,92.5,100.0,2018-02-13T00:00:00.000,2987207,3089530,152,94,100,30,48,29,88,113,82,50,44,16,620,423,424,2018 Report Week 07
707352,391774,230111,042,042601,CBT,CHI,F30,-33277,-3934,9722,15963,-35112,7238,-30096,-34166,59967,8076,21006,33775,-2046,10826,-1772,25699,12769,"T-NOTES, 1-2 YEAR",FINANCIAL INSTRUMENTS,"T-NOTES, 1-2 YEAR",Interest Rates - U.S. Treasury,18.3,24.3,31.5,32.9,15.9,18.6,26.3,25.2,UST 2Y NOTE,"(CONTRACTS OF $200,000 FACE VALUE)",109808,181106,25473,FutOnly,180213042601F,434371,475254,195453,2-YEAR U.S. TREASURY NOTES - CHICAGO BOARD OF TRADE,128670,187034,2032285,197916,342949,3131,34.8,19.3,11.3,5.4,8.9,1.3,21.4,23.4,9.6,6.3,9.2,9.7,16.9,0.2,93.7,90.8,100.0,2018-02-13T00:00:00.000,1903615,1845251,74,51,55,19,29,11,48,63,44,20,25,4,329,211,232,2018 Report Week 07
710791,376115,234676,042,042601,CBT,CHI,F30,3439,-15659,4565,-29445,6138,-7842,-1265,29923,23213,8457,-8190,16831,15239,-15787,470,8374,25021,"T-NOTES, 1-2 YEAR",FINANCIAL INSTRUMENTS,"T-NOTES, 1-2 YEAR",Interest Rates - U.S. Treasury,19.3,21.7,32.1,29.4,15.6,16.0,25.8,22.2,UST 2Y NOTE,"(CONTRACTS OF $200,000 FACE VALUE)",80363,187244,17631,FutOnly,180220042601F,433106,505177,218666,2-YEAR U.S. TREASURY NOTES - CHICAGO BOARD OF TRADE,137127,178844,2049116,213155,327162,3601,34.7,18.4,11.5,3.9,9.1,0.9,21.1,24.7,10.7,6.7,8.7,10.4,16.0,0.2,93.3,91.3,100.0,2018-02-20T00:00:00.000,1911989,1870272,76,52,55,18,32,14,56,68,47,20,23,5,345,221,245,2018 Report Week 08
1500859,1008664,474452,043,043602,CBT,CHI,F30,9425,-40948,4063,-18282,67268,14733,47993,-33727,98565,6428,29790,154968,-25721,-2540,17764,148540,125178,"T-NOTES, 6.5-10 YEAR",FINANCIAL INSTRUMENTS,"T-NOTES, 6.5-10 YEAR",Interest Rates - U.S. Treasury,24.9,11.1,35.7,19.1,21.8,9.1,30.2,14.8,UST 10Y NOTE,"(CONTRACTS OF $100,000 FACE VALUE)",116028,277501,70945,FutOnly,180220043602F,613727,842706,319883,10-YEAR U.S. TREASURY NOTES - CHICAGO BOARD OF TRADE,329533,600559,3836765,358469,189186,52869,39.1,26.3,12.4,3.0,7.2,1.8,16.0,22.0,8.3,8.6,15.7,9.3,4.9,1.4,91.4,84.3,100.0,2018-02-20T00:00:00.000,3507232,3236206,80,100,97,26,40,27,63,85,65,22,23,18,439,303,343,2018 Report Week 08
1567355,696574,271092,138,13874A,CME,CHI,F20,68603,-25661,-40150,40066,-7608,27919,-51138,46846,-36582,-32674,15169,-14416,2867,-1022,6673,18258,-29585,,,S&P BROAD BASED STOCK INDICES,,16.3,17.2,23.7,26.9,15.0,16.7,21.7,25.6,E-MINI S&P 500,($50 X S&P 500 INDEX),319887,1053378,157146,FutOnly,18022013874AF,418900,535965,96660,E-MINI S&P 500 STOCK INDEX - CHICAGO MERCANTILE EXCHANGE,321832,267352,3327297,146263,220968,28162,47.1,20.9,8.1,9.6,31.7,4.7,12.6,16.1,2.9,9.7,8.0,4.4,6.6,0.8,90.3,92.0,100.0,2018-02-20T00:00:00.000,3005465,3059945,157,88,103,31,46,28,76,121,73,42,39,15,600,401,418,2018 Report Week 08
1541989,891689,457568,043,043602,CBT,CHI,F30,41130,-116975,-16884,29079,-43969,20902,-178419,-2125,-34579,44399,62281,-129221,-16576,20401,-18273,-173620,-191502,"T-NOTES, 6.5-10 YEAR",FINANCIAL INSTRUMENTS,"T-NOTES, 6.5-10 YEAR",Interest Rates - U.S. Treasury,26.2,11.3,36.0,19.7,23.3,9.0,31.1,15.0,UST 10Y NOTE,"(CONTRACTS OF $100,000 FACE VALUE)",145107,233532,91847,FutOnly,180227043602F,435308,840581,285304,10-YEAR U.S. TREASURY NOTES - CHICAGO BOARD OF TRADE,373932,662840,3707544,341893,209587,34596,41.6,24.1,12.3,3.9,6.3,2.5,11.7,22.7,7.7,10.1,17.9,9.2,5.7,0.9,89.9,82.1,100.0,2018-02-27T00:00:00.000,3333612,3044704,78,95,94,25,37,29,55,88,69,20,24,15,422,293,336,2018 Report Week 09
719942,353547,220801,042,042601,CBT,CHI,F30,9151,-22568,-13875,222,-33736,11088,-69268,-48454,-51248,22995,43668,-136419,-44604,-20414,-880,-159414,-180087,"T-NOTES, 1-2 YEAR",FINANCIAL INSTRUMENTS,"T-NOTES, 1-2 YEAR",Interest Rates - U.S. Treasury,18.0,22.8,30.2,32.4,16.0,17.9,25.8,25.2,UST 2Y NOTE,"(CONTRACTS OF $200,000 FACE VALUE)",80585,153508,28719,FutOnly,180227042601F,363838,456723,167418,2-YEAR U.S. TREASURY NOTES - CHICAGO BOARD OF TRADE,160122,222512,1912697,168551,306748,2721,37.6,18.5,11.5,4.2,8.0,1.5,19.0,23.9,8.8,8.4,11.6,8.8,16.0,0.1,91.6,88.4,100.0,2018-02-27T00:00:00.000,1752575,1690185,76,52,58,19,36,20,53,57,43,20,22,8,337,230,236,2018 Report Week 09
1585511,677675,275441,138,13874A,CME,CHI,F20,18156,-18899,4349,-14424,22794,4777,-6757,3189,2773,-10545,-8292,3949,5203,-7159,417,14494,12241,,,S&P BROAD BASED STOCK INDICES,,16.3,17.5,24.1,27.4,15.1,17.3,22.3,25.7,E-MINI S&P 500,($50 X S&P 500 INDEX),305463,1076172,161923,FutOnly,18022713874AF,412143,539154,99433,E-MINI S&P 500 STOCK INDEX - CHICAGO MERCANTILE EXCHANGE,311287,259060,3331246,151466,213809,28579,47.6,20.3,8.3,9.2,32.3,4.9,12.4,16.2,3.0,9.3,7.8,4.5,6.4,0.9,90.7,92.2,100.0,2018-02-27T00:00:00.000,3019959,3072186,159,91,103,31,45,32,84,115,72,44,34,16,603,416,410,2018 Report Week 09
707642,376550,221674,042,042601,CBT,CHI,F30,-12300,23003,873,10581,14137,-22253,28172,-29786,-21647,-32778,-32753,-72521,-21476,-2402,-1693,-39743,-39768,"T-NOTES, 1-2 YEAR",FINANCIAL INSTRUMENTS,"T-NOTES, 1-2 YEAR",Interest Rates - U.S. Treasury,19.3,23.9,31.3,35.1,16.7,18.9,26.1,27.5,UST 2Y NOTE,"(CONTRACTS OF $200,000 FACE VALUE)",91166,167645,6466,FutOnly,180306042601F,392010,426937,145771,2-YEAR U.S. TREASURY NOTES - CHICAGO BOARD OF TRADE,127344,189759,1840176,147075,304346,1028,38.5,20.5,12.0,5.0,9.1,0.4,21.3,23.2,7.9,6.9,10.3,8.0,16.5,0.1,93.1,89.7,100.0,2018-03-06T00:00:00.000,1712832,1650417,76,51,57,19,33,7,57,52,39,19,25,,332,212,225,2018 Report Week 10
1493745,692141,284936,138,13874A,CME,CHI,F20,-91766,14466,9495,7835,-23288,16847,32347,-41502,26131,4214,-19794,-10405,-21009,1739,5501,-14619,9389,,,S&P BROAD BASED STOCK INDICES,,15.7,16.7,23.5,26.9,14.6,16.2,21.5,24.5,E-MINI S&P 500,($50 X S&P 500 INDEX),313298,1052884,178770,FutOnly,18030613874AF,444490,497652,125564,E-MINI S&P 500 STOCK INDEX - CHICAGO MERCANTILE EXCHANGE,315501,239266,3320841,130457,215548,34080,45.0,20.8,8.6,9.4,31.7,5.4,13.4,15.0,3.8,9.5,7.2,3.9,6.5,1.0,90.5,92.8,100.0,2018-03-06T00:00:00.000,3005340,3081575,154,93,95,30,45,35,86,108,81,38,42,15,596,412,410,2018 Report Week 10
1545941,887736,452085,043,043602,CBT,CHI,F30,3952,-3953,-5483,-59837,-23624,-28882,61384,43372,-141036,-49904,-88121,-228202,-1383,26538,-7013,-178298,-140081,"T-NOTES, 6.5-10 YEAR",FINANCIAL INSTRUMENTS,"T-NOTES, 6.5-10 YEAR",Interest Rates - U.S. Treasury,27.7,11.0,38.4,20.1,24.6,9.6,33.2,15.7,UST 10Y NOTE,"(CONTRACTS OF $100,000 FACE VALUE)",85270,209908,62965,FutOnly,180306043602F,496692,883953,144268,10-YEAR U.S. TREASURY NOTES - CHICAGO BOARD OF TRADE,324028,574719,3479342,340510,236125,27583,44.4,25.5,13.0,2.5,6.0,1.8,14.3,25.4,4.1,9.3,16.5,9.8,6.8,0.8,90.7,83.5,100.0,2018-03-06T00:00:00.000,3155314,2904623,77,99,87,24,37,20,47,97,48,21,27,11,429,261,334,2018 Report Week 10
1506889,674349,391261,138,13874A,CME,CHI,F20,13144,-17792,106325,15479,-25920,206026,15838,46387,49940,29600,78836,442628,3339,-4111,2937,413028,363792,,,S&P BROAD BASED STOCK INDICES,,16.4,14.4,24.6,24.5,12.9,14.3,19.1,21.7,E-MINI S&P 500,($50 X S&P 500 INDEX),328777,1026964,384796,FutOnly,18031313874AF,460328,544039,175504,E-MINI S&P 500 STOCK INDEX - CHICAGO MERCANTILE EXCHANGE,345101,318102,3763469,133796,211437,37017,40.0,17.9,10.4,8.7,27.3,10.2,12.2,14.5,4.7,9.2,8.5,3.6,5.6,1.0,90.8,91.5,100.0,2018-03-13T00:00:00.000,3418368,3445367,156,89,106,30,46,39,88,109,95,40,31,21,589,431,419,2018 Report Week 11
1490694,891675,443896,043,043602,CBT,CHI,F30,-55247,3939,-8189,19328,27014,-18634,13137,-44072,-16458,-11811,-22212,-87292,-6375,-5637,-3043,-75481,-65080,"T-NOTES, 6.5-10 YEAR",FINANCIAL INSTRUMENTS,"T-NOTES, 6.5-10 YEAR",Interest Rates - U.S. Treasury,26.7,12.2,36.5,21.6,22.5,10.6,31.4,17.4,UST 10Y NOTE,"(CONTRACTS OF $100,000 FACE VALUE)",104598,236922,44331,FutOnly,180313043602F,509829,839881,127810,10-YEAR U.S. TREASURY NOTES - CHICAGO BOARD OF TRADE,312217,552507,3392050,334135,230488,24540,43.9,26.3,13.1,3.1,7.0,1.3,15.0,24.8,3.8,9.2,16.3,9.9,6.8,0.7,90.8,83.7,100.0,2018-03-13T00:00:00.000,3079833,2839543,77,102,93,23,39,16,55,87,49,20,30,10,434,276,326,2018 Report Week 11
728275,339247,237324,042,042601,CBT,CHI,F30,20633,-37303,15650,3633,31826,-344,45819,77988,-16767,-2050,-3091,55067,-21540,-22925,10033,57117,58158,"T-NOTES, 1-2 YEAR",FINANCIAL INSTRUMENTS,"T-NOTES, 1-2 YEAR",Interest Rates - U.S. Treasury,19.0,22.2,30.1,33.4,16.4,17.2,25.1,26.2,UST 2Y NOTE,"(CONTRACTS OF $200,000 FACE VALUE)",94799,199471,6122,FutOnly,180313042601F,437829,504925,129004,2-YEAR U.S. TREASURY NOTES - CHICAGO BOARD OF TRADE,125294,186668,1895243,125535,281421,11061,38.4,17.9,12.5,5.0,10.5,0.3,23.1,26.6,6.8,6.6,9.8,6.6,14.8,0.6,93.4,90.2,100.0,2018-03-13T00:00:00.000,1769949,1708575,78,50,57,16,34,8,55,61,40,20,22,4,336,210,235,2018 Report Week 11
1405269,658049,327538,138,13874A,CME,CHI,F20,-101620,-16300,-63723,-183088,-234812,-349387,-126499,-99290,-93898,-50327,-88632,-1005980,-15974,-38474,-21464,-955653,-917348,,,S&P BROAD BASED STOCK INDICES,,15.6,14.6,24.7,24.9,11.4,14.2,19.7,23.7,E-MINI S&P 500,($50 X S&P 500 INDEX),145689,792152,35409,FutOnly,18032013874AF,333829,444749,81606,E-MINI S&P 500 STOCK INDEX - CHICAGO MERCANTILE EXCHANGE,294774,229470,2757489,117822,172963,15553,51.0,23.9,11.9,5.3,28.7,1.3,12.1,16.1,3.0,10.7,8.3,4.3,6.3,0.6,89.3,91.7,100.0,2018-03-20T00:00:00.000,2462715,2528019,150,92,92,28,44,19,77,105,66,38,31,10,565,375,377,2018 Report Week 12
1498050,879342,453253,043,043602,CBT,CHI,F30,7356,-12333,9357,45711,-1714,7975,15104,117752,-7555,10397,7922,132904,47127,14068,-2568,122507,124982,"T-NOTES, 6.5-10 YEAR",FINANCIAL INSTRUMENTS,"T-NOTES, 6.5-10 YEAR",Interest Rates - U.S. Treasury,25.5,12.8,36.1,21.5,22.4,11.5,31.2,18.4,UST 10Y NOTE,"(CONTRACTS OF $100,000 FACE VALUE)",150309,235208,52306,FutOnly,180320043602F,524933,957633,120255,10-YEAR U.S. TREASURY NOTES - CHICAGO BOARD OF TRADE,322614,560429,3524954,381262,244556,21972,42.5,24.9,12.9,4.3,6.7,1.5,14.9,27.2,3.4,9.2,15.9,10.8,6.9,0.6,90.8,84.1,100.0,2018-03-20T00:00:00.000,3202340,2964525,78,103,94,25,41,12,50,90,45,23,28,12,438,268,333,2018 Report Week 12
807691,361807,212706,042,042601,CBT,CHI,F30,79416,22560,-24618,-9346,34368,763,-21778,4585,-6066,3662,-9323,19902,-9352,-9588,7221,16240,29225,"T-NOTES, 1-2 YEAR",FINANCIAL INSTRUMENTS,"T-NOTES, 1-2 YEAR",Interest Rates - U.S. Treasury,19.1,20.9,30.2,31.6,16.3,15.1,24.9,24.1,UST 2Y NOTE,"(CONTRACTS OF $200,000 FACE VALUE)",85453,233839,6885,FutOnly,180320042601F,416051,509510,122938,2-YEAR U.S. TREASURY NOTES - CHICAGO BOARD OF TRADE,128956,177345,1915145,116183,271833,18282,42.2,18.9,11.1,4.5,12.2,0.4,21.7,26.6,6.4,6.7,9.3,6.1,14.2,1.0,93.3,90.7,100.0,2018-03-20T00:00:00.000,1786189,1737800,79,48,55,12,34,6,55,65,40,22,30,5,345,211,240,2018 Report Week 12
1255548,682507,406273,138,13874A,CME,CHI,F20,-149721,24458,78735,34837,98795,37937,89931,-41010,11514,94491,3255,217053,19675,3715,-346,122562,213798,,,S&P BROAD BASED STOCK INDICES,,12.6,18.9,21.0,29.7,8.9,17.6,15.2,26.7,E-MINI S&P 500,($50 X S&P 500 INDEX),180526,890947,73346,FutOnly,18032713874AF,423760,403739,93120,E-MINI S&P 500 STOCK INDEX - CHICAGO MERCANTILE EXCHANGE,389265,232725,2974542,137497,176678,15207,42.2,22.9,13.7,6.1,30.0,2.5,14.2,13.6,3.1,13.1,7.8,4.6,5.9,0.5,86.9,92.2,100.0,2018-03-27T00:00:00.000,2585277,2741817,148,101,96,30,42,19,80,101,65,39,35,11,576,384,383,2018 Report Week 13
1537974,897813,443945,043,043602,CBT,CHI,F30,39924,18471,-9308,-40624,-29128,26031,-30950,-66018,9570,13535,5947,-19672,-29627,22986,1777,-33207,-25619,"T-NOTES, 6.5-10 YEAR",FINANCIAL INSTRUMENTS,"T-NOTES, 6.5-10 YEAR",Interest Rates - U.S. Treasury,26.3,13.9,37.1,23.1,22.6,12.5,32.0,18.6,UST 10Y NOTE,"(CONTRACTS OF $100,000 FACE VALUE)",109685,206080,78337,FutOnly,180327043602F,493983,891615,129825,10-YEAR U.S. TREASURY NOTES - CHICAGO BOARD OF TRADE,336149,566376,3505282,351635,267542,23749,43.9,25.6,12.7,3.1,5.9,2.2,14.1,25.4,3.7,9.6,16.2,10.0,7.6,0.7,90.4,83.8,100.0,2018-03-27T00:00:00.000,3169133,2938906,82,99,91,23,40,12,46,85,47,20,34,14,429,263,330,2018 Report Week 13
732276,394680,224930,042,042601,CBT,CHI,F30,-75415,32873,12224,-19710,-25754,2320,76519,-14052,-7306,2008,-2155,-1084,7489,-21,787,-3092,1071,"T-NOTES, 1-2 YEAR",FINANCIAL INSTRUMENTS,"T-NOTES, 1-2 YEAR",Interest Rates - U.S. Treasury,17.4,21.0,28.4,30.5,15.4,14.1,23.6,23.3,UST 2Y NOTE,"(CONTRACTS OF $200,000 FACE VALUE)",65743,208085,9205,FutOnly,180327042601F,492570,495458,115632,2-YEAR U.S. TREASURY NOTES - CHICAGO BOARD OF TRADE,130964,175190,1914061,123672,271812,19069,38.3,20.6,11.8,3.4,10.9,0.5,25.7,25.9,6.0,6.8,9.2,6.5,14.2,1.0,93.2,90.8,100.0,2018-03-27T00:00:00.000,1783097,1738871,78,50,58,14,34,6,58,63,37,21,30,6,348,218,237,2018 Report Week 13
1234369,735246,402645,138,13874A,CME,CHI,F20,-21179,52739,-3628,16451,-20362,32433,-5409,18697,-7969,65778,-1115,77903,-877,4805,2303,12125,79018,,,S&P BROAD BASED STOCK INDICES,,12.2,20.2,20.5,30.5,8.9,17.5,14.8,26.5,E-MINI S&P 500,($50 X S&P 500 INDEX),196977,870585,105779,FutOnly,18040313874AF,418351,422436,85151,E-MINI S&P 500 STOCK INDEX - CHICAGO MERCANTILE EXCHANGE,455043,231610,3052445,136620,181483,17510,40.4,24.1,13.2,6.5,28.5,3.5,13.7,13.8,2.8,14.9,7.6,4.5,5.9,0.6,85.1,92.4,100.0,2018-04-03T00:00:00.000,2597402,2820835,154,99,99,29,44,23,81,97,64,38,35,13,577,388,388,2018 Report Week 14
1550790,796907,441584,043,043602,CBT,CHI,F30,12816,-100906,-2361,28033,-9078,-7060,-101834,89351,814,10772,-28768,-65963,-3112,-3924,-4031,-76735,-37195,"T-NOTES, 6.5-10 YEAR",FINANCIAL INSTRUMENTS,"T-NOTES, 6.5-10 YEAR",Interest Rates - U.S. Treasury,26.4,13.8,37.3,22.3,22.8,12.6,32.0,19.0,UST 10Y NOTE,"(CONTRACTS OF $100,000 FACE VALUE)",137718,197002,71277,FutOnly,180403043602F,392149,980966,130639,10-YEAR U.S. TREASURY NOTES - CHICAGO BOARD OF TRADE,346921,537608,3439319,348523,263618,19718,45.1,23.2,12.8,4.0,5.7,2.1,11.4,28.5,3.8,10.1,15.6,10.1,7.7,0.6,89.9,84.4,100.0,2018-04-03T00:00:00.000,3092398,2901711,85,91,94,24,39,13,48,99,50,22,29,11,437,271,334,2018 Report Week 14
678164,433944,234893,042,042601,CBT,CHI,F30,-54112,39264,9963,-9587,-22896,4836,42513,27260,-10654,-679,-6960,4098,21845,-36688,-27,4777,11058,"T-NOTES, 1-2 YEAR",FINANCIAL INSTRUMENTS,"T-NOTES, 1-2 YEAR",Interest Rates - U.S. Treasury,17.5,20.9,28.7,30.3,16.0,14.1,24.4,22.8,UST 2Y NOTE,"(CONTRACTS OF $200,000 FACE VALUE)",56156,185189,14041,FutOnly,180403042601F,535083,522718,104978,2-YEAR U.S. TREASURY NOTES - CHICAGO BOARD OF TRADE,130285,168230,1918159,145517,235124,19042,35.4,22.6,12.2,2.9,9.7,0.7,27.9,27.3,5.5,6.8,8.8,7.6,12.3,1.0,93.2,91.2,100.0,2018-04-03T00:00:00.000,1787874,1749929,73,50,55,12,34,6,62,63,35,22,30,6,346,215,233,2018 Report Week 14
1214577,654356,399360,138,13874A,CME,CHI,F20,-19792,-80890,-3285,-4939,36733,726,-21548,11506,1433,17896,10671,-22205,6465,62,839,-40101,-32876,,,S&P BROAD BASED STOCK INDICES,,12.3,19.2,20.3,29.3,9.3,18.7,15.0,27.3,E-MINI S&P 500,($50 X S&P 500 INDEX),192038,907318,106505,FutOnly,18041013874AF,396803,433942,86584,E-MINI S&P 500 STOCK INDEX - CHICAGO MERCANTILE EXCHANGE,472939,242281,3030240,143085,181545,18349,40.1,21.6,13.2,6.3,29.9,3.5,13.1,14.3,2.9,15.6,8.0,4.7,6.0,0.6,84.4,92.0,100.0,2018-04-10T00:00:00.000,2557301,2787959,151,98,100,29,42,22,79,91,64,39,33,13,563,385,377,2018 Report Week 15
1570910,817343,421587,043,043602,CBT,CHI,F30,20120,20436,-19997,-36601,-8930,-9463,63388,25838,-4138,-3776,10880,26162,14198,9105,2431,29938,15282,"T-NOTES, 6.5-10 YEAR",FINANCIAL INSTRUMENTS,"T-NOTES, 6.5-10 YEAR",Interest Rates - U.S. Treasury,27.4,13.4,38.7,22.6,23.9,13.0,33.6,20.2,UST 10Y NOTE,"(CONTRACTS OF $100,000 FACE VALUE)",101117,188072,61814,FutOnly,180410043602F,455537,1006804,126501,10-YEAR U.S. TREASURY NOTES - CHICAGO BOARD OF TRADE,343145,548488,3465481,362721,272723,22149,45.3,23.6,12.2,2.9,5.4,1.8,13.1,29.1,3.7,9.9,15.8,10.5,7.9,0.6,90.1,84.2,100.0,2018-04-10T00:00:00.000,3122336,2916993,85,95,93,25,39,17,49,93,54,23,31,13,440,279,338,2018 Report Week 15
655437,470090,230203,042,042601,CBT,CHI,F30,-22727,36146,-4690,-10970,-17737,266,17448,-14520,-5311,-287,10173,15295,42263,11665,-697,15582,5122,"T-NOTES, 1-2 YEAR",FINANCIAL INSTRUMENTS,"T-NOTES, 1-2 YEAR",Interest Rates - U.S. Treasury,17.7,20.7,29.1,31.0,16.3,14.4,25.0,24.0,UST 2Y NOTE,"(CONTRACTS OF $200,000 FACE VALUE)",45186,167452,14307,FutOnly,180410042601F,552531,508198,99667,2-YEAR U.S. TREASURY NOTES - CHICAGO BOARD OF TRADE,129998,178403,1933454,187780,246789,18345,33.9,24.3,11.9,2.3,8.7,0.7,28.6,26.3,5.2,6.7,9.2,9.7,12.8,0.9,93.3,90.8,100.0,2018-04-10T00:00:00.000,1803456,1755051,72,50,56,12,33,7,57,61,36,22,27,5,334,209,229,2018 Report Week 15
1303859,666036,319010,138,13874A,CME,CHI,F20,89282,11680,-80350,-23495,40142,9856,-26945,-4322,13492,1884,-4490,-22549,-6756,-9040,483,-24433,-18059,,,S&P BROAD BASED STOCK INDICES,,11.9,19.4,20.6,28.2,9.7,19.2,16.3,27.9,E-MINI S&P 500,($50 X S&P 500 INDEX),168543,947460,116361,FutOnly,18041713874AF,369858,429620,100076,E-MINI S&P 500 STOCK INDEX - CHICAGO MERCANTILE EXCHANGE,474823,237791,3007691,136329,172505,18832,43.4,22.1,10.6,5.6,31.5,3.9,12.3,14.3,3.3,15.8,7.9,4.5,5.7,0.6,84.2,92.1,100.0,2018-04-17T00:00:00.000,2532868,2769900,155,101,97,29,44,25,79,101,70,32,26,12,567,387,384,2018 Report Week 16
1632673,866027,420615,043,043602,CBT,CHI,F30,61763,48684,-972,20357,25260,2258,18900,58918,1581,9426,-23784,114038,-3939,-2571,4664,104612,137822,"T-NOTES, 6.5-10 YEAR",FINANCIAL INSTRUMENTS,"T-NOTES, 6.5-10 YEAR",Interest Rates - U.S. Treasury,27.3,13.5,38.5,22.5,24.0,12.9,33.4,20.0,UST 10Y NOTE,"(CONTRACTS OF $100,000 FACE VALUE)",121474,213332,64072,FutOnly,180417043602F,474437,1065722,128082,10-YEAR U.S. TREASURY NOTES - CHICAGO BOARD OF TRADE,352571,524704,3579519,358782,270152,26813,45.6,24.2,11.8,3.4,6.0,1.8,13.3,29.8,3.6,9.8,14.7,10.0,7.5,0.7,90.2,85.3,100.0,2018-04-17T00:00:00.000,3226948,3054815,84,103,94,27,38,15,47,99,63,20,27,15,445,288,344,2018 Report Week 16
665355,509225,260786,042,042601,CBT,CHI,F30,9918,39135,30583,2353,-38255,8004,-7592,808,8474,-54,2064,62018,9885,10758,447,62072,59954,"T-NOTES, 1-2 YEAR",FINANCIAL INSTRUMENTS,"T-NOTES, 1-2 YEAR",Interest Rates - U.S. Treasury,19.9,22.4,31.9,32.5,17.8,16.7,26.9,25.2,UST 2Y NOTE,"(CONTRACTS OF $200,000 FACE VALUE)",47539,129197,22311,FutOnly,180417042601F,544939,509006,108141,2-YEAR U.S. TREASURY NOTES - CHICAGO BOARD OF TRADE,129944,180467,1995472,197665,257547,18792,33.3,25.5,13.1,2.4,6.5,1.1,27.3,25.5,5.4,6.5,9.0,9.9,12.9,0.9,93.5,91.0,100.0,2018-04-17T00:00:00.000,1865528,1815005,72,52,56,13,30,7,64,60,36,20,30,7,341,217,230,2018 Report Week 16
1283288,666882,309860,138,13874A,CME,CHI,F20,-20571,846,-9150,-5012,76652,-7938,55191,13845,-10665,16991,-12374,33108,15737,-16633,-1475,16117,45482,,,S&P BROAD BASED STOCK INDICES,,11.4,22.0,19.9,30.2,9.7,21.8,16.6,29.9,E-MINI S&P 500,($50 X S&P 500 INDEX),163531,1024112,108423,FutOnly,18042413874AF,425049,443465,89411,E-MINI S&P 500 STOCK INDEX - CHICAGO MERCANTILE EXCHANGE,491814,225417,3040799,152066,155872,17357,42.2,21.9,10.2,5.4,33.7,3.6,14.0,14.6,2.9,16.2,7.4,5.0,5.1,0.6,83.8,92.6,100.0,2018-04-24T00:00:00.000,2548985,2815382,161,95,97,29,43,26,80,109,71,35,26,10,578,397,385,2018 Report Week 17
1747454,962956,436167,043,043602,CBT,CHI,F30,114781,96929,15552,18217,-32671,12815,-52658,18050,42078,18867,50814,205192,38184,4269,-2644,186325,154378,"T-NOTES, 6.5-10 YEAR",FINANCIAL INSTRUMENTS,"T-NOTES, 6.5-10 YEAR",Interest Rates - U.S. Treasury,27.6,12.7,39.5,21.8,25.1,12.0,34.7,19.0,UST 10Y NOTE,"(CONTRACTS OF $100,000 FACE VALUE)",139691,180661,76887,FutOnly,180424043602F,421779,1083772,170160,10-YEAR U.S. TREASURY NOTES - CHICAGO BOARD OF TRADE,371438,575518,3784711,396966,274421,24169,46.2,25.4,11.5,3.7,4.8,2.0,11.1,28.6,4.5,9.8,15.2,10.5,7.3,0.6,90.2,84.8,100.0,2018-04-24T00:00:00.000,3413273,3209193,80,96,90,33,32,19,46,104,54,16,25,8,432,268,335,2018 Report Week 17
723552,497356,242909,042,042601,CBT,CHI,F30,58197,-11869,-17877,-14348,22187,928,-90940,-35961,33707,-627,2658,101,30686,5953,375,728,-2557,"T-NOTES, 1-2 YEAR",FINANCIAL INSTRUMENTS,"T-NOTES, 1-2 YEAR",Interest Rates - U.S. Treasury,19.9,21.9,32.4,33.7,17.9,17.6,27.6,26.2,UST 2Y NOTE,"(CONTRACTS OF $200,000 FACE VALUE)",33191,151384,23239,FutOnly,180424042601F,453999,473045,141848,2-YEAR U.S. TREASURY NOTES - CHICAGO BOARD OF TRADE,129317,183125,1995573,228351,263500,19167,36.3,24.9,12.2,1.7,7.6,1.2,22.8,23.7,7.1,6.5,9.2,11.4,13.2,1.0,93.5,90.8,100.0,2018-04-24T00:00:00.000,1866256,1812448,76,48,60,11,36,10,58,62,42,22,28,7,341,224,236,2018 Report Week 17
1233427,725442,327251,138,13874A,CME,CHI,F20,-49861,58560,17391,-3420,-12204,-11136,23871,-78115,-16154,6634,680,-46187,-13666,-5363,154,-52821,-46867,,,S&P BROAD BASED STOCK INDICES,,10.7,22.4,19.0,30.5,9.2,22.1,15.7,30.1,E-MINI S&P 500,($50 X S&P 500 INDEX),160111,1011908,97287,FutOnly,18050113874AF,448920,365350,73257,E-MINI S&P 500 STOCK INDEX - CHICAGO MERCANTILE EXCHANGE,498448,226097,2994612,138400,150509,17511,41.2,24.2,10.9,5.3,33.8,3.2,15.0,12.2,2.4,16.6,7.6,4.6,5.0,0.6,83.4,92.4,100.0,2018-05-01T00:00:00.000,2496164,2768515,158,97,105,28,42,26,80,98,67,32,27,10,562,393,377,2018 Report Week 18
1691158,884844,449173,043,043602,CBT,CHI,F30,-56296,-78112,13006,-22531,2221,15236,14151,415,-47800,-8037,1613,-93107,-1795,-645,959,-85070,-94720,"T-NOTES, 6.5-10 YEAR",FINANCIAL INSTRUMENTS,"T-NOTES, 6.5-10 YEAR",Interest Rates - U.S. Treasury,28.2,12.6,40.5,20.8,26.0,11.8,35.8,18.5,UST 10Y NOTE,"(CONTRACTS OF $100,000 FACE VALUE)",117160,182882,92123,FutOnly,180501043602F,435930,1084187,122360,10-YEAR U.S. TREASURY NOTES - CHICAGO BOARD OF TRADE,363401,577131,3691604,395171,273776,25128,45.8,24.0,12.2,3.2,5.0,2.5,11.8,29.4,3.3,9.8,15.6,10.7,7.4,0.7,90.2,84.4,100.0,2018-05-01T00:00:00.000,3328203,3114473,78,94,88,30,39,21,46,100,49,17,27,11,431,262,338,2018 Report Week 18
746055,518390,243840,042,042601,CBT,CHI,F30,22503,21034,931,2719,3893,3888,-6774,13144,-20131,6492,-4186,2175,-7884,-16829,431,-4317,6361,"T-NOTES, 1-2 YEAR",FINANCIAL INSTRUMENTS,"T-NOTES, 1-2 YEAR",Interest Rates - U.S. Treasury,20.7,22.1,33.1,34.4,18.2,18.7,27.9,27.7,UST 2Y NOTE,"(CONTRACTS OF $200,000 FACE VALUE)",35910,155277,27127,FutOnly,180501042601F,447225,486189,121717,2-YEAR U.S. TREASURY NOTES - CHICAGO BOARD OF TRADE,135809,178939,1997748,220467,246671,19598,37.3,25.9,12.2,1.8,7.8,1.4,22.4,24.3,6.1,6.8,9.0,11.0,12.3,1.0,93.2,91.0,100.0,2018-05-01T00:00:00.000,1861939,1818809,76,49,59,11,36,9,54,63,41,20,27,7,336,217,235,2018 Report Week 18
1222784,715674,340312,138,13874A,CME,CHI,F20,-10643,-9768,13061,16335,-58609,2292,-52826,35536,-6692,33736,3438,-5208,-3593,12412,3122,-38944,-8646,,,S&P BROAD BASED STOCK INDICES,,10.5,20.5,18.8,28.9,9.2,20.2,15.6,28.5,E-MINI S&P 500,($50 X S&P 500 INDEX),176446,953299,99579,FutOnly,18050813874AF,396094,400886,66565,E-MINI S&P 500 STOCK INDEX - CHICAGO MERCANTILE EXCHANGE,532184,229535,2989404,134807,162921,20633,40.9,23.9,11.4,5.9,31.9,3.3,13.2,13.4,2.2,17.8,7.7,4.5,5.4,0.7,82.2,92.3,100.0,2018-05-08T00:00:00.000,2457220,2759869,166,95,100,30,40,25,77,105,68,32,26,13,571,399,378,2018 Report Week 19
1705860,875717,451712,043,043602,CBT,CHI,F30,14702,-9127,2539,9124,32591,-18264,48394,37935,11055,-15862,1631,61036,6807,135,2541,76898,59405,"T-NOTES, 6.5-10 YEAR",FINANCIAL INSTRUMENTS,"T-NOTES, 6.5-10 YEAR",Interest Rates - U.S. Treasury,27.1,13.1,39.2,22.0,25.0,11.9,34.4,19.2,UST 10Y NOTE,"(CONTRACTS OF $100,000 FACE VALUE)",126284,215473,73859,FutOnly,180508043602F,484324,1122122,133415,10-YEAR U.S. TREASURY NOTES - CHICAGO BOARD OF TRADE,347539,578762,3752640,401978,273911,27669,45.5,23.3,12.0,3.4,5.7,2.0,12.9,29.9,3.6,9.3,15.4,10.7,7.3,0.7,90.7,84.6,100.0,2018-05-08T00:00:00.000,3405101,3173878,82,96,92,28,39,21,47,100,51,19,28,12,439,273,342,2018 Report Week 19
772461,518520,249854,042,042601,CBT,CHI,F30,26406,130,6014,8726,-7625,10400,2390,47996,32925,-2483,3220,89676,4059,-4623,1239,92159,86456,"T-NOTES, 1-2 YEAR",FINANCIAL INSTRUMENTS,"T-NOTES, 1-2 YEAR",Interest Rates - U.S. Treasury,20.7,21.5,32.9,33.1,16.9,18.3,26.5,27.3,UST 2Y NOTE,"(CONTRACTS OF $200,000 FACE VALUE)",44636,147652,37527,FutOnly,180508042601F,449615,534185,154642,2-YEAR U.S. TREASURY NOTES - CHICAGO BOARD OF TRADE,133326,182159,2087424,224526,242048,20837,37.0,24.8,12.0,2.1,7.1,1.8,21.5,25.6,7.4,6.4,8.7,10.8,11.6,1.0,93.6,91.3,100.0,2018-05-08T00:00:00.000,1954098,1905265,77,49,59,14,32,10,53,64,43,23,26,8,338,224,234,2018 Report Week 19
1235608,735250,345281,138,13874A,CME,CHI,F20,12824,19576,4969,-4955,-24900,4374,5387,20194,22955,16736,6817,66218,1266,9571,2662,49482,59401,,,S&P BROAD BASED STOCK INDICES,,10.3,20.3,18.8,29.9,9.0,19.9,15.4,27.8,E-MINI S&P 500,($50 X S&P 500 INDEX),171491,928399,103953,FutOnly,18051513874AF,401481,421080,89520,E-MINI S&P 500 STOCK INDEX - CHICAGO MERCANTILE EXCHANGE,548920,236352,3055622,136073,172492,23295,40.4,24.1,11.3,5.6,30.4,3.4,13.1,13.8,2.9,18.0,7.7,4.5,5.6,0.8,82.0,92.3,100.0,2018-05-15T00:00:00.000,2506702,2819270,168,89,96,33,39,28,82,106,73,35,30,13,582,405,387,2018 Report Week 20
1678271,913502,477566,043,043602,CBT,CHI,F30,-27589,37785,25854,-15923,28132,15930,10586,-74664,46127,32204,36042,109886,23036,-4981,-339,77682,73844,"T-NOTES, 6.5-10 YEAR",FINANCIAL INSTRUMENTS,"T-NOTES, 6.5-10 YEAR",Interest Rates - U.S. Treasury,25.9,12.2,37.8,20.7,23.8,10.3,33.2,17.0,UST 10Y NOTE,"(CONTRACTS OF $100,000 FACE VALUE)",110361,243605,89789,FutOnly,180515043602F,494910,1047458,179542,10-YEAR U.S. TREASURY NOTES - CHICAGO BOARD OF TRADE,379743,614804,3862526,425014,268930,27330,43.5,23.7,12.4,2.9,6.3,2.3,12.8,27.1,4.6,9.8,15.9,11.0,7.0,0.7,90.2,84.1,100.0,2018-05-15T00:00:00.000,3482783,3247722,85,98,97,26,42,24,58,90,55,20,28,14,447,289,348,2018 Report Week 20
758066,524180,270695,042,042601,CBT,CHI,F30,-14395,5660,20841,-13186,24015,6547,8661,-38628,123456,1396,766,142851,12131,2794,-2600,141455,142085,"T-NOTES, 1-2 YEAR",FINANCIAL INSTRUMENTS,"T-NOTES, 1-2 YEAR",Interest Rates - U.S. Treasury,22.5,21.3,34.2,32.7,16.1,16.3,25.1,24.7,UST 2Y NOTE,"(CONTRACTS OF $200,000 FACE VALUE)",31450,171667,44074,FutOnly,180515042601F,458276,495557,278098,2-YEAR U.S. TREASURY NOTES - CHICAGO BOARD OF TRADE,134722,182925,2230275,236657,244842,18237,34.0,23.5,12.1,1.4,7.7,2.0,20.5,22.2,12.5,6.0,8.2,10.6,11.0,0.8,94.0,91.8,100.0,2018-05-15T00:00:00.000,2095553,2047350,75,50,61,13,33,12,57,68,44,24,25,4,345,225,241,2018 Report Week 20
1673845,877314,508706,043,043602,CBT,CHI,F30,-4426,-36188,31140,-1523,71419,27634,4979,-7302,146444,-30394,6131,212256,16443,-48981,21959,242650,206125,"T-NOTES, 6.5-10 YEAR",FINANCIAL INSTRUMENTS,"T-NOTES, 6.5-10 YEAR",Interest Rates - U.S. Treasury,26.2,13.2,36.4,21.4,24.0,9.6,31.6,16.1,UST 10Y NOTE,"(CONTRACTS OF $100,000 FACE VALUE)",108838,315024,117423,FutOnly,180522043602F,499889,1040156,325986,10-YEAR U.S. TREASURY NOTES - CHICAGO BOARD OF TRADE,349349,620935,4074782,441457,219949,49289,41.1,21.5,12.5,2.7,7.7,2.9,12.3,25.5,8.0,8.6,15.2,10.8,5.4,1.2,91.4,84.8,100.0,2018-05-22T00:00:00.000,3725433,3453847,79,100,104,27,45,27,51,95,55,25,27,17,450,293,360,2018 Report Week 21
1264657,832685,331953,138,13874A,CME,CHI,F20,29049,97435,-13328,19096,-32176,24125,4998,6813,-3942,24918,-8688,72778,-11967,2710,-171,47860,81466,,,S&P BROAD BASED STOCK INDICES,,10.2,22.8,18.7,32.6,8.7,20.4,15.3,29.9,E-MINI S&P 500,($50 X S&P 500 INDEX),190587,896223,128078,FutOnly,18052213874AF,406479,427893,85578,E-MINI S&P 500 STOCK INDEX - CHICAGO MERCANTILE EXCHANGE,573838,227664,3128400,124106,175202,23124,40.4,26.6,10.6,6.1,28.6,4.1,13.0,13.7,2.7,18.3,7.3,4.0,5.6,0.7,81.7,92.7,100.0,2018-05-22T00:00:00.000,2554562,2900736,168,84,93,35,42,28,73,104,71,33,26,15,566,399,374,2018 Report Week 21
774928,509419,253594,042,042601,CBT,CHI,F30,16862,-14761,-17101,-1227,29307,25276,11544,759,648,12820,15567,42749,4290,13417,-10363,29929,27182,"T-NOTES, 1-2 YEAR",FINANCIAL INSTRUMENTS,"T-NOTES, 1-2 YEAR",Interest Rates - U.S. Treasury,22.6,20.8,34.1,33.1,15.8,16.3,24.6,23.7,UST 2Y NOTE,"(CONTRACTS OF $200,000 FACE VALUE)",30223,200974,69350,FutOnly,180522042601F,469820,496316,278746,2-YEAR U.S. TREASURY NOTES - CHICAGO BOARD OF TRADE,147542,198492,2273024,240947,258259,7874,34.1,22.4,11.2,1.3,8.8,3.1,20.7,21.8,12.3,6.5,8.7,10.6,11.4,0.3,93.5,91.3,100.0,2018-05-22T00:00:00.000,2125482,2074532,77,48,56,12,38,10,57,66,47,22,23,5,344,224,238,2018 Report Week 21
1242910,857380,327733,138,13874A,CME,CHI,F20,-21747,24695,-4220,22054,-33929,43334,-843,43178,-10253,55829,11290,81103,-3622,6437,571,25274,69813,,,S&P BROAD BASED STOCK INDICES,,9.9,23.2,17.9,33.1,8.6,20.8,14.7,30.2,E-MINI S&P 500,($50 X S&P 500 INDEX),212641,862294,171412,FutOnly,18052913874AF,405636,471071,75325,E-MINI S&P 500 STOCK INDEX - CHICAGO MERCANTILE EXCHANGE,629667,238954,3209503,120484,181639,23695,38.7,26.7,10.2,6.6,26.9,5.3,12.6,14.7,2.3,19.6,7.4,3.8,5.7,0.7,80.4,92.6,100.0,2018-05-29T00:00:00.000,2579836,2970549,161,92,100,37,39,30,81,99,74,31,27,14,569,404,383,2018 Report Week 22
1645811,684730,542844,043,043602,CBT,CHI,F30,-28034,-192584,34138,23388,31984,-41964,-41881,67185,-7811,44774,1304,-81907,-47746,42612,-16771,-126681,-83211,"T-NOTES, 6.5-10 YEAR",FINANCIAL INSTRUMENTS,"T-NOTES, 6.5-10 YEAR",Interest Rates - U.S. Treasury,24.0,14.5,35.7,22.7,21.1,10.5,29.9,17.0,UST 10Y NOTE,"(CONTRACTS OF $100,000 FACE VALUE)",132226,347008,75459,FutOnly,180529043602F,458008,1107341,318175,10-YEAR U.S. TREASURY NOTES - CHICAGO BOARD OF TRADE,394123,622239,3992875,393711,262561,32518,41.2,17.1,13.6,3.3,8.7,1.9,11.5,27.7,8.0,9.9,15.6,9.9,6.6,0.8,90.1,84.4,100.0,2018-05-29T00:00:00.000,3598752,3370636,86,88,103,22,46,30,50,95,64,21,29,16,438,298,353,2018 Report Week 22
765143,417841,235573,042,042601,CBT,CHI,F30,-9785,-91578,-18021,-1855,32351,-44382,-56751,30379,-135312,19899,9388,-238942,11668,-17364,-4403,-258841,-248330,"T-NOTES, 1-2 YEAR",FINANCIAL INSTRUMENTS,"T-NOTES, 1-2 YEAR",Interest Rates - U.S. Treasury,17.8,18.0,29.5,28.5,16.5,14.7,25.9,23.1,UST 2Y NOTE,"(CONTRACTS OF $200,000 FACE VALUE)",28368,233325,24968,FutOnly,180529042601F,413069,526695,143434,2-YEAR U.S. TREASURY NOTES - CHICAGO BOARD OF TRADE,167441,207880,2034082,252615,240895,3471,37.6,20.5,11.6,1.4,11.5,1.2,20.3,25.9,7.1,8.2,10.2,12.4,11.8,0.2,91.8,89.8,100.0,2018-05-29T00:00:00.000,1866641,1826202,81,42,59,13,41,20,52,63,49,20,26,7,338,225,248,2018 Report Week 22
1269321,855048,328701,138,13874A,CME,CHI,F20,26411,-2332,968,-15331,-1382,21103,-45497,-25290,27454,12299,5299,33114,-3601,-2014,9308,20815,27815,,,S&P BROAD BASED STOCK INDICES,,9.0,23.4,17.0,33.5,7.7,21.0,14.0,30.4,E-MINI S&P 500,($50 X S&P 500 INDEX),197310,860912,192515,FutOnly,18060513874AF,360139,445781,102779,E-MINI S&P 500 STOCK INDEX - CHICAGO MERCANTILE EXCHANGE,641966,244253,3242617,116883,179625,33003,39.1,26.4,10.1,6.1,26.5,5.9,11.1,13.7,3.2,19.8,7.5,3.6,5.5,1.0,80.2,92.5,100.0,2018-06-05T00:00:00.000,2600651,2998364,163,88,98,36,38,30,75,99,81,31,28,16,559,405,379,2018 Report Week 23
1585248,676404,502793,043,043602,CBT,CHI,F30,-60563,-8326,-40051,-24796,1092,-54017,-31957,-70515,-186473,-66169,-111381,-469087,-4602,1043,-459,-402918,-357706,"T-NOTES, 6.5-10 YEAR",FINANCIAL INSTRUMENTS,"T-NOTES, 6.5-10 YEAR",Interest Rates - U.S. Treasury,26.5,12.9,38.2,20.7,23.6,11.2,33.5,16.9,UST 10Y NOTE,"(CONTRACTS OF $100,000 FACE VALUE)",107430,348100,21442,FutOnly,180605043602F,426051,1036826,131702,10-YEAR U.S. TREASURY NOTES - CHICAGO BOARD OF TRADE,327954,510858,3523788,389109,263604,32059,45.0,19.2,14.3,3.0,9.9,0.6,12.1,29.4,3.7,9.3,14.5,11.0,7.5,0.9,90.7,85.5,100.0,2018-06-05T00:00:00.000,3195834,3012930,87,93,99,21,54,17,52,98,48,20,33,12,458,273,361,2018 Report Week 23
745023,374873,235287,042,042601,CBT,CHI,F30,-20120,-42968,-286,8718,-58870,-4709,-54207,-19878,-66216,-38772,-40938,-220851,-44021,14252,-1238,-182079,-179913,"T-NOTES, 1-2 YEAR",FINANCIAL INSTRUMENTS,"T-NOTES, 1-2 YEAR",Interest Rates - U.S. Treasury,16.4,21.0,27.8,31.6,14.4,17.7,24.1,26.6,UST 2Y NOTE,"(CONTRACTS OF $200,000 FACE VALUE)",37086,174455,20259,FutOnly,180605042601F,358862,506817,77218,2-YEAR U.S. TREASURY NOTES - CHICAGO BOARD OF TRADE,128669,166942,1813231,208594,255147,2233,41.1,20.7,13.0,2.0,9.6,1.1,19.8,28.0,4.3,7.1,9.2,11.5,14.1,0.1,92.9,90.8,100.0,2018-06-05T00:00:00.000,1684562,1646289,77,46,63,13,32,6,50,61,38,25,24,4,328,212,227,2018 Report Week 23
1351669,852426,411995,138,13874A,CME,CHI,F20,82348,-2622,83294,-30663,43304,-58241,11524,23326,67306,30192,10774,168525,-21709,-3090,4474,138333,157751,,,S&P BROAD BASED STOCK INDICES,,10.3,21.9,18.2,32.0,7.7,19.4,13.6,28.4,E-MINI S&P 500,($50 X S&P 500 INDEX),166647,904216,134274,FutOnly,18061213874AF,371663,469107,170085,E-MINI S&P 500 STOCK INDEX - CHICAGO MERCANTILE EXCHANGE,672158,255027,3411142,95174,176535,37477,39.6,25.0,12.1,4.9,26.5,3.9,10.9,13.8,5.0,19.7,7.5,2.8,5.2,1.1,80.3,92.5,100.0,2018-06-12T00:00:00.000,2738984,3156115,171,87,105,32,43,37,78,97,93,33,29,23,571,427,402,2018 Report Week 24
1497020,674561,489771,043,043602,CBT,CHI,F30,-88228,-1843,-13022,11183,-21046,-11476,-36592,-71305,-2616,78,27448,-112239,30337,-16476,-1903,-112317,-139687,"T-NOTES, 6.5-10 YEAR",FINANCIAL INSTRUMENTS,"T-NOTES, 6.5-10 YEAR",Interest Rates - U.S. Treasury,27.1,12.5,37.1,20.0,23.7,11.0,32.0,16.3,UST 10Y NOTE,"(CONTRACTS OF $100,000 FACE VALUE)",118613,327054,9966,FutOnly,180612043602F,389459,965521,129086,10-YEAR U.S. TREASURY NOTES - CHICAGO BOARD OF TRADE,328032,538306,3411549,419446,247128,30156,43.9,19.8,14.4,3.5,9.6,0.3,11.4,28.3,3.8,9.6,15.8,12.3,7.2,0.9,90.4,84.2,100.0,2018-06-12T00:00:00.000,3083517,2873243,86,99,99,24,43,14,52,97,45,24,29,12,454,276,348,2018 Report Week 24
748544,360235,231714,042,042601,CBT,CHI,F30,3521,-14638,-3573,2984,10191,-1284,-22042,-9177,-14479,-2616,1624,-25866,11530,5377,93,-23250,-27490,"T-NOTES, 1-2 YEAR",FINANCIAL INSTRUMENTS,"T-NOTES, 1-2 YEAR",Interest Rates - U.S. Treasury,17.2,21.2,28.7,32.0,15.7,17.9,24.8,27.4,UST 2Y NOTE,"(CONTRACTS OF $200,000 FACE VALUE)",40070,184646,18975,FutOnly,180612042601F,336820,497640,62739,2-YEAR U.S. TREASURY NOTES - CHICAGO BOARD OF TRADE,126053,168566,1787365,220124,260524,2326,41.9,20.2,13.0,2.2,10.3,1.1,18.8,27.8,3.5,7.1,9.4,12.3,14.6,0.1,92.9,90.6,100.0,2018-06-12T00:00:00.000,1661312,1618799,74,46,60,14,35,7,51,61,35,25,22,5,328,211,224,2018 Report Week 24
1449532,835902,283238,138,13874A,CME,CHI,F20,97863,-16524,-128757,-62436,-316683,-105013,-57444,-56489,-100871,-371737,-4944,-731981,5605,6491,-9191,-360244,-727037,,,S&P BROAD BASED STOCK INDICES,,13.2,23.8,23.1,33.4,11.7,21.6,19.7,31.2,E-MINI S&P 500,($50 X S&P 500 INDEX),104211,587533,29261,FutOnly,18061913874AF,314219,412618,69214,E-MINI S&P 500 STOCK INDEX - CHICAGO MERCANTILE EXCHANGE,300421,250083,2679161,100779,183026,28286,54.1,31.2,10.6,3.9,21.9,1.1,11.7,15.4,2.6,11.2,9.3,3.8,6.8,1.1,88.8,90.7,100.0,2018-06-19T00:00:00.000,2378740,2429078,171,83,100,29,39,20,81,101,65,30,33,15,567,384,383,2018 Report Week 25
1467147,703288,518939,043,043602,CBT,CHI,F30,-29873,28727,29168,36074,-18580,-1945,8016,19433,709,-6079,-12649,39338,5747,-3046,-2479,45417,51987,"T-NOTES, 6.5-10 YEAR",FINANCIAL INSTRUMENTS,"T-NOTES, 6.5-10 YEAR",Interest Rates - U.S. Treasury,26.6,12.4,34.9,20.3,22.8,11.0,29.7,16.4,UST 10Y NOTE,"(CONTRACTS OF $100,000 FACE VALUE)",154687,308474,8021,FutOnly,180619043602F,397475,984954,129795,10-YEAR U.S. TREASURY NOTES - CHICAGO BOARD OF TRADE,321953,525657,3450887,425193,244082,27677,42.5,20.4,15.0,4.5,8.9,0.2,11.5,28.5,3.8,9.3,15.2,12.3,7.1,0.8,90.7,84.8,100.0,2018-06-19T00:00:00.000,3128934,2925230,83,99,94,31,37,11,60,86,49,23,32,12,451,283,334,2018 Report Week 25
759443,384860,231123,042,042601,CBT,CHI,F30,10899,24625,-591,9184,1413,-6765,19017,-4825,-2212,-6409,9482,29052,6138,8134,-209,35461,19570,"T-NOTES, 1-2 YEAR",FINANCIAL INSTRUMENTS,"T-NOTES, 1-2 YEAR",Interest Rates - U.S. Treasury,17.9,20.0,29.1,31.4,15.5,17.4,25.5,27.4,UST 2Y NOTE,"(CONTRACTS OF $200,000 FACE VALUE)",49254,186059,12210,FutOnly,180619042601F,355837,492815,60527,2-YEAR U.S. TREASURY NOTES - CHICAGO BOARD OF TRADE,119644,178048,1816417,226262,268658,2117,41.8,21.2,12.7,2.7,10.2,0.7,19.6,27.1,3.3,6.6,9.8,12.5,14.8,0.1,93.4,90.2,100.0,2018-06-19T00:00:00.000,1696773,1638369,79,46,63,12,31,4,52,59,35,27,19,4,325,214,217,2018 Report Week 25
1368518,866717,290509,138,13874A,CME,CHI,F20,-81014,30815,7271,11441,-48044,10783,21737,17073,-3006,20458,-7282,7857,18467,-1473,1720,-12601,15139,,,S&P BROAD BASED STOCK INDICES,,11.8,23.4,21.3,33.2,10.6,21.4,18.2,30.8,E-MINI S&P 500,($50 X S&P 500 INDEX),115652,539489,40044,FutOnly,18062613874AF,335956,429691,66208,E-MINI S&P 500 STOCK INDEX - CHICAGO MERCANTILE EXCHANGE,320879,242801,2687018,119246,181553,30006,50.9,32.3,10.8,4.3,20.1,1.5,12.5,16.0,2.5,11.9,9.0,4.4,6.8,1.1,88.1,91.0,100.0,2018-06-26T00:00:00.000,2366139,2444217,166,95,100,30,39,24,79,109,68,42,29,16,589,400,397,2018 Report Week 26
1563832,761214,471583,043,043602,CBT,CHI,F30,96685,57926,-47356,-17608,37303,3171,-22958,-20797,9379,18655,-17021,18048,-26099,-8736,4179,-607,35069,"T-NOTES, 6.5-10 YEAR",FINANCIAL INSTRUMENTS,"T-NOTES, 6.5-10 YEAR",Interest Rates - U.S. Treasury,27.7,13.5,35.8,21.6,23.9,11.3,31.0,17.7,UST 10Y NOTE,"(CONTRACTS OF $100,000 FACE VALUE)",137079,345777,11192,FutOnly,180626043602F,374517,964157,139174,10-YEAR U.S. TREASURY NOTES - CHICAGO BOARD OF TRADE,340608,508636,3468935,399094,235346,31856,45.1,21.9,13.6,4.0,10.0,0.3,10.8,27.8,4.0,9.8,14.7,11.5,6.8,0.9,90.2,85.3,100.0,2018-06-26T00:00:00.000,3128327,2960299,83,97,94,24,38,10,61,80,47,23,30,13,436,275,325,2018 Report Week 26
762540,370253,236367,042,042601,CBT,CHI,F30,3097,-14607,5244,2922,8899,4467,10183,27249,-3772,4363,-3028,35863,8795,10847,564,31500,38891,"T-NOTES, 1-2 YEAR",FINANCIAL INSTRUMENTS,"T-NOTES, 1-2 YEAR",Interest Rates - U.S. Treasury,18.3,20.9,29.6,31.3,15.9,18.7,26.0,27.3,UST 2Y NOTE,"(CONTRACTS OF $200,000 FACE VALUE)",52176,194958,16677,FutOnly,180626042601F,366020,520064,56755,2-YEAR U.S. TREASURY NOTES - CHICAGO BOARD OF TRADE,124007,175020,1852280,235057,279505,2681,41.2,20.0,12.8,2.8,10.5,0.9,19.8,28.1,3.1,6.7,9.4,12.7,15.1,0.1,93.3,90.6,100.0,2018-06-26T00:00:00.000,1728273,1677260,77,46,61,14,33,,57,59,35,25,24,5,335,217,222,2018 Report Week 26
1353492,874842,287247,138,13874A,CME,CHI,F20,-15026,8125,-3262,11874,7293,2567,-29306,-31517,5185,19269,-659,-9210,-7178,-3609,6667,-28479,-8551,,,S&P BROAD BASED STOCK INDICES,,11.7,23.3,20.9,33.1,10.4,21.3,17.6,30.6,E-MINI S&P 500,($50 X S&P 500 INDEX),127526,546782,42611,FutOnly,18070313874AF,306650,398174,71393,E-MINI S&P 500 STOCK INDEX - CHICAGO MERCANTILE EXCHANGE,340148,242142,2677808,112068,177944,36673,50.5,32.7,10.7,4.8,20.4,1.6,11.5,14.9,2.7,12.7,9.0,4.2,6.6,1.4,87.3,91.0,100.0,2018-07-03T00:00:00.000,2337660,2435666,165,98,100,33,39,19,81,108,67,40,28,17,592,400,395,2018 Report Week 27
1641303,715191,533237,043,043602,CBT,CHI,F30,77471,-46023,61654,-5818,19446,-3774,-2637,51003,30,-4150,-3786,103071,-13619,30607,-6086,107221,106857,"T-NOTES, 6.5-10 YEAR",FINANCIAL INSTRUMENTS,"T-NOTES, 6.5-10 YEAR",Interest Rates - U.S. Treasury,27.7,13.7,35.9,22.3,22.8,10.9,29.9,16.6,UST 10Y NOTE,"(CONTRACTS OF $100,000 FACE VALUE)",131261,365223,7418,FutOnly,180703043602F,371880,1015160,139204,10-YEAR U.S. TREASURY NOTES - CHICAGO BOARD OF TRADE,336458,504850,3572006,385475,265953,25770,45.9,20.0,14.9,3.7,10.2,0.2,10.4,28.4,3.9,9.4,14.1,10.8,7.4,0.7,90.6,85.9,100.0,2018-07-03T00:00:00.000,3235548,3067156,95,89,100,25,44,9,56,85,48,22,37,13,453,281,342,2018 Report Week 27
817766,350980,232274,042,042601,CBT,CHI,F30,55226,-19273,-4093,-5477,-16153,1814,-26088,103469,20883,1190,-3729,40796,-2634,-42097,-25,39606,44525,"T-NOTES, 1-2 YEAR",FINANCIAL INSTRUMENTS,"T-NOTES, 1-2 YEAR",Interest Rates - U.S. Treasury,18.3,21.4,30.1,32.1,15.3,19.4,25.6,28.6,UST 2Y NOTE,"(CONTRACTS OF $200,000 FACE VALUE)",46699,178805,18491,FutOnly,180703042601F,339932,623533,77638,2-YEAR U.S. TREASURY NOTES - CHICAGO BOARD OF TRADE,125197,171291,1893076,232423,237408,2656,43.2,18.5,12.3,2.5,9.4,1.0,18.0,32.9,4.1,6.6,9.0,12.3,12.5,0.1,93.4,91.0,100.0,2018-07-03T00:00:00.000,1767879,1721785,78,44,61,16,32,7,52,64,32,25,24,4,335,214,225,2018 Report Week 27
1385362,855232,293034,138,13874A,CME,CHI,F20,31870,-19610,5787,1736,-21317,20474,3416,36042,-19,-959,19780,43138,-17171,3997,-1996,44097,23358,,,S&P BROAD BASED STOCK INDICES,,11.3,22.3,21.1,31.8,10.1,19.8,18.0,28.7,E-MINI S&P 500,($50 X S&P 500 INDEX),129262,525465,63085,FutOnly,18071013874AF,310066,434216,71374,E-MINI S&P 500 STOCK INDEX - CHICAGO MERCANTILE EXCHANGE,339189,261922,2720946,94897,181941,34677,50.9,31.4,10.8,4.8,19.3,2.3,11.4,16.0,2.6,12.5,9.6,3.5,6.7,1.3,87.5,90.4,100.0,2018-07-10T00:00:00.000,2381757,2459024,167,95,98,29,44,19,71,115,68,32,37,15,590,381,409,2018 Report Week 28
1588075,741803,551729,043,043602,CBT,CHI,F30,-53228,26612,18492,7211,-23743,3989,28584,-12838,41553,-1201,5800,61046,14055,-410,1591,62247,55246,"T-NOTES, 6.5-10 YEAR",FINANCIAL INSTRUMENTS,"T-NOTES, 6.5-10 YEAR",Interest Rates - U.S. Treasury,27.2,14.9,35.2,24.8,21.9,11.6,29.0,18.0,UST 10Y NOTE,"(CONTRACTS OF $100,000 FACE VALUE)",138472,341480,11407,FutOnly,180710043602F,400464,1002322,180757,10-YEAR U.S. TREASURY NOTES - CHICAGO BOARD OF TRADE,335257,510650,3633052,399530,265543,27361,43.7,20.4,15.2,3.8,9.4,0.3,11.0,27.6,5.0,9.2,14.1,11.0,7.3,0.8,90.8,85.9,100.0,2018-07-10T00:00:00.000,3297795,3122402,95,89,102,22,49,10,56,81,47,21,36,14,449,283,339,2018 Report Week 28
832909,319292,239189,042,042601,CBT,CHI,F30,15143,-31688,6915,10884,18970,-3661,-7005,-34119,11016,-3515,1912,10951,-18834,41598,8,14466,9039,"T-NOTES, 1-2 YEAR",FINANCIAL INSTRUMENTS,"T-NOTES, 1-2 YEAR",Interest Rates - U.S. Treasury,19.4,21.1,31.2,32.9,15.3,18.9,26.3,28.2,UST 2Y NOTE,"(CONTRACTS OF $200,000 FACE VALUE)",57583,197775,14830,FutOnly,180710042601F,332927,589414,88654,2-YEAR U.S. TREASURY NOTES - CHICAGO BOARD OF TRADE,121682,173203,1904027,213589,279006,2664,43.7,16.8,12.6,3.0,10.4,0.8,17.5,31.0,4.7,6.4,9.1,11.2,14.7,0.1,93.6,90.9,100.0,2018-07-10T00:00:00.000,1782345,1730824,80,43,60,14,35,5,51,64,32,24,24,5,335,208,229,2018 Report Week 28
1383818,855920,280619,138,13874A,CME,CHI,F20,-1544,688,-12415,32848,-13003,3115,11843,37811,10731,21608,13576,56296,-10972,14711,1082,34688,42720,,,S&P BROAD BASED STOCK INDICES,,11.3,21.5,20.9,31.1,10.2,19.0,18.0,27.9,E-MINI S&P 500,($50 X S&P 500 INDEX),162110,512462,66200,FutOnly,18071713874AF,321909,472027,82105,E-MINI S&P 500 STOCK INDEX - CHICAGO MERCANTILE EXCHANGE,360797,275498,2777242,83925,196652,35759,49.8,30.8,10.1,5.8,18.5,2.4,11.6,17.0,3.0,13.0,9.9,3.0,7.1,1.3,87.0,90.1,100.0,2018-07-17T00:00:00.000,2416445,2501744,163,91,100,30,41,23,75,116,76,28,33,18,577,382,412,2018 Report Week 29
1595641,718327,553151,043,043602,CBT,CHI,F30,7566,-23476,1422,2641,-12231,-2901,14222,104265,-14762,-210,2934,55338,46952,-321,408,55548,52404,"T-NOTES, 6.5-10 YEAR",FINANCIAL INSTRUMENTS,"T-NOTES, 6.5-10 YEAR",Interest Rates - U.S. Treasury,27.4,14.7,36.0,24.5,22.2,12.1,30.1,18.4,UST 10Y NOTE,"(CONTRACTS OF $100,000 FACE VALUE)",141113,329249,8506,FutOnly,180717043602F,414686,1106587,165995,10-YEAR U.S. TREASURY NOTES - CHICAGO BOARD OF TRADE,335047,513584,3688390,446482,265222,27769,43.3,19.5,15.0,3.8,8.9,0.2,11.2,30.0,4.5,9.1,13.9,12.1,7.2,0.8,90.9,86.1,100.0,2018-07-17T00:00:00.000,3353343,3174806,98,88,103,22,47,10,59,81,47,23,33,13,451,291,333,2018 Report Week 29
809955,317723,257469,042,042601,CBT,CHI,F30,-22954,-1569,18280,1077,-3744,-496,9106,-6388,17015,-704,5962,16243,-5026,-12762,-55,16947,10281,"T-NOTES, 1-2 YEAR",FINANCIAL INSTRUMENTS,"T-NOTES, 1-2 YEAR",Interest Rates - U.S. Treasury,19.5,21.8,31.2,33.1,15.3,18.2,25.5,27.6,UST 2Y NOTE,"(CONTRACTS OF $200,000 FACE VALUE)",58660,194031,14334,FutOnly,180717042601F,342033,583026,105669,2-YEAR U.S. TREASURY NOTES - CHICAGO BOARD OF TRADE,120978,179165,1920270,208563,266244,2609,42.2,16.5,13.4,3.1,10.1,0.7,17.8,30.4,5.5,6.3,9.3,10.9,13.9,0.1,93.7,90.7,100.0,2018-07-17T00:00:00.000,1799292,1741105,78,43,59,15,32,5,52,67,36,21,24,4,332,210,226,2018 Report Week 29
1367045,852329,272009,138,13874A,CME,CHI,F20,-16773,-3591,-8610,21396,25701,8483,15392,16058,-6404,-11409,-19988,1864,3398,-6176,-3609,13273,21852,,,S&P BROAD BASED STOCK INDICES,,11.1,21.5,20.4,31.1,10.0,19.0,17.9,27.9,E-MINI S&P 500,($50 X S&P 500 INDEX),183506,538163,74683,FutOnly,18072413874AF,337301,488085,75701,E-MINI S&P 500 STOCK INDEX - CHICAGO MERCANTILE EXCHANGE,349388,255510,2779106,87323,190476,32150,49.2,30.7,9.8,6.6,19.4,2.7,12.1,17.6,2.7,12.6,9.2,3.1,6.9,1.2,87.4,90.8,100.0,2018-07-24T00:00:00.000,2429718,2523596,165,88,102,30,42,22,77,119,73,28,31,17,580,384,410,2018 Report Week 30
1593473,768051,553584,043,043602,CBT,CHI,F30,-2168,49724,433,18297,-46653,16582,29266,56327,28958,-2462,8007,96893,8302,-16170,-315,99355,88886,"T-NOTES, 6.5-10 YEAR",FINANCIAL INSTRUMENTS,"T-NOTES, 6.5-10 YEAR",Interest Rates - U.S. Treasury,28.8,15.0,37.3,24.8,23.8,12.7,30.9,19.4,UST 10Y NOTE,"(CONTRACTS OF $100,000 FACE VALUE)",159410,282596,25088,FutOnly,180724043602F,443952,1162914,194953,10-YEAR U.S. TREASURY NOTES - CHICAGO BOARD OF TRADE,332585,521591,3785283,454784,249052,27454,42.1,20.3,14.6,4.2,7.5,0.7,11.7,30.7,5.2,8.8,13.8,12.0,6.6,0.7,91.2,86.2,100.0,2018-07-24T00:00:00.000,3452698,3263692,91,92,99,26,38,12,63,87,51,22,28,14,447,292,331,2018 Report Week 30
800357,314461,260502,042,042601,CBT,CHI,F30,-9598,-3262,3033,3680,-4436,1255,24536,12655,-3418,2269,6436,7711,-13500,-4006,-546,5442,1275,"T-NOTES, 1-2 YEAR",FINANCIAL INSTRUMENTS,"T-NOTES, 1-2 YEAR",Interest Rates - U.S. Treasury,19.3,22.1,31.0,33.5,15.0,18.7,25.4,27.6,UST 2Y NOTE,"(CONTRACTS OF $200,000 FACE VALUE)",62340,189595,15589,FutOnly,180724042601F,366569,595681,102251,2-YEAR U.S. TREASURY NOTES - CHICAGO BOARD OF TRADE,123247,185601,1927981,195063,262238,2063,41.5,16.3,13.5,3.2,9.8,0.8,19.0,30.9,5.3,6.4,9.6,10.1,13.6,0.1,93.6,90.4,100.0,2018-07-24T00:00:00.000,1804734,1742380,82,41,62,13,30,7,51,68,41,20,22,4,327,217,224,2018 Report Week 30
1343110,861946,259534,138,13874A,CME,CHI,F20,-23935,9617,-12475,-9548,18523,19155,-4244,-60588,3527,6824,-11161,-16474,2486,15192,1736,-23298,-5313,,,S&P BROAD BASED STOCK INDICES,,11.4,21.8,20.2,31.5,10.1,18.8,18.0,27.7,E-MINI S&P 500,($50 X S&P 500 INDEX),173958,556686,93838,FutOnly,18073113874AF,333057,427497,79228,E-MINI S&P 500 STOCK INDEX - CHICAGO MERCANTILE EXCHANGE,356212,244349,2762632,89809,205668,33886,48.6,31.2,9.4,6.3,20.2,3.4,12.1,15.5,2.9,12.9,8.8,3.3,7.4,1.2,87.1,91.2,100.0,2018-07-31T00:00:00.000,2406420,2518283,164,94,103,28,41,21,81,109,73,29,36,16,582,384,411,2018 Report Week 31
1619295,826287,548579,043,043602,CBT,CHI,F30,25822,58236,-5005,-27952,-51407,10789,-419,-9625,-25649,1979,5861,-24279,-4180,-7815,336,-26258,-30140,"T-NOTES, 6.5-10 YEAR",FINANCIAL INSTRUMENTS,"T-NOTES, 6.5-10 YEAR",Interest Rates - U.S. Treasury,30.3,15.8,38.2,25.4,25.2,13.2,31.4,21.0,UST 10Y NOTE,"(CONTRACTS OF $100,000 FACE VALUE)",131458,231189,35877,FutOnly,180731043602F,443533,1153289,169304,10-YEAR U.S. TREASURY NOTES - CHICAGO BOARD OF TRADE,334564,527452,3761004,450604,241237,27790,43.1,22.0,14.6,3.5,6.1,1.0,11.8,30.7,4.5,8.9,14.0,12.0,6.4,0.7,91.1,86.0,100.0,2018-07-31T00:00:00.000,3426440,3233552,91,95,104,24,35,11,60,85,50,24,23,14,437,293,323,2018 Report Week 31
815410,332180,271920,042,042601,CBT,CHI,F30,15053,17719,11418,2739,-12832,-2000,29212,-55904,5868,-3799,-2658,31894,-26250,70630,-347,35693,34552,"T-NOTES, 1-2 YEAR",FINANCIAL INSTRUMENTS,"T-NOTES, 1-2 YEAR",Interest Rates - U.S. Treasury,20.4,22.2,31.2,35.2,15.7,20.0,25.0,29.1,UST 2Y NOTE,"(CONTRACTS OF $200,000 FACE VALUE)",65079,176763,13589,FutOnly,180731042601F,395781,539777,108119,2-YEAR U.S. TREASURY NOTES - CHICAGO BOARD OF TRADE,119448,182943,1959875,168813,332868,1716,41.6,16.9,13.9,3.3,9.0,0.7,20.2,27.5,5.5,6.1,9.3,8.6,17.0,0.1,93.9,90.7,100.0,2018-07-31T00:00:00.000,1840427,1776932,86,42,64,13,26,6,56,69,45,21,25,5,338,231,227,2018 Report Week 31
1373200,860077,257757,138,13874A,CME,CHI,F20,30090,-1869,-1777,18126,-3067,-9206,6593,54751,4551,17554,17952,67838,992,5588,915,50284,49886,,,S&P BROAD BASED STOCK INDICES,,11.6,21.3,20.8,30.8,10.5,18.9,18.2,27.5,E-MINI S&P 500,($50 X S&P 500 INDEX),192084,553619,84632,FutOnly,18080713874AF,339650,482248,83779,E-MINI S&P 500 STOCK INDEX - CHICAGO MERCANTILE EXCHANGE,373766,262301,2830470,90801,211256,34801,48.5,30.4,9.1,6.8,19.6,3.0,12.0,17.0,3.0,13.2,9.3,3.2,7.5,1.2,86.8,90.7,100.0,2018-08-07T00:00:00.000,2456704,2568169,166,90,103,28,39,20,77,119,78,29,38,17,586,388,416,2018 Report Week 32
1672015,831868,530509,043,043602,CBT,CHI,F30,52720,5581,-18070,-30598,56113,-5024,35731,-22685,3684,6170,1011,18838,-25708,-1705,-67,12668,17827,"T-NOTES, 6.5-10 YEAR",FINANCIAL INSTRUMENTS,"T-NOTES, 6.5-10 YEAR",Interest Rates - U.S. Treasury,31.2,15.7,38.9,24.8,25.8,12.9,32.2,20.9,UST 10Y NOTE,"(CONTRACTS OF $100,000 FACE VALUE)",100860,287302,30853,FutOnly,180807043602F,479264,1130604,172988,10-YEAR U.S. TREASURY NOTES - CHICAGO BOARD OF TRADE,340734,528463,3779842,424896,239532,27723,44.2,22.0,14.0,2.7,7.6,0.8,12.7,29.9,4.6,9.0,14.0,11.2,6.3,0.7,91.0,86.0,100.0,2018-08-07T00:00:00.000,3439108,3251379,90,92,97,20,42,14,57,90,62,24,23,14,438,291,334,2018 Report Week 32
821738,323796,259234,042,042601,CBT,CHI,F30,6328,-8384,-12686,-8363,23429,1614,1106,-16722,-1521,-1526,-5948,-9354,5867,11037,-173,-7828,-3406,"T-NOTES, 1-2 YEAR",FINANCIAL INSTRUMENTS,"T-NOTES, 1-2 YEAR",Interest Rates - U.S. Treasury,21.8,22.7,32.0,34.5,17.2,20.5,25.9,29.6,UST 2Y NOTE,"(CONTRACTS OF $200,000 FACE VALUE)",56716,200192,15203,FutOnly,180807042601F,396887,523055,106598,2-YEAR U.S. TREASURY NOTES - CHICAGO BOARD OF TRADE,117922,176995,1950521,174680,343905,1543,42.1,16.6,13.3,2.9,10.3,0.8,20.3,26.8,5.5,6.0,9.1,9.0,17.6,0.1,94.0,90.9,100.0,2018-08-07T00:00:00.000,1832599,1773526,88,41,63,13,29,7,56,65,46,21,25,5,338,228,231,2018 Report Week 32
1340748,860389,257817,138,13874A,CME,CHI,F20,-32452,312,60,1036,2352,2080,5231,-10456,2498,5993,-5521,-10864,5116,-1763,-426,-16857,-5343,,,S&P BROAD BASED STOCK INDICES,,11.0,21.1,20.1,30.5,9.8,18.8,17.5,27.2,E-MINI S&P 500,($50 X S&P 500 INDEX),193120,555971,86712,FutOnly,18081413874AF,344881,471792,86277,E-MINI S&P 500 STOCK INDEX - CHICAGO MERCANTILE EXCHANGE,379759,256780,2819606,95917,209493,34375,47.6,30.5,9.1,6.8,19.7,3.1,12.2,16.7,3.1,13.5,9.1,3.4,7.4,1.2,86.5,90.9,100.0,2018-08-14T00:00:00.000,2439847,2562826,170,90,107,32,42,20,84,107,72,31,36,16,592,402,405,2018 Report Week 33
1729704,761397,549497,043,043602,CBT,CHI,F30,57689,-70471,18988,12716,31157,3954,66567,198150,27099,17162,-25504,185288,-21213,-411,2326,168126,210792,"T-NOTES, 6.5-10 YEAR",FINANCIAL INSTRUMENTS,"T-NOTES, 6.5-10 YEAR",Interest Rates - U.S. Treasury,29.0,16.8,36.8,26.4,23.7,14.6,29.9,22.4,UST 10Y NOTE,"(CONTRACTS OF $100,000 FACE VALUE)",113576,318459,34807,FutOnly,180814043602F,545831,1328754,200087,10-YEAR U.S. TREASURY NOTES - CHICAGO BOARD OF TRADE,357896,502959,3965130,403683,239121,30049,43.6,19.2,13.9,2.9,8.0,0.9,13.8,33.5,5.0,9.0,12.7,10.2,6.0,0.8,91.0,87.3,100.0,2018-08-14T00:00:00.000,3607234,3462171,93,87,99,25,45,16,60,90,63,19,33,16,452,303,343,2018 Report Week 33
862952,348088,280733,042,042601,CBT,CHI,F30,41214,24292,21499,6310,5339,19454,32000,36853,-26541,-5696,1241,87131,-1161,4942,52,92827,85890,"T-NOTES, 1-2 YEAR",FINANCIAL INSTRUMENTS,"T-NOTES, 1-2 YEAR",Interest Rates - U.S. Treasury,23.0,20.8,33.5,33.4,19.3,19.5,27.7,29.2,UST 2Y NOTE,"(CONTRACTS OF $200,000 FACE VALUE)",63026,205531,34657,FutOnly,180814042601F,428887,559908,80057,2-YEAR U.S. TREASURY NOTES - CHICAGO BOARD OF TRADE,112226,178236,2037652,173519,348847,1595,42.4,17.1,13.8,3.1,10.1,1.7,21.0,27.5,3.9,5.5,8.7,8.5,17.1,0.1,94.5,91.3,100.0,2018-08-14T00:00:00.000,1925426,1859416,83,48,62,17,32,10,59,67,46,21,26,6,353,235,242,2018 Report Week 33
1356441,861797,245466,138,13874A,CME,CHI,F20,15693,1408,-12351,14350,-28114,9580,-4445,34672,-6005,-2990,5406,9379,-6522,2714,2069,12369,3973,,,S&P BROAD BASED STOCK INDICES,,11.0,20.3,20.5,29.6,9.9,18.3,17.8,26.3,E-MINI S&P 500,($50 X S&P 500 INDEX),207470,527857,96292,FutOnly,18082113874AF,340436,506464,80272,E-MINI S&P 500 STOCK INDEX - CHICAGO MERCANTILE EXCHANGE,376769,262186,2828985,89395,212207,36444,47.9,30.5,8.7,7.3,18.7,3.4,12.0,17.9,2.8,13.3,9.3,3.2,7.5,1.3,86.7,90.7,100.0,2018-08-21T00:00:00.000,2452216,2566799,165,95,107,35,39,25,80,117,77,27,40,17,598,405,419,2018 Report Week 34
1799857,738380,583175,043,043602,CBT,CHI,F30,70153,-23017,33678,18957,40479,10023,-9027,65350,27011,7201,14523,158622,1943,-8108,-1317,151421,144099,"T-NOTES, 6.5-10 YEAR",FINANCIAL INSTRUMENTS,"T-NOTES, 6.5-10 YEAR",Interest Rates - U.S. Treasury,27.5,16.4,36.2,26.1,23.0,14.6,29.9,22.7,UST 10Y NOTE,"(CONTRACTS OF $100,000 FACE VALUE)",132533,358938,44830,FutOnly,180821043602F,536804,1394104,227098,10-YEAR U.S. TREASURY NOTES - CHICAGO BOARD OF TRADE,365097,517482,4123752,405626,231013,28732,43.6,17.9,14.1,3.2,8.7,1.1,13.0,33.8,5.5,8.9,12.5,9.8,5.6,0.7,91.1,87.5,100.0,2018-08-21T00:00:00.000,3758655,3606270,101,85,103,22,47,23,61,90,66,23,32,15,462,318,351,2018 Report Week 34
896497,397842,281033,042,042601,CBT,CHI,F30,33545,49754,300,-7268,-43135,-7012,33664,54543,24980,12509,-2563,82057,-9498,4353,837,69548,84620,"T-NOTES, 1-2 YEAR",FINANCIAL INSTRUMENTS,"T-NOTES, 1-2 YEAR",Interest Rates - U.S. Treasury,23.9,20.8,33.7,36.1,19.2,20.2,27.1,32.3,UST 2Y NOTE,"(CONTRACTS OF $200,000 FACE VALUE)",55758,162396,27645,FutOnly,180821042601F,462551,614451,105037,2-YEAR U.S. TREASURY NOTES - CHICAGO BOARD OF TRADE,124735,175673,2119709,164021,353200,2432,42.3,18.8,13.3,2.6,7.7,1.3,21.8,29.0,5.0,5.9,8.3,7.7,16.7,0.1,94.1,91.7,100.0,2018-08-21T00:00:00.000,1994974,1944036,82,43,61,17,33,13,59,71,47,23,28,7,356,238,246,2018 Report Week 34
1401508,816791,241495,138,13874A,CME,CHI,F20,45067,-45006,-3971,-21833,62034,13262,7258,12940,4501,-536,2129,47536,2615,474,1173,48072,45407,,,S&P BROAD BASED STOCK INDICES,,11.0,19.7,20.0,28.5,9.9,17.6,17.7,25.3,E-MINI S&P 500,($50 X S&P 500 INDEX),185637,589891,109554,FutOnly,18082813874AF,347694,519404,84773,E-MINI S&P 500 STOCK INDEX - CHICAGO MERCANTILE EXCHANGE,376233,264315,2876521,92010,212681,37617,48.7,28.4,8.4,6.5,20.5,3.8,12.1,18.1,2.9,13.1,9.2,3.2,7.4,1.3,86.9,90.8,100.0,2018-08-28T00:00:00.000,2500288,2612206,170,92,107,33,44,25,80,117,74,30,43,17,609,406,426,2018 Report Week 35
1643628,741515,628564,043,043602,CBT,CHI,F30,-156229,3135,45389,-7534,35027,-964,73374,-120206,-37353,81105,66782,10750,3841,9819,9121,-70355,-56032,"T-NOTES, 6.5-10 YEAR",FINANCIAL INSTRUMENTS,"T-NOTES, 6.5-10 YEAR",Interest Rates - U.S. Treasury,25.9,17.8,34.8,27.3,20.9,15.9,28.3,24.4,UST 10Y NOTE,"(CONTRACTS OF $100,000 FACE VALUE)",124999,393965,43866,FutOnly,180828043602F,610178,1273898,189745,10-YEAR U.S. TREASURY NOTES - CHICAGO BOARD OF TRADE,446202,584264,4134502,409467,240832,37853,39.8,17.9,15.2,3.0,9.5,1.1,14.8,30.8,4.6,10.8,14.1,9.9,5.8,0.9,89.2,85.9,100.0,2018-08-28T00:00:00.000,3688300,3550238,94,92,104,26,41,24,63,80,69,26,32,16,454,329,338,2018 Report Week 35
846926,359198,295908,042,042601,CBT,CHI,F30,-49571,-38644,14875,-6699,-14917,6521,-2180,1018,119037,10228,14102,95731,2411,-7370,1109,85503,81629,"T-NOTES, 1-2 YEAR",FINANCIAL INSTRUMENTS,"T-NOTES, 1-2 YEAR",Interest Rates - U.S. Treasury,21.3,21.4,30.3,35.7,15.9,19.0,23.5,30.9,UST 2Y NOTE,"(CONTRACTS OF $200,000 FACE VALUE)",49059,147479,34166,FutOnly,180828042601F,460371,615469,224074,2-YEAR U.S. TREASURY NOTES - CHICAGO BOARD OF TRADE,134963,189775,2215440,166432,345830,3541,38.2,16.2,13.4,2.2,6.7,1.5,20.8,27.8,10.1,6.1,8.6,7.5,15.6,0.2,93.9,91.4,100.0,2018-08-28T00:00:00.000,2080477,2025665,84,39,64,14,31,14,63,59,53,22,24,10,337,238,240,2018 Report Week 35
1409846,774585,257544,138,13874A,CME,CHI,F20,8338,-42206,16049,23412,50620,12794,-52360,4004,-14057,10297,-2967,16795,14393,-5371,-2071,6498,19762,,,S&P BROAD BASED STOCK INDICES,,10.6,19.1,19.7,27.9,9.5,16.9,17.1,24.6,E-MINI S&P 500,($50 X S&P 500 INDEX),209049,640511,122348,FutOnly,18090413874AF,295334,523408,70716,E-MINI S&P 500 STOCK INDEX - CHICAGO MERCANTILE EXCHANGE,386530,261348,2893316,106403,207310,35546,48.7,26.8,8.9,7.2,22.1,4.2,10.2,18.1,2.4,13.4,9.0,3.7,7.2,1.2,86.6,91.0,100.0,2018-09-04T00:00:00.000,2506786,2631968,164,98,112,33,41,28,79,110,76,34,38,17,597,408,422,2018 Report Week 36
1719906,748656,646810,043,043602,CBT,CHI,F30,76278,7141,18246,16087,-80949,-4347,-165007,59843,-13217,-18234,-100146,-143350,-44454,-21219,-8702,-125116,-43204,"T-NOTES, 6.5-10 YEAR",FINANCIAL INSTRUMENTS,"T-NOTES, 6.5-10 YEAR",Interest Rates - U.S. Treasury,25.9,19.3,35.1,29.0,21.3,16.7,28.7,25.1,UST 10Y NOTE,"(CONTRACTS OF $100,000 FACE VALUE)",141086,313016,39519,FutOnly,180904043602F,445171,1333741,176528,10-YEAR U.S. TREASURY NOTES - CHICAGO BOARD OF TRADE,427968,484118,3991152,365013,219613,29151,43.1,18.8,16.2,3.5,7.8,1.0,11.2,33.4,4.4,10.7,12.1,9.1,5.5,0.7,89.3,87.9,100.0,2018-09-04T00:00:00.000,3563184,3507034,99,87,105,28,40,24,54,88,61,27,24,12,447,312,337,2018 Report Week 36
939800,416507,323497,042,042601,CBT,CHI,F30,92874,57309,27589,13543,-31200,-9042,-64804,15294,-146680,-2933,-6992,-87533,4618,8887,-2698,-84600,-80541,"T-NOTES, 1-2 YEAR",FINANCIAL INSTRUMENTS,"T-NOTES, 1-2 YEAR",Interest Rates - U.S. Treasury,22.9,22.2,32.9,37.1,15.9,21.6,24.6,34.6,UST 2Y NOTE,"(CONTRACTS OF $200,000 FACE VALUE)",62602,116279,25124,FutOnly,180904042601F,395567,630763,77394,2-YEAR U.S. TREASURY NOTES - CHICAGO BOARD OF TRADE,132030,182783,2127907,171050,354717,843,44.2,19.6,15.2,2.9,5.5,1.2,18.6,29.6,3.6,6.2,8.6,8.0,16.7,0.0,93.8,91.4,100.0,2018-09-04T00:00:00.000,1995877,1945124,88,37,63,15,27,12,58,68,48,23,23,,339,233,232,2018 Report Week 36
1400952,745039,272360,138,13874A,CME,CHI,F20,-8894,-29546,14816,7386,44244,7037,-4235,-10262,10766,1246,-3829,25071,-1794,-6898,-1257,23825,28900,,,S&P BROAD BASED STOCK INDICES,,10.1,19.1,19.1,27.9,9.2,16.7,16.7,24.4,E-MINI S&P 500,($50 X S&P 500 INDEX),216435,684755,129385,FutOnly,18091113874AF,291099,513146,81482,E-MINI S&P 500 STOCK INDEX - CHICAGO MERCANTILE EXCHANGE,387776,257519,2918387,104609,200412,34289,48.0,25.5,9.3,7.4,23.5,4.4,10.0,17.6,2.8,13.3,8.8,3.6,6.9,1.2,86.7,91.2,100.0,2018-09-11T00:00:00.000,2530611,2660868,166,104,115,32,43,27,77,110,76,30,37,19,600,408,429,2018 Report Week 37
1740677,793896,629248,043,043602,CBT,CHI,F30,20771,45240,-17562,13305,-65097,-23428,-97534,-51043,-21548,-16094,-18333,-122504,20878,30559,-1292,-106410,-104171,"T-NOTES, 6.5-10 YEAR",FINANCIAL INSTRUMENTS,"T-NOTES, 6.5-10 YEAR",Interest Rates - U.S. Treasury,26.7,18.9,36.1,28.5,22.5,17.0,30.0,25.3,UST 10Y NOTE,"(CONTRACTS OF $100,000 FACE VALUE)",154391,247919,16091,FutOnly,180911043602F,347637,1282698,154980,10-YEAR U.S. TREASURY NOTES - CHICAGO BOARD OF TRADE,411874,465785,3868648,385891,250172,27859,45.0,20.5,16.3,4.0,6.4,0.4,9.0,33.2,4.0,10.6,12.0,10.0,6.5,0.7,89.4,88.0,100.0,2018-09-11T00:00:00.000,3456774,3402863,104,89,108,28,37,19,55,86,50,29,29,13,457,312,335,2018 Report Week 37
976072,406467,342655,042,042601,CBT,CHI,F30,36272,-10040,19158,3829,-8272,-666,-106339,-24706,-20449,-7524,-18354,-55228,20471,8081,20,-47704,-36874,"T-NOTES, 1-2 YEAR",FINANCIAL INSTRUMENTS,"T-NOTES, 1-2 YEAR",Interest Rates - U.S. Treasury,23.8,22.2,34.0,35.9,15.9,21.4,24.9,32.6,UST 2Y NOTE,"(CONTRACTS OF $200,000 FACE VALUE)",66431,108007,24458,FutOnly,180911042601F,289228,606057,56945,2-YEAR U.S. TREASURY NOTES - CHICAGO BOARD OF TRADE,124506,164429,2072679,191521,362798,863,47.1,19.6,16.5,3.2,5.2,1.2,14.0,29.2,2.7,6.0,7.9,9.2,17.5,0.0,94.0,92.1,100.0,2018-09-11T00:00:00.000,1948173,1908250,94,38,68,16,36,7,51,65,36,23,24,4,347,227,235,2018 Report Week 37
1469812,749218,383767,138,13874A,CME,CHI,F20,68860,4179,111407,-1758,25770,175949,-47621,-35134,42605,128,40496,380850,23460,7758,7820,380722,340354,,,S&P BROAD BASED STOCK INDICES,,13.3,16.9,21.7,26.6,8.4,14.5,15.1,22.0,E-MINI S&P 500,($50 X S&P 500 INDEX),214677,710525,305334,FutOnly,18091813874AF,243478,478012,124087,E-MINI S&P 500 STOCK INDEX - CHICAGO MERCANTILE EXCHANGE,387904,298015,3299237,128069,208170,42109,44.5,22.7,11.6,6.5,21.5,9.3,7.4,14.5,3.8,11.8,9.0,3.9,6.3,1.3,88.2,91.0,100.0,2018-09-18T00:00:00.000,2911333,3001222,166,101,119,30,45,38,79,110,87,32,41,26,606,434,442,2018 Report Week 38
1898393,908113,623598,043,043602,CBT,CHI,F30,157716,114217,-5650,7896,6604,8922,-49366,26739,-39105,-11217,-19073,117593,45574,22116,2823,128810,136666,"T-NOTES, 6.5-10 YEAR",FINANCIAL INSTRUMENTS,"T-NOTES, 6.5-10 YEAR",Interest Rates - U.S. Treasury,26.9,18.2,35.9,28.7,23.0,16.7,30.3,25.7,UST 10Y NOTE,"(CONTRACTS OF $100,000 FACE VALUE)",162287,254523,25013,FutOnly,180918043602F,298271,1309437,115875,10-YEAR U.S. TREASURY NOTES - CHICAGO BOARD OF TRADE,400657,446712,3986241,431465,272288,30682,47.6,22.8,15.6,4.1,6.4,0.6,7.5,32.8,2.9,10.1,11.2,10.8,6.8,0.8,89.9,88.8,100.0,2018-09-18T00:00:00.000,3585584,3539529,109,88,114,25,42,11,62,79,43,32,26,14,463,314,331,2018 Report Week 38
1025539,486208,339682,042,042601,CBT,CHI,F30,49467,79741,-2973,6414,-20079,2010,47328,-3800,-14377,6587,16183,116695,21913,59664,326,110108,100512,"T-NOTES, 1-2 YEAR",FINANCIAL INSTRUMENTS,"T-NOTES, 1-2 YEAR",Interest Rates - U.S. Treasury,22.9,21.0,33.1,36.6,15.1,20.9,24.9,34.2,UST 2Y NOTE,"(CONTRACTS OF $200,000 FACE VALUE)",72845,87928,26468,FutOnly,180918042601F,336556,602257,42568,2-YEAR U.S. TREASURY NOTES - CHICAGO BOARD OF TRADE,131093,180612,2189374,213434,422462,1189,46.8,22.2,15.5,3.3,4.0,1.2,15.4,27.5,1.9,6.0,8.2,9.7,19.3,0.1,94.0,91.8,100.0,2018-09-18T00:00:00.000,2058281,2008762,95,39,67,19,30,8,54,54,28,26,28,6,345,234,220,2018 Report Week 38
1539119,732786,263259,138,13874A,CME,CHI,F20,69307,-16432,-120508,-54224,7034,-197666,-59207,-46020,-87221,-104955,-64829,-567149,1538,-27294,-14213,-462194,-502320,,,S&P BROAD BASED STOCK INDICES,,14.2,19.1,23.6,28.6,12.9,16.5,21.1,25.4,E-MINI S&P 500,($50 X S&P 500 INDEX),160453,717559,107668,FutOnly,18092513874AF,184271,431992,36866,E-MINI S&P 500 STOCK INDEX - CHICAGO MERCANTILE EXCHANGE,282949,233186,2732088,129607,180876,27896,56.3,26.8,9.6,5.9,26.3,3.9,6.7,15.8,1.3,10.4,8.5,4.7,6.6,1.0,89.6,91.5,100.0,2018-09-25T00:00:00.000,2449139,2498902,168,97,114,30,41,21,74,96,52,35,33,15,574,392,384,2018 Report Week 39
1992201,922717,633469,043,043602,CBT,CHI,F30,93808,14604,9871,-36348,34901,-3610,37560,-26606,-48212,1915,46237,49258,-10603,17196,4877,47343,3021,"T-NOTES, 6.5-10 YEAR",FINANCIAL INSTRUMENTS,"T-NOTES, 6.5-10 YEAR",Interest Rates - U.S. Treasury,28.2,17.2,36.9,27.4,24.4,15.4,31.7,23.8,UST 10Y NOTE,"(CONTRACTS OF $100,000 FACE VALUE)",125939,289424,21403,FutOnly,180925043602F,335831,1282831,67663,10-YEAR U.S. TREASURY NOTES - CHICAGO BOARD OF TRADE,402572,492949,4035499,420862,289484,35559,49.4,22.9,15.7,3.1,7.2,0.5,8.3,31.8,1.7,10.0,12.2,10.4,7.2,0.9,90.0,87.8,100.0,2018-09-25T00:00:00.000,3632927,3542550,112,88,111,21,40,10,40,92,33,28,30,15,451,283,337,2018 Report Week 39
1048633,526037,334936,042,042601,CBT,CHI,F30,23094,39829,-4746,24025,20361,617,-20987,121308,6645,12277,-1500,50422,8718,-132871,779,38145,51922,"T-NOTES, 1-2 YEAR",FINANCIAL INSTRUMENTS,"T-NOTES, 1-2 YEAR",Interest Rates - U.S. Treasury,22.7,19.3,32.3,32.9,15.1,19.0,24.0,30.3,UST 2Y NOTE,"(CONTRACTS OF $200,000 FACE VALUE)",96870,108289,27085,FutOnly,180925042601F,315569,723565,49213,2-YEAR U.S. TREASURY NOTES - CHICAGO BOARD OF TRADE,143370,179112,2239796,222152,289591,1968,46.8,23.5,15.0,4.3,4.8,1.2,14.1,32.3,2.2,6.4,8.0,9.9,12.9,0.1,93.6,92.0,100.0,2018-09-25T00:00:00.000,2096426,2060684,97,38,68,19,29,9,46,62,30,31,26,7,348,236,226,2018 Report Week 39
1535399,732025,261195,138,13874A,CME,CHI,F20,-3720,-761,-2064,7928,14349,36052,14307,-15875,10808,-16500,3821,51364,7425,7906,-2872,67864,47543,,,S&P BROAD BASED STOCK INDICES,,13.7,18.6,22.7,28.8,12.5,16.0,20.3,24.9,E-MINI S&P 500,($50 X S&P 500 INDEX),168381,731908,143720,FutOnly,18100213874AF,198578,416117,47674,E-MINI S&P 500 STOCK INDEX - CHICAGO MERCANTILE EXCHANGE,266449,237007,2783452,137032,188782,25024,55.2,26.3,9.4,6.0,26.3,5.2,7.1,14.9,1.7,9.6,8.5,4.9,6.8,0.9,90.4,91.5,100.0,2018-10-02T00:00:00.000,2517003,2546445,171,97,117,29,42,24,82,99,52,37,35,14,592,405,394,2018 Report Week 40
1977480,932073,621606,043,043602,CBT,CHI,F30,-14721,9356,-11863,1709,26318,-4994,-33521,-101283,13544,16314,-1931,-56672,-25916,11405,2776,-72986,-54741,"T-NOTES, 6.5-10 YEAR",FINANCIAL INSTRUMENTS,"T-NOTES, 6.5-10 YEAR",Interest Rates - U.S. Treasury,28.5,18.7,37.3,29.0,24.7,16.2,32.1,24.7,UST 10Y NOTE,"(CONTRACTS OF $100,000 FACE VALUE)",127648,315742,16409,FutOnly,181002043602F,302310,1181548,81207,10-YEAR U.S. TREASURY NOTES - CHICAGO BOARD OF TRADE,418886,491018,3978827,394946,300889,38335,49.7,23.4,15.6,3.2,7.9,0.4,7.6,29.7,2.0,10.5,12.3,9.9,7.6,1.0,89.5,87.7,100.0,2018-10-02T00:00:00.000,3559941,3487809,108,89,106,21,45,11,52,85,40,27,27,14,454,294,331,2018 Report Week 40
1067039,477764,331865,042,042601,CBT,CHI,F30,18406,-48273,-3071,897,16932,-7422,-33023,34282,-31609,-8364,1086,-55379,9410,-16701,-603,-47015,-56465,"T-NOTES, 1-2 YEAR",FINANCIAL INSTRUMENTS,"T-NOTES, 1-2 YEAR",Interest Rates - U.S. Treasury,23.8,18.3,32.9,31.4,16.4,17.5,25.1,28.9,UST 2Y NOTE,"(CONTRACTS OF $200,000 FACE VALUE)",97767,125221,19663,FutOnly,181002042601F,282546,757847,17604,2-YEAR U.S. TREASURY NOTES - CHICAGO BOARD OF TRADE,135006,180198,2184417,231562,272890,1365,48.8,21.9,15.2,4.5,5.7,0.9,12.9,34.7,0.8,6.2,8.2,10.6,12.5,0.1,93.8,91.8,100.0,2018-10-02T00:00:00.000,2049411,2004219,96,38,73,18,30,6,45,66,25,28,25,6,346,228,228,2018 Report Week 40
1450785,732574,275420,138,13874A,CME,CHI,F20,-84614,549,14225,37365,6786,33047,25732,-25065,1670,16592,27438,57143,13747,-886,-621,40551,29705,,,S&P BROAD BASED STOCK INDICES,,12.0,19.1,20.7,30.4,11.0,16.5,18.1,25.7,E-MINI S&P 500,($50 X S&P 500 INDEX),205746,738694,176767,FutOnly,18100913874AF,224310,391052,49344,E-MINI S&P 500 STOCK INDEX - CHICAGO MERCANTILE EXCHANGE,283041,264445,2840595,150779,187896,24403,51.1,25.8,9.7,7.2,26.0,6.2,7.9,13.8,1.7,10.0,9.3,5.3,6.6,0.9,90.0,90.7,100.0,2018-10-09T00:00:00.000,2557554,2576150,168,89,114,33,42,27,86,99,59,41,38,13,596,411,398,2018 Report Week 41
1917755,982430,617868,043,043602,CBT,CHI,F30,-59725,50357,-3738,-4729,39995,34890,77831,-20856,21827,-15863,16934,147309,97062,8146,-246,163172,130375,"T-NOTES, 6.5-10 YEAR",FINANCIAL INSTRUMENTS,"T-NOTES, 6.5-10 YEAR",Interest Rates - U.S. Treasury,26.7,17.7,36.2,27.0,23.0,15.0,30.8,22.2,UST 10Y NOTE,"(CONTRACTS OF $100,000 FACE VALUE)",122919,355737,51299,FutOnly,181009043602F,380141,1160692,103034,10-YEAR U.S. TREASURY NOTES - CHICAGO BOARD OF TRADE,403023,507952,4126136,492008,309035,38089,46.5,23.8,15.0,3.0,8.6,1.2,9.2,28.1,2.5,9.8,12.3,11.9,7.5,0.9,90.2,87.7,100.0,2018-10-09T00:00:00.000,3723113,3618184,104,86,104,20,47,13,53,89,42,30,24,15,453,292,335,2018 Report Week 41
1091833,452778,311395,042,042601,CBT,CHI,F30,24794,-24986,-20470,-177,-1137,6099,-818,46839,20436,-650,1604,47416,16682,17511,1520,48066,45812,"T-NOTES, 1-2 YEAR",FINANCIAL INSTRUMENTS,"T-NOTES, 1-2 YEAR",Interest Rates - U.S. Treasury,23.8,18.5,33.1,30.1,17.1,17.8,26.1,26.7,UST 2Y NOTE,"(CONTRACTS OF $200,000 FACE VALUE)",97590,124084,25762,FutOnly,181009042601F,281728,804686,38040,2-YEAR U.S. TREASURY NOTES - CHICAGO BOARD OF TRADE,134356,181802,2231833,248244,290401,2885,48.9,20.3,14.0,4.4,5.6,1.2,12.6,36.1,1.7,6.0,8.1,11.1,13.0,0.1,94.0,91.9,100.0,2018-10-09T00:00:00.000,2097477,2050031,93,38,69,17,31,7,48,69,26,32,26,7,354,232,231,2018 Report Week 41
1306676,788562,300295,138,13874A,CME,CHI,F20,-144109,55988,24875,44905,415,13781,80022,-62271,5136,-5145,-5164,34587,22930,9635,-7808,39732,39751,,,S&P BROAD BASED STOCK INDICES,,10.6,20.1,19.1,31.3,9.7,17.5,16.5,26.9,E-MINI S&P 500,($50 X S&P 500 INDEX),250651,739109,190548,FutOnly,18101613874AF,304332,328781,54480,E-MINI S&P 500 STOCK INDEX - CHICAGO MERCANTILE EXCHANGE,277896,259281,2875182,173709,197531,16595,45.4,27.4,10.4,8.7,25.7,6.6,10.6,11.4,1.9,9.7,9.0,6.0,6.9,0.6,90.3,91.0,100.0,2018-10-16T00:00:00.000,2597286,2615901,168,91,116,34,45,24,82,101,61,39,39,16,599,409,407,2018 Report Week 42
1915661,928114,648999,043,043602,CBT,CHI,F30,-2094,-54316,31131,-5158,-6831,-9214,22605,75525,-14900,-5338,-24577,8636,-4862,15352,-3534,13974,33213,"T-NOTES, 6.5-10 YEAR",FINANCIAL INSTRUMENTS,"T-NOTES, 6.5-10 YEAR",Interest Rates - U.S. Treasury,26.4,18.5,36.2,29.3,22.5,16.3,30.1,24.3,UST 10Y NOTE,"(CONTRACTS OF $100,000 FACE VALUE)",117761,348906,42085,FutOnly,181016043602F,402746,1236217,88134,10-YEAR U.S. TREASURY NOTES - CHICAGO BOARD OF TRADE,397685,483375,4134772,487146,324387,34555,46.3,22.4,15.7,2.8,8.4,1.0,9.7,29.9,2.1,9.6,11.7,11.8,7.8,0.8,90.4,88.3,100.0,2018-10-16T00:00:00.000,3737087,3651397,106,89,106,27,38,14,56,87,53,27,28,14,458,307,338,2018 Report Week 42
1130521,400912,295885,042,042601,CBT,CHI,F30,38688,-51866,-15510,-28926,-2644,-6735,4759,75861,-5532,-4039,-11258,-10006,4192,4581,3097,-5967,1252,"T-NOTES, 1-2 YEAR",FINANCIAL INSTRUMENTS,"T-NOTES, 1-2 YEAR",Interest Rates - U.S. Treasury,24.5,19.4,33.6,31.6,18.4,17.7,27.2,27.6,UST 2Y NOTE,"(CONTRACTS OF $200,000 FACE VALUE)",68664,121440,19027,FutOnly,181016042601F,286487,880547,32508,2-YEAR U.S. TREASURY NOTES - CHICAGO BOARD OF TRADE,130317,170544,2221827,252436,294982,5982,50.9,18.0,13.3,3.1,5.5,0.9,12.9,39.6,1.5,5.9,7.7,11.4,13.3,0.3,94.1,92.3,100.0,2018-10-16T00:00:00.000,2091510,2051283,94,39,70,15,29,9,47,69,26,33,26,8,352,234,231,2018 Report Week 42
1233952,793784,293521,138,13874A,CME,CHI,F20,-72724,5222,-6774,50628,-16470,9529,34165,71974,-4783,5545,-9176,44668,30269,-3667,-1187,39123,53844,,,S&P BROAD BASED STOCK INDICES,,10.0,19.4,18.4,31.0,8.7,16.3,15.5,26.2,E-MINI S&P 500,($50 X S&P 500 INDEX),301279,722639,200077,FutOnly,18102313874AF,338497,400755,49697,E-MINI S&P 500 STOCK INDEX - CHICAGO MERCANTILE EXCHANGE,283441,250105,2919850,203978,193864,15408,42.3,27.2,10.1,10.3,24.7,6.9,11.6,13.7,1.7,9.7,8.6,7.0,6.6,0.5,90.3,91.4,100.0,2018-10-23T00:00:00.000,2636409,2669745,165,91,116,39,41,24,84,100,62,46,32,14,598,418,396,2018 Report Week 43
1936162,919977,652874,043,043602,CBT,CHI,F30,20501,-8137,3875,5174,30734,-2212,53881,70961,9823,-3707,1599,110158,15731,-3577,7092,113865,108559,"T-NOTES, 6.5-10 YEAR",FINANCIAL INSTRUMENTS,"T-NOTES, 6.5-10 YEAR",Interest Rates - U.S. Treasury,25.5,18.7,35.1,30.2,20.8,16.5,29.2,25.3,UST 10Y NOTE,"(CONTRACTS OF $100,000 FACE VALUE)",122935,379640,39873,FutOnly,181023043602F,456627,1307178,97957,10-YEAR U.S. TREASURY NOTES - CHICAGO BOARD OF TRADE,393978,484974,4244930,502877,320810,41647,45.6,21.7,15.4,2.9,8.9,0.9,10.8,30.8,2.3,9.3,11.4,11.8,7.6,1.0,90.7,88.6,100.0,2018-10-23T00:00:00.000,3850952,3759956,108,93,110,22,46,16,59,82,47,29,27,17,466,311,345,2018 Report Week 43
1114233,397921,315560,042,042601,CBT,CHI,F30,-16288,-2991,19675,42310,26872,-5507,-6012,5545,-3358,-2235,-3949,49693,18004,10302,3104,51928,53642,"T-NOTES, 1-2 YEAR",FINANCIAL INSTRUMENTS,"T-NOTES, 1-2 YEAR",Interest Rates - U.S. Treasury,23.1,19.3,31.8,31.0,16.3,17.0,24.5,26.5,UST 2Y NOTE,"(CONTRACTS OF $200,000 FACE VALUE)",110974,148312,13520,FutOnly,181023042601F,280475,886092,29150,2-YEAR U.S. TREASURY NOTES - CHICAGO BOARD OF TRADE,128082,166595,2271520,270440,305284,9086,49.1,17.5,13.9,4.9,6.5,0.6,12.3,39.0,1.3,5.6,7.3,11.9,13.4,0.4,94.4,92.7,100.0,2018-10-23T00:00:00.000,2143438,2104925,99,37,68,19,28,9,46,69,32,29,31,9,358,245,231,2018 Report Week 43
1161987,802768,325489,138,13874A,CME,CHI,F20,-71965,8984,31968,4387,-11113,35590,43426,10186,12278,-1387,-6470,68340,20155,-6971,-6112,69727,74810,,,S&P BROAD BASED STOCK INDICES,,10.5,18.6,19.1,30.1,8.8,14.4,15.2,24.8,E-MINI S&P 500,($50 X S&P 500 INDEX),305666,711526,235667,FutOnly,18103013874AF,381923,410941,61975,E-MINI S&P 500 STOCK INDEX - CHICAGO MERCANTILE EXCHANGE,282054,243635,2988190,224133,186893,9296,38.9,26.9,10.9,10.2,23.8,7.9,12.8,13.8,2.1,9.4,8.2,7.5,6.3,0.3,90.6,91.8,100.0,2018-10-30T00:00:00.000,2706136,2744555,169,98,122,34,43,23,89,102,63,50,31,15,617,436,404,2018 Report Week 44
1953663,788187,656896,043,043602,CBT,CHI,F30,17501,-131790,4022,-40707,29858,-8107,-13476,3903,17013,19939,10939,-41123,-38410,31937,1102,-61062,-52062,"T-NOTES, 6.5-10 YEAR",FINANCIAL INSTRUMENTS,"T-NOTES, 6.5-10 YEAR",Interest Rates - U.S. Treasury,26.6,19.1,36.1,30.9,21.6,17.1,29.4,26.0,UST 10Y NOTE,"(CONTRACTS OF $100,000 FACE VALUE)",82228,409498,31766,FutOnly,181030043602F,443151,1311081,114970,10-YEAR U.S. TREASURY NOTES - CHICAGO BOARD OF TRADE,413917,495913,4203807,464467,352747,42749,46.5,18.7,15.6,2.0,9.7,0.8,10.5,31.2,2.7,9.8,11.8,11.0,8.4,1.0,90.2,88.2,100.0,2018-10-30T00:00:00.000,3789890,3707894,110,83,103,17,51,16,48,85,47,26,36,14,456,290,346,2018 Report Week 44
1135267,398525,328837,042,042601,CBT,CHI,F30,21034,604,13277,-24783,20799,3767,38311,93406,19665,8779,6344,173034,76717,-1095,16267,164255,166690,"T-NOTES, 1-2 YEAR",FINANCIAL INSTRUMENTS,"T-NOTES, 1-2 YEAR",Interest Rates - U.S. Treasury,21.2,19.3,30.0,31.8,14.8,17.8,22.8,27.9,UST 2Y NOTE,"(CONTRACTS OF $200,000 FACE VALUE)",86191,169111,17287,FutOnly,181030042601F,318786,979498,48815,2-YEAR U.S. TREASURY NOTES - CHICAGO BOARD OF TRADE,136861,172939,2444554,347157,304189,25353,46.4,16.3,13.5,3.5,6.9,0.7,13.0,40.1,2.0,5.6,7.1,14.2,12.4,1.0,94.4,92.9,100.0,2018-10-30T00:00:00.000,2307693,2271615,99,35,69,17,28,8,46,69,33,27,29,13,350,238,235,2018 Report Week 44
1209996,804548,313750,138,13874A,CME,CHI,F20,48009,1780,-11739,-22590,-63872,34244,-83294,-4086,17070,1336,-3304,-47764,-30630,-17687,-170,-49100,-44460,,,S&P BROAD BASED STOCK INDICES,,11.4,18.7,20.4,29.6,8.6,13.3,15.1,23.4,E-MINI S&P 500,($50 X S&P 500 INDEX),283076,647654,269911,FutOnly,18110613874AF,298629,406855,79045,E-MINI S&P 500 STOCK INDEX - CHICAGO MERCANTILE EXCHANGE,283390,240331,2940426,193503,169206,9126,41.2,27.4,10.7,9.6,22.0,9.2,10.2,13.8,2.7,9.6,8.2,6.6,5.8,0.3,90.4,91.8,100.0,2018-11-06T00:00:00.000,2657036,2700095,170,99,124,38,39,27,86,100,61,45,27,12,604,436,392,2018 Report Week 45
1998684,874514,645529,043,043602,CBT,CHI,F30,45021,86327,-11367,15112,-62388,4596,-1120,75206,5246,-50076,-20578,56191,41979,-27651,6800,106267,76769,"T-NOTES, 6.5-10 YEAR",FINANCIAL INSTRUMENTS,"T-NOTES, 6.5-10 YEAR",Interest Rates - U.S. Treasury,27.2,19.1,36.4,30.3,22.4,17.4,30.6,25.5,UST 10Y NOTE,"(CONTRACTS OF $100,000 FACE VALUE)",97340,347110,36362,FutOnly,181106043602F,442031,1386287,120216,10-YEAR U.S. TREASURY NOTES - CHICAGO BOARD OF TRADE,363841,475335,4259998,506446,325096,49549,46.9,20.5,15.2,2.3,8.1,0.9,10.4,32.5,2.8,8.5,11.2,11.9,7.6,1.2,91.5,88.8,100.0,2018-11-06T00:00:00.000,3896157,3784663,111,88,104,24,46,24,48,95,47,25,33,15,471,301,360,2018 Report Week 45
1083429,417843,350865,042,042601,CBT,CHI,F30,-51838,19318,22028,14181,-8735,8359,-2422,6088,42544,1698,397,30171,-236,-55685,-4143,28473,29774,"T-NOTES, 1-2 YEAR",FINANCIAL INSTRUMENTS,"T-NOTES, 1-2 YEAR",Interest Rates - U.S. Treasury,20.5,19.9,29.0,33.4,12.5,16.9,20.3,26.6,UST 2Y NOTE,"(CONTRACTS OF $200,000 FACE VALUE)",100372,160376,25646,FutOnly,181106042601F,316364,985586,91359,2-YEAR U.S. TREASURY NOTES - CHICAGO BOARD OF TRADE,138559,173336,2474725,346921,248504,21210,43.8,16.9,14.2,4.1,6.5,1.0,12.8,39.8,3.7,5.6,7.0,14.0,10.0,0.9,94.4,93.0,100.0,2018-11-06T00:00:00.000,2336166,2301389,96,39,69,17,29,13,45,71,31,27,24,8,348,237,232,2018 Report Week 45
1251085,775397,315913,138,13874A,CME,CHI,F20,41089,-29151,2163,6006,45068,-488,-13169,11560,449,2426,5740,26626,-11871,-8736,21,24200,20886,,,S&P BROAD BASED STOCK INDICES,,12.0,19.2,20.7,30.8,8.6,13.7,15.0,24.5,E-MINI S&P 500,($50 X S&P 500 INDEX),289082,692722,269423,FutOnly,18111313874AF,285460,418415,79494,E-MINI S&P 500 STOCK INDEX - CHICAGO MERCANTILE EXCHANGE,285816,246071,2967052,181632,160470,9147,42.2,26.1,10.6,9.7,23.3,9.1,9.6,14.1,2.7,9.6,8.3,6.1,5.4,0.3,90.4,91.7,100.0,2018-11-13T00:00:00.000,2681236,2720981,181,94,130,39,41,25,84,108,64,42,21,10,610,437,402,2018 Report Week 46
1971873,874049,657492,043,043602,CBT,CHI,F30,-26811,-465,11963,-16083,61502,-5460,37125,-91724,-3805,19657,17134,-9461,-19326,8115,-6721,-29118,-26595,"T-NOTES, 6.5-10 YEAR",FINANCIAL INSTRUMENTS,"T-NOTES, 6.5-10 YEAR",Interest Rates - U.S. Treasury,27.5,20.2,36.6,31.5,22.4,18.8,30.2,27.4,UST 10Y NOTE,"(CONTRACTS OF $100,000 FACE VALUE)",81257,408612,30902,FutOnly,181113043602F,479156,1294563,116411,10-YEAR U.S. TREASURY NOTES - CHICAGO BOARD OF TRADE,383498,492469,4250537,487120,333211,42828,46.4,20.6,15.5,1.9,9.6,0.7,11.3,30.5,2.7,9.0,11.6,11.5,7.8,1.0,91.0,88.4,100.0,2018-11-13T00:00:00.000,3867039,3758068,108,85,106,20,45,18,60,78,53,23,27,12,446,305,330,2018 Report Week 46
1051669,418149,399863,042,042601,CBT,CHI,F30,-31760,306,48998,-2762,-5270,6610,28636,66936,49910,5533,4266,129806,23040,-43551,1601,124273,125540,"T-NOTES, 1-2 YEAR",FINANCIAL INSTRUMENTS,"T-NOTES, 1-2 YEAR",Interest Rates - U.S. Treasury,19.9,23.1,29.2,36.4,11.2,18.1,18.7,27.6,UST 2Y NOTE,"(CONTRACTS OF $200,000 FACE VALUE)",97610,155106,32256,FutOnly,181113042601F,345000,1052522,141269,2-YEAR U.S. TREASURY NOTES - CHICAGO BOARD OF TRADE,144092,177602,2604531,369961,204953,22811,40.4,16.1,15.4,3.7,6.0,1.2,13.2,40.4,5.4,5.5,6.8,14.2,7.9,0.9,94.5,93.2,100.0,2018-11-13T00:00:00.000,2460439,2426929,98,39,71,14,28,13,51,70,37,26,23,9,349,245,234,2018 Report Week 46
1227153,785100,342663,138,13874A,CME,CHI,F20,-23932,9703,26750,23128,91607,10771,16785,-40294,-7385,12745,-14741,82587,23177,5628,548,69842,97328,,,S&P BROAD BASED STOCK INDICES,,12.2,19.6,20.5,31.3,8.3,14.6,14.3,25.3,E-MINI S&P 500,($50 X S&P 500 INDEX),312210,784329,280194,FutOnly,18112013874AF,302245,378121,72109,E-MINI S&P 500 STOCK INDEX - CHICAGO MERCANTILE EXCHANGE,298561,231330,3049639,204809,166098,9695,40.2,25.7,11.2,10.2,25.7,9.2,9.9,12.4,2.4,9.8,7.6,6.7,5.4,0.3,90.2,92.4,100.0,2018-11-20T00:00:00.000,2751078,2818309,175,99,129,38,43,28,93,99,70,45,22,11,614,446,406,2018 Report Week 47
1988577,825414,699570,043,043602,CBT,CHI,F30,16704,-48635,42078,19925,-12198,28673,-5888,92173,40710,13049,-2572,120608,-32306,-17284,-2337,107559,123180,"T-NOTES, 6.5-10 YEAR",FINANCIAL INSTRUMENTS,"T-NOTES, 6.5-10 YEAR",Interest Rates - U.S. Treasury,27.3,20.1,37.0,31.1,22.1,18.9,30.0,26.4,UST 10Y NOTE,"(CONTRACTS OF $100,000 FACE VALUE)",101182,396414,59575,FutOnly,181120043602F,473268,1386736,157121,10-YEAR U.S. TREASURY NOTES - CHICAGO BOARD OF TRADE,396547,489897,4371145,454814,315927,40491,45.5,18.9,16.0,2.3,9.1,1.4,10.8,31.7,3.6,9.1,11.2,10.4,7.2,0.9,90.9,88.8,100.0,2018-11-20T00:00:00.000,3974598,3881248,110,79,103,24,44,20,49,88,65,23,24,14,442,310,334,2018 Report Week 47
1122768,393595,376381,042,042601,CBT,CHI,F30,71099,-24554,-23482,19831,51850,29728,66514,202481,40238,-4481,1816,297651,90689,12059,7515,302132,295835,"T-NOTES, 1-2 YEAR",FINANCIAL INSTRUMENTS,"T-NOTES, 1-2 YEAR",Interest Rates - U.S. Treasury,19.6,21.6,28.2,35.6,12.9,19.8,20.4,29.5,UST 2Y NOTE,"(CONTRACTS OF $200,000 FACE VALUE)",117441,206956,61984,FutOnly,181120042601F,411514,1255003,181507,2-YEAR U.S. TREASURY NOTES - CHICAGO BOARD OF TRADE,139611,179418,2902182,460650,217012,30326,38.7,13.6,13.0,4.0,7.1,2.1,14.2,43.2,6.3,4.8,6.2,15.9,7.5,1.0,95.2,93.8,100.0,2018-11-20T00:00:00.000,2762571,2722764,100,39,72,18,29,12,48,74,41,29,24,11,362,254,244,2018 Report Week 47
1215873,769887,342332,138,13874A,CME,CHI,F20,-11280,-15213,-331,-451,-35779,22655,25829,-1260,13280,-6572,-11,-11978,-56998,2791,1890,-5406,-11967,,,S&P BROAD BASED STOCK INDICES,,12.6,19.5,20.9,30.7,8.3,14.2,14.6,24.9,E-MINI S&P 500,($50 X S&P 500 INDEX),311759,748550,302849,FutOnly,18112713874AF,328074,376861,85389,E-MINI S&P 500 STOCK INDEX - CHICAGO MERCANTILE EXCHANGE,291989,231319,3037661,147811,168889,11585,40.0,25.3,11.3,10.3,24.6,10.0,10.8,12.4,2.8,9.6,7.6,4.9,5.6,0.4,90.4,92.4,100.0,2018-11-27T00:00:00.000,2745672,2806342,176,101,124,40,36,27,93,93,70,44,23,12,606,449,390,2018 Report Week 48
1926910,800787,709852,043,043602,CBT,CHI,F30,-61667,-24627,10282,6029,10265,-13563,-18742,-112100,28856,31138,74487,-50788,-37303,-28570,4182,-81926,-125275,"T-NOTES, 6.5-10 YEAR",FINANCIAL INSTRUMENTS,"T-NOTES, 6.5-10 YEAR",Interest Rates - U.S. Treasury,26.7,21.8,36.1,33.0,21.4,19.9,29.2,27.5,UST 10Y NOTE,"(CONTRACTS OF $100,000 FACE VALUE)",107211,406679,46012,FutOnly,181127043602F,454526,1274636,185977,10-YEAR U.S. TREASURY NOTES - CHICAGO BOARD OF TRADE,427685,564384,4320357,417511,287357,44673,44.6,18.5,16.4,2.5,9.4,1.1,10.5,29.5,4.3,9.9,13.1,9.7,6.7,1.0,90.1,86.9,100.0,2018-11-27T00:00:00.000,3892672,3755973,109,65,99,21,36,24,54,75,58,20,22,12,403,296,300,2018 Report Week 48
1147124,376552,350668,042,042601,CBT,CHI,F30,24356,-17043,-25713,-23951,-22731,-15776,-26633,-80297,-102171,26553,30115,-127284,16976,107257,-925,-153837,-157399,"T-NOTES, 1-2 YEAR",FINANCIAL INSTRUMENTS,"T-NOTES, 1-2 YEAR",Interest Rates - U.S. Treasury,21.7,21.3,31.3,35.1,16.3,20.9,24.1,32.1,UST 2Y NOTE,"(CONTRACTS OF $200,000 FACE VALUE)",93490,184225,46208,FutOnly,181127042601F,384881,1174706,79336,2-YEAR U.S. TREASURY NOTES - CHICAGO BOARD OF TRADE,166164,209533,2774898,477626,324269,29401,41.3,13.6,12.6,3.4,6.6,1.7,13.9,42.3,2.9,6.0,7.6,17.2,11.7,1.1,94.0,92.4,100.0,2018-11-27T00:00:00.000,2608734,2565365,96,38,72,22,29,19,49,65,39,25,23,9,348,249,238,2018 Report Week 48
1213418,729758,339178,138,13874A,CME,CHI,F20,-2455,-40129,-3154,10028,-19151,37554,-22892,40314,7811,36376,18730,34483,-25567,-4274,-3218,-1893,15753,,,S&P BROAD BASED STOCK INDICES,,13.3,18.9,21.7,30.1,8.5,13.6,14.9,24.2,E-MINI S&P 500,($50 X S&P 500 INDEX),321787,729399,340403,FutOnly,18120413874AF,305182,417175,93200,E-MINI S&P 500 STOCK INDEX - CHICAGO MERCANTILE EXCHANGE,328365,250049,3072144,122244,164615,8367,39.5,23.8,11.0,10.5,23.7,11.1,9.9,13.6,3.0,10.7,8.1,4.0,5.4,0.3,89.3,91.9,100.0,2018-12-04T00:00:00.000,2743779,2822095,173,95,127,38,43,31,84,99,66,41,25,11,598,428,405,2018 Report Week 49
1945332,781699,659588,043,043602,CBT,CHI,F30,18422,-19088,-50264,22627,65256,-3525,37523,44249,-26141,-21009,-73587,-60460,-14947,25786,-23146,-39451,13127,"T-NOTES, 6.5-10 YEAR",FINANCIAL INSTRUMENTS,"T-NOTES, 6.5-10 YEAR",Interest Rates - U.S. Treasury,25.6,21.3,35.8,32.1,20.6,19.6,29.4,27.5,UST 10Y NOTE,"(CONTRACTS OF $100,000 FACE VALUE)",129838,471935,42487,FutOnly,181204043602F,492049,1318885,159836,10-YEAR U.S. TREASURY NOTES - CHICAGO BOARD OF TRADE,406676,490797,4259897,402564,313143,21527,45.7,18.4,15.5,3.0,11.1,1.0,11.6,31.0,3.8,9.5,11.5,9.4,7.4,0.5,90.5,88.5,100.0,2018-12-04T00:00:00.000,3853221,3769100,114,65,98,24,38,22,61,76,52,21,23,8,422,298,304,2018 Report Week 49
1144474,369229,322925,042,042601,CBT,CHI,F30,-2650,-7323,-27743,2287,-28541,-18678,-38992,4474,-12569,-15768,-33185,-129883,-3714,5738,-12056,-114115,-96698,"T-NOTES, 1-2 YEAR",FINANCIAL INSTRUMENTS,"T-NOTES, 1-2 YEAR",Interest Rates - U.S. Treasury,22.1,23.9,32.3,38.6,16.3,23.4,25.4,34.9,UST 2Y NOTE,"(CONTRACTS OF $200,000 FACE VALUE)",95777,155684,27530,FutOnly,181204042601F,345889,1179180,66767,2-YEAR U.S. TREASURY NOTES - CHICAGO BOARD OF TRADE,150396,176348,2645015,473912,330007,17345,43.3,14.0,12.2,3.6,5.9,1.0,13.1,44.6,2.5,5.7,6.7,17.9,12.5,0.7,94.3,93.3,100.0,2018-12-04T00:00:00.000,2494619,2468667,97,39,69,19,26,11,46,66,34,27,20,5,340,241,218,2018 Report Week 49
1165132,785622,349479,138,13874A,CME,CHI,F20,-48286,55864,10301,22478,36018,713,54455,-40610,2765,17111,-9164,63040,1866,5516,1637,45929,72204,,,S&P BROAD BASED STOCK INDICES,,13.4,19.3,21.3,30.4,8.3,14.2,14.2,24.7,E-MINI S&P 500,($50 X S&P 500 INDEX),344265,765417,341116,FutOnly,18121113874AF,359637,376565,95965,E-MINI S&P 500 STOCK INDEX - CHICAGO MERCANTILE EXCHANGE,345476,240885,3135184,124110,170131,10004,37.2,25.1,11.1,11.0,24.4,10.9,11.5,12.0,3.1,11.0,7.7,4.0,5.4,0.3,89.0,92.3,100.0,2018-12-11T00:00:00.000,2789708,2894299,169,101,122,40,40,32,85,92,70,36,28,10,591,430,395,2018 Report Week 50
2003352,860796,650045,043,043602,CBT,CHI,F30,58020,79097,-9543,12047,-50644,-5509,-20303,21963,-32416,24481,-39262,-35062,-51930,11161,-9909,-59543,4200,"T-NOTES, 6.5-10 YEAR",FINANCIAL INSTRUMENTS,"T-NOTES, 6.5-10 YEAR",Interest Rates - U.S. Treasury,25.5,21.4,35.5,31.8,20.7,19.7,29.3,27.3,UST 10Y NOTE,"(CONTRACTS OF $100,000 FACE VALUE)",141885,421291,36978,FutOnly,181211043602F,471746,1340848,127420,10-YEAR U.S. TREASURY NOTES - CHICAGO BOARD OF TRADE,431157,451535,4224835,350634,324304,11618,47.4,20.4,15.4,3.4,10.0,0.9,11.2,31.7,3.0,10.2,10.7,8.3,7.7,0.3,89.8,89.3,100.0,2018-12-11T00:00:00.000,3793678,3773300,111,67,102,26,37,12,60,75,43,24,23,11,423,291,300,2018 Report Week 50
1110161,322943,307400,042,042601,CBT,CHI,F30,-34313,-46286,-15525,1338,43378,-10265,-3436,-58400,3614,9709,-4089,-100842,-54776,-16081,2812,-110551,-96753,"T-NOTES, 1-2 YEAR",FINANCIAL INSTRUMENTS,"T-NOTES, 1-2 YEAR",Interest Rates - U.S. Treasury,21.6,24.2,33.2,39.3,17.0,24.1,26.6,36.3,UST 2Y NOTE,"(CONTRACTS OF $200,000 FACE VALUE)",97115,199062,17265,FutOnly,181211042601F,342453,1120780,70381,2-YEAR U.S. TREASURY NOTES - CHICAGO BOARD OF TRADE,160105,172259,2544173,419136,313926,20157,43.6,12.7,12.1,3.8,7.8,0.7,13.5,44.1,2.8,6.3,6.8,16.5,12.3,0.8,93.7,93.2,100.0,2018-12-11T00:00:00.000,2384068,2371914,95,42,69,17,28,6,45,64,30,23,23,7,337,228,221,2018 Report Week 50
2010505,798582,638227,043,043602,CBT,CHI,F30,7153,-62214,-11818,71,-32352,6212,-59026,7515,11030,-6135,-9952,-88281,-36402,2664,634,-82146,-78329,"T-NOTES, 6.5-10 YEAR",FINANCIAL INSTRUMENTS,"T-NOTES, 6.5-10 YEAR",Interest Rates - U.S. Treasury,25.3,21.0,34.6,31.0,20.6,19.6,28.9,27.1,UST 10Y NOTE,"(CONTRACTS OF $100,000 FACE VALUE)",141956,388939,43190,FutOnly,181218043602F,412720,1348363,138450,10-YEAR U.S. TREASURY NOTES - CHICAGO BOARD OF TRADE,425022,441583,4136554,314232,326968,12252,48.6,19.3,15.4,3.4,9.4,1.0,10.0,32.6,3.3,10.3,10.7,7.6,7.9,0.3,89.7,89.3,100.0,2018-12-18T00:00:00.000,3711532,3694971,115,67,101,26,39,14,57,78,45,21,24,10,427,288,309,2018 Report Week 51
1161761,787759,369680,138,13874A,CME,CHI,F20,-3371,2137,20201,-20358,81936,-55935,45050,-19655,12518,71834,34902,85281,15863,9698,-521,13447,50379,,,S&P BROAD BASED STOCK INDICES,,10.1,16.8,17.9,27.8,8.3,14.9,14.0,25.1,E-MINI S&P 500,($50 X S&P 500 INDEX),323907,847353,285181,FutOnly,18121813874AF,404687,356910,108483,E-MINI S&P 500 STOCK INDEX - CHICAGO MERCANTILE EXCHANGE,417310,275787,3220465,139973,179829,9483,36.1,24.5,11.5,10.1,26.3,8.9,12.6,11.1,3.4,13.0,8.6,4.3,5.6,0.3,87.0,91.4,100.0,2018-12-18T00:00:00.000,2803155,2944678,174,95,129,37,42,39,94,84,81,42,24,14,592,451,404,2018 Report Week 51
1104095,305227,283119,042,042601,CBT,CHI,F30,-6066,-17716,-24281,-8246,45257,-2822,86201,52055,8758,3942,-12693,63637,2679,11607,3472,59695,76330,"T-NOTES, 1-2 YEAR",FINANCIAL INSTRUMENTS,"T-NOTES, 1-2 YEAR",Interest Rates - U.S. Treasury,21.2,25.5,32.5,40.5,18.3,25.5,27.2,37.0,UST 2Y NOTE,"(CONTRACTS OF $200,000 FACE VALUE)",88869,244319,14443,FutOnly,181218042601F,428654,1172835,79139,2-YEAR U.S. TREASURY NOTES - CHICAGO BOARD OF TRADE,164047,159566,2607810,421815,325533,23629,42.3,11.7,10.9,3.4,9.4,0.6,16.4,45.0,3.0,6.3,6.1,16.2,12.5,0.9,93.7,93.9,100.0,2018-12-18T00:00:00.000,2443763,2448244,93,38,67,18,34,6,47,63,26,23,28,9,344,224,228,2018 Report Week 51
1275156,738849,326108,138,13874A,CME,CHI,F20,113395,-48910,-43572,-133189,103831,-239117,31790,-69490,-59740,-83332,-61822,-411975,4262,9317,-2472,-328643,-350153,,,S&P BROAD BASED STOCK INDICES,,11.4,17.0,19.4,28.1,10.4,17.0,17.5,27.8,E-MINI S&P 500,($50 X S&P 500 INDEX),190718,951184,46064,FutOnly,18122413874AF,436477,287420,48743,E-MINI S&P 500 STOCK INDEX - CHICAGO MERCANTILE EXCHANGE,333978,213965,2808490,144235,189146,7011,45.4,26.3,11.6,6.8,33.9,1.6,15.5,10.2,1.7,11.9,7.6,5.1,6.7,0.2,88.1,92.4,100.0,2018-12-24T00:00:00.000,2474512,2594525,167,102,127,29,44,13,101,81,54,44,24,10,592,416,380,2018 Report Week 52
1986175,836174,632940,043,043602,CBT,CHI,F30,-24330,37592,-5287,2128,-14700,5649,-40045,-115345,-51425,11591,-2883,-159562,-54777,-10097,-3066,-171153,-156679,"T-NOTES, 6.5-10 YEAR",FINANCIAL INSTRUMENTS,"T-NOTES, 6.5-10 YEAR",Interest Rates - U.S. Treasury,26.8,22.8,34.9,33.3,21.6,21.1,28.5,29.3,UST 10Y NOTE,"(CONTRACTS OF $100,000 FACE VALUE)",144084,374239,48839,FutOnly,181224043602F,372675,1233018,87025,10-YEAR U.S. TREASURY NOTES - CHICAGO BOARD OF TRADE,436613,438700,3976992,259455,316871,9186,49.9,21.0,15.9,3.6,9.4,1.2,9.4,31.0,2.2,11.0,11.0,6.5,8.0,0.2,89.0,89.0,100.0,2018-12-24T00:00:00.000,3540379,3538292,120,62,102,22,35,11,58,72,49,15,22,8,406,284,292,2018 Report Week 52
1155880,309363,285868,042,042601,CBT,CHI,F30,51785,4136,2749,2374,30879,-1044,47826,71468,-7768,-10405,-10265,92830,6865,2227,448,103235,103095,"T-NOTES, 1-2 YEAR",FINANCIAL INSTRUMENTS,"T-NOTES, 1-2 YEAR",Interest Rates - U.S. Treasury,20.5,26.9,31.4,41.7,17.5,26.3,26.9,38.8,UST 2Y NOTE,"(CONTRACTS OF $200,000 FACE VALUE)",91243,275198,13399,FutOnly,181224042601F,476480,1244303,71371,2-YEAR U.S. TREASURY NOTES - CHICAGO BOARD OF TRADE,153642,149301,2700640,428680,327760,24077,42.8,11.5,10.6,3.4,10.2,0.5,17.6,46.1,2.6,5.7,5.5,15.9,12.1,0.9,94.3,94.5,100.0,2018-12-24T00:00:00.000,2546998,2551339,95,36,67,19,31,6,47,61,25,24,26,8,339,225,220,2018 Report Week 52
1307877,678486,324962,138,13874A,CME,CHI,F20,32721,-60363,-1146,-7541,-61551,7154,-140461,-2219,5382,-27133,11228,-113606,18219,-11290,-801,-86473,-124834,,,S&P BROAD BASED STOCK INDICES,,11.6,15.7,20.3,27.3,10.7,15.7,17.9,27.0,E-MINI S&P 500,($50 X S&P 500 INDEX),183177,889633,53218,FutOnly,18123113874AF,296016,285201,54125,E-MINI S&P 500 STOCK INDEX - CHICAGO MERCANTILE EXCHANGE,306845,225193,2694884,162454,177856,6210,48.5,25.2,12.1,6.8,33.0,2.0,11.0,10.6,2.0,11.4,8.4,6.0,6.6,0.2,88.6,91.6,100.0,2018-12-31T00:00:00.000,2388039,2469691,169,99,126,28,46,13,79,83,55,45,25,10,574,400,378,2018 Report Week 53
2009526,767133,652574,043,043602,CBT,CHI,F30,23351,-69041,19634,-16994,16507,9937,33128,-17819,16120,-17559,-6017,67522,-4471,93825,4376,85081,73539,"T-NOTES, 6.5-10 YEAR",FINANCIAL INSTRUMENTS,"T-NOTES, 6.5-10 YEAR",Interest Rates - U.S. Treasury,26.5,21.8,34.6,32.2,21.1,20.0,28.1,28.9,UST 10Y NOTE,"(CONTRACTS OF $100,000 FACE VALUE)",127090,390746,58776,FutOnly,181231043602F,405803,1215199,103145,10-YEAR U.S. TREASURY NOTES - CHICAGO BOARD OF TRADE,419054,432683,4044514,254984,410696,13562,49.7,19.0,16.1,3.1,9.7,1.5,10.0,30.0,2.6,10.4,10.7,6.3,10.2,0.3,89.6,89.3,100.0,2018-12-31T00:00:00.000,3625460,3611831,123,64,107,20,44,12,63,71,49,15,26,8,426,293,309,2018 Report Week 53
1130761,292239,303638,042,042601,CBT,CHI,F30,-25119,-17124,17770,-15869,28819,567,43625,15648,7342,3182,-12689,52132,19814,10979,820,48950,64821,"T-NOTES, 1-2 YEAR",FINANCIAL INSTRUMENTS,"T-NOTES, 1-2 YEAR",Interest Rates - U.S. Treasury,20.6,27.5,31.4,42.4,17.7,26.9,26.7,39.7,UST 2Y NOTE,"(CONTRACTS OF $200,000 FACE VALUE)",75374,304017,13966,FutOnly,181231042601F,520105,1259951,78713,2-YEAR U.S. TREASURY NOTES - CHICAGO BOARD OF TRADE,156824,136612,2752772,448494,338739,24897,41.1,10.6,11.0,2.7,11.0,0.5,18.9,45.8,2.9,5.7,5.0,16.3,12.3,0.9,94.3,95.0,100.0,2018-12-31T00:00:00.000,2595948,2616160,94,35,67,13,34,7,52,58,25,23,29,8,338,221,224,2018 Report Week 53
