asset_mgr_positions_long,asset_mgr_positions_short,asset_mgr_positions_spread,cftc_commodity_code,cftc_contract_market_code,cftc_market_code,cftc_region_code,cftc_subgroup_code,change_in_asset_mgr_long,change_in_asset_mgr_short,change_in_asset_mgr_spread,change_in_dealer_long_all,change_in_dealer_short_all,change_in_dealer_spread_all,change_in_lev_money_long,change_in_lev_money_short,change_in_lev_money_spread,change_in_nonrept_long_all,change_in_nonrept_short_all,change_in_open_interest_all,change_in_other_rept_long,change_in_other_rept_short,change_in_other_rept_spread,change_in_tot_rept_long_all,change_in_tot_rept_short,commodity,commodity_group_name,commodity_name,commodity_subgroup_name,conc_gross_le_4_tdr_long,conc_gross_le_4_tdr_short,conc_gross_le_8_tdr_long,conc_gross_le_8_tdr_short,conc_net_le_4_tdr_long_all,conc_net_le_4_tdr_short_all,conc_net_le_8_tdr_long_all,conc_net_le_8_tdr_short_all,contract_market_name,contract_units,dealer_positions_long_all,dealer_positions_short_all,dealer_positions_spread_all,futonly_or_combined,id,lev_money_positions_long,lev_money_positions_short,lev_money_positions_spread,market_and_exchange_names,nonrept_positions_long_all,nonrept_positions_short_all,open_interest_all,other_rept_positions_long,other_rept_positions_short,other_rept_positions_spread,pct_of_oi_asset_mgr_long,pct_of_oi_asset_mgr_short,pct_of_oi_asset_mgr_spread,pct_of_oi_dealer_long_all,pct_of_oi_dealer_short_all,pct_of_oi_dealer_spread_all,pct_of_oi_lev_money_long,pct_of_oi_lev_money_short,pct_of_oi_lev_money_spread,pct_of_oi_nonrept_long_all,pct_of_oi_nonrept_short_all,pct_of_oi_other_rept_long,pct_of_oi_other_rept_short,pct_of_oi_other_rept_spread,pct_of_oi_tot_rept_long_all,pct_of_oi_tot_rept_short,pct_of_open_interest_all,report_date_as_yyyy_mm_dd,tot_rept_positions_long_all,tot_rept_positions_short,traders_asset_mgr_long_all,traders_asset_mgr_short_all,traders_asset_mgr_spread,traders_dealer_long_all,traders_dealer_short_all,traders_dealer_spread_all,traders_lev_money_long_all,traders_lev_money_short_all,traders_lev_money_spread,traders_other_rept_long_all,traders_other_rept_short,traders_other_rept_spread,traders_tot_all,traders_tot_rept_long_all,traders_tot_rept_short_all,yyyy_report_week_ww
1517347,485703,226936,138,13874A,CME,CHI,F20,-1034,-4807,-3177,-4548,-30078,2076,13285,14246,-242,-10238,12875,-10701,-6762,-1533,-61,-463,-23576,,,S&P BROAD BASED STOCK INDICES,,15.2,17.1,24.1,28.1,14.5,16.7,21.9,27.6,E-MINI S&P 500,($50 X S&P 500 INDEX),211413,842691,52239,FutOnly,20010713874AF,306634,496926,33576,E-MINI S&P 500 STOCK INDEX - CHICAGO MERCANTILE EXCHANGE,267561,269404,2709583,89775,298006,4102,56.0,17.9,8.4,7.8,31.1,1.9,11.3,18.3,1.2,9.9,9.9,3.3,11.0,0.2,90.1,90.1,100.0,2020-01-07T00:00:00.000,2442022,2440179,167,84,121,29,38,20,72,101,47,30,43,11,564,377,386,2020 Report Week 01
1684086,829155,702214,043,043602,CBT,CHI,F30,58681,9776,-11800,-9376,-14665,10955,87242,120169,-8507,20920,9839,129936,-18386,13962,207,109016,120097,"T-NOTES, 6.5-10 YEAR",FINANCIAL INSTRUMENTS,"T-NOTES, 6.5-10 YEAR",Interest Rates - U.S. Treasury,20.2,19.1,28.3,29.0,12.9,16.6,20.0,23.9,UST 10Y NOTE,"(CONTRACTS OF $100,000 FACE VALUE)",142605,265227,56805,FutOnly,200107043602F,479653,1169911,84823,10-YEAR U.S. TREASURY NOTES - CHICAGO BOARD OF TRADE,401072,408329,3753965,195874,230668,6833,44.9,22.1,18.7,3.8,7.1,1.5,12.8,31.2,2.3,10.7,10.9,5.2,6.1,0.2,89.3,89.1,100.0,2020-01-07T00:00:00.000,3352893,3345636,107,75,98,25,36,11,54,71,42,20,22,6,410,285,282,2020 Report Week 01
1724199,828023,298740,042,042601,CBT,CHI,F30,-11134,-54510,9521,4499,-43052,-571,-56503,28243,9869,15742,1073,-42179,-13521,7329,-81,-57921,-43252,"T-NOTES, 1-2 YEAR",FINANCIAL INSTRUMENTS,"T-NOTES, 1-2 YEAR",Interest Rates - U.S. Treasury,23.8,33.5,38.2,51.7,23.3,32.6,36.1,50.5,UST 2Y NOTE,"(CONTRACTS OF $200,000 FACE VALUE)",102861,229643,8995,FutOnly,200107042601F,853143,1863594,44794,2-YEAR U.S. TREASURY NOTES - CHICAGO BOARD OF TRADE,186363,109549,3537903,316973,152730,1835,48.7,23.4,8.4,2.9,6.5,0.3,24.1,52.7,1.3,5.3,3.1,9.0,4.3,0.1,94.7,96.9,100.0,2020-01-07T00:00:00.000,3351540,3428354,120,31,67,22,32,8,64,50,35,23,15,5,357,274,198,2020 Report Week 01
1564147,470129,219094,138,13874A,CME,CHI,F20,46800,-15574,-7842,-43642,29799,19987,-43215,2450,7980,12426,-18181,-6581,1065,-25060,-140,-19007,11600,,,S&P BROAD BASED STOCK INDICES,,15.0,16.9,24.5,28.3,14.4,16.1,22.4,27.5,E-MINI S&P 500,($50 X S&P 500 INDEX),167771,872490,72226,FutOnly,20011413874AF,263419,499376,41556,E-MINI S&P 500 STOCK INDEX - CHICAGO MERCANTILE EXCHANGE,279987,251223,2703002,90840,272946,3962,57.9,17.4,8.1,6.2,32.3,2.7,9.7,18.5,1.5,10.4,9.3,3.4,10.1,0.1,89.6,90.7,100.0,2020-01-14T00:00:00.000,2423015,2451779,170,83,121,32,35,24,67,101,49,31,41,10,560,378,386,2020 Report Week 02
1707409,830354,720651,043,043602,CBT,CHI,F30,23323,1199,18437,6388,22961,-7081,-128738,-68174,6279,6994,-6070,-65976,7524,-34425,898,-72970,-59906,"T-NOTES, 6.5-10 YEAR",FINANCIAL INSTRUMENTS,"T-NOTES, 6.5-10 YEAR",Interest Rates - U.S. Treasury,20.5,19.7,29.6,29.4,13.1,17.2,20.5,25.1,UST 10Y NOTE,"(CONTRACTS OF $100,000 FACE VALUE)",148993,288188,49724,FutOnly,200114043602F,350915,1101737,91102,10-YEAR U.S. TREASURY NOTES - CHICAGO BOARD OF TRADE,408066,402259,3687989,203398,196243,7731,46.3,22.5,19.5,4.0,7.8,1.3,9.5,29.9,2.5,11.1,10.9,5.5,5.3,0.2,88.9,89.1,100.0,2020-01-14T00:00:00.000,3279923,3285730,108,78,99,23,42,12,53,66,42,23,20,7,413,291,282,2020 Report Week 02
1717740,865696,311019,042,042601,CBT,CHI,F30,-6459,37673,12279,-10394,-4545,4585,55056,-403,12976,5824,4689,57688,-16186,-9573,7,51864,52999,"T-NOTES, 1-2 YEAR",FINANCIAL INSTRUMENTS,"T-NOTES, 1-2 YEAR",Interest Rates - U.S. Treasury,23.6,32.9,37.7,51.2,23.2,32.0,35.7,49.6,UST 2Y NOTE,"(CONTRACTS OF $200,000 FACE VALUE)",92467,225098,13580,FutOnly,200114042601F,908199,1863191,57770,2-YEAR U.S. TREASURY NOTES - CHICAGO BOARD OF TRADE,192187,114238,3595591,300787,143157,1842,47.8,24.1,8.7,2.6,6.3,0.4,25.3,51.8,1.6,5.3,3.2,8.4,4.0,0.1,94.7,96.8,100.0,2020-01-14T00:00:00.000,3403404,3481353,122,33,69,22,33,10,65,50,37,23,13,5,361,281,201,2020 Report Week 02
1581681,480609,212070,138,13874A,CME,CHI,F20,17534,10480,-7024,16327,31987,5877,14076,35835,4089,5199,-6147,69925,12791,-6228,1056,64726,76072,,,S&P BROAD BASED STOCK INDICES,,14.6,16.7,23.9,27.8,14.0,15.9,22.2,27.0,E-MINI S&P 500,($50 X S&P 500 INDEX),184098,904477,78103,FutOnly,20012113874AF,277495,535211,45645,E-MINI S&P 500 STOCK INDEX - CHICAGO MERCANTILE EXCHANGE,285186,245076,2772927,103631,266718,5018,57.0,17.3,7.6,6.6,32.6,2.8,10.0,19.3,1.6,10.3,8.8,3.7,9.6,0.2,89.7,91.2,100.0,2020-01-21T00:00:00.000,2487741,2527851,170,82,119,33,37,24,68,103,53,29,44,11,566,378,395,2020 Report Week 03
1759330,823874,726672,043,043602,CBT,CHI,F30,51921,-6480,6021,-1537,-42294,18982,-12883,44440,32973,11020,16451,83593,-22251,14153,-653,72573,67142,"T-NOTES, 6.5-10 YEAR",FINANCIAL INSTRUMENTS,"T-NOTES, 6.5-10 YEAR",Interest Rates - U.S. Treasury,20.6,19.4,29.2,29.3,13.4,17.1,20.4,25.0,UST 10Y NOTE,"(CONTRACTS OF $100,000 FACE VALUE)",147456,245894,68706,FutOnly,200121043602F,338032,1146177,124075,10-YEAR U.S. TREASURY NOTES - CHICAGO BOARD OF TRADE,419086,418710,3771582,181147,210396,7078,46.6,21.8,19.3,3.9,6.5,1.8,9.0,30.4,3.3,11.1,11.1,4.8,5.6,0.2,88.9,88.9,100.0,2020-01-21T00:00:00.000,3352496,3352872,109,70,95,21,39,14,50,73,50,20,18,8,401,290,278,2020 Report Week 03
1710081,924038,315415,042,042601,CBT,CHI,F30,-7659,58342,4396,6269,11096,4921,11408,-43782,29723,-3627,-9132,59445,8135,-1998,5879,63072,68577,"T-NOTES, 1-2 YEAR",FINANCIAL INSTRUMENTS,"T-NOTES, 1-2 YEAR",Interest Rates - U.S. Treasury,23.6,32.1,37.2,50.3,23.1,31.1,35.4,48.6,UST 2Y NOTE,"(CONTRACTS OF $200,000 FACE VALUE)",98736,236194,18501,FutOnly,200121042601F,919607,1819409,87493,2-YEAR U.S. TREASURY NOTES - CHICAGO BOARD OF TRADE,188560,105106,3655036,308922,141159,7721,46.8,25.3,8.6,2.7,6.5,0.5,25.2,49.8,2.4,5.2,2.9,8.5,3.9,0.2,94.8,97.1,100.0,2020-01-21T00:00:00.000,3466476,3549930,123,34,69,25,30,11,69,50,40,24,14,7,369,293,203,2020 Report Week 03
1539295,488504,224130,138,13874A,CME,CHI,F20,-42386,7895,12060,6320,38901,-1625,-3116,-31951,-11015,2351,18829,-31184,6881,-63624,-654,-33535,-50013,,,S&P BROAD BASED STOCK INDICES,,14.3,16.8,23.5,26.3,13.9,16.0,21.7,25.3,E-MINI S&P 500,($50 X S&P 500 INDEX),190418,943378,76478,FutOnly,20012813874AF,274379,503260,34630,E-MINI S&P 500 STOCK INDEX - CHICAGO MERCANTILE EXCHANGE,287537,263905,2741743,110512,203094,4364,56.1,17.8,8.2,6.9,34.4,2.8,10.0,18.4,1.3,10.5,9.6,4.0,7.4,0.2,89.5,90.4,100.0,2020-01-28T00:00:00.000,2454206,2477838,167,85,115,29,42,26,75,101,56,36,45,11,580,388,400,2020 Report Week 04
1775534,844795,726614,043,043602,CBT,CHI,F30,16204,20921,-58,13080,22882,-6164,55965,13106,20129,16456,16883,120005,-1345,26568,5738,103549,103122,"T-NOTES, 6.5-10 YEAR",FINANCIAL INSTRUMENTS,"T-NOTES, 6.5-10 YEAR",Interest Rates - U.S. Treasury,19.8,20.0,27.3,29.2,12.2,16.8,19.0,24.5,UST 10Y NOTE,"(CONTRACTS OF $100,000 FACE VALUE)",160536,268776,62542,FutOnly,200128043602F,393997,1159283,144204,10-YEAR U.S. TREASURY NOTES - CHICAGO BOARD OF TRADE,435542,435593,3891587,179802,236964,12816,45.6,21.7,18.7,4.1,6.9,1.6,10.1,29.8,3.7,11.2,11.2,4.6,6.1,0.3,88.8,88.8,100.0,2020-01-28T00:00:00.000,3456045,3455994,109,70,95,21,38,15,60,68,51,20,19,6,405,295,277,2020 Report Week 04
1669969,891486,317692,042,042601,CBT,CHI,F30,-40112,-32552,2277,-29012,-14930,19563,-2065,37514,59725,6350,-7834,65135,49946,2909,-1537,58785,72969,"T-NOTES, 1-2 YEAR",FINANCIAL INSTRUMENTS,"T-NOTES, 1-2 YEAR",Interest Rates - U.S. Treasury,23.6,30.7,35.5,49.1,23.2,29.8,34.0,47.5,UST 2Y NOTE,"(CONTRACTS OF $200,000 FACE VALUE)",69724,221264,38064,FutOnly,200128042601F,917542,1856923,147218,2-YEAR U.S. TREASURY NOTES - CHICAGO BOARD OF TRADE,194910,97272,3720171,358868,144068,6184,44.9,24.0,8.5,1.9,5.9,1.0,24.7,49.9,4.0,5.2,2.6,9.6,3.9,0.2,94.8,97.4,100.0,2020-01-28T00:00:00.000,3525261,3622899,125,32,66,23,32,12,68,49,44,26,13,5,368,296,199,2020 Report Week 04
1517375,459615,229782,138,13874A,CME,CHI,F20,-21920,-28889,5652,-26314,4753,9645,-14217,-23616,-286,7924,-3303,-44300,-6716,-10188,1932,-52224,-40997,,,S&P BROAD BASED STOCK INDICES,,13.5,18.0,22.8,26.5,12.9,17.0,20.6,24.9,E-MINI S&P 500,($50 X S&P 500 INDEX),164104,948131,86123,FutOnly,20020413874AF,260162,479644,34344,E-MINI S&P 500 STOCK INDEX - CHICAGO MERCANTILE EXCHANGE,295461,260602,2697443,103796,192906,6296,56.3,17.0,8.5,6.1,35.1,3.2,9.6,17.8,1.3,11.0,9.7,3.8,7.2,0.2,89.0,90.3,100.0,2020-02-04T00:00:00.000,2401982,2436841,167,87,118,26,42,27,71,103,51,36,46,15,579,386,404,2020 Report Week 05
1777527,917010,760339,043,043602,CBT,CHI,F30,1993,72215,33725,39282,-66094,44671,-25886,25997,94223,-1537,-12847,182705,-15281,-20700,11515,184242,195552,"T-NOTES, 6.5-10 YEAR",FINANCIAL INSTRUMENTS,"T-NOTES, 6.5-10 YEAR",Interest Rates - U.S. Treasury,18.7,18.0,26.4,27.7,11.1,15.2,17.5,23.1,UST 10Y NOTE,"(CONTRACTS OF $100,000 FACE VALUE)",199818,202682,107213,FutOnly,200204043602F,368111,1185280,238427,10-YEAR U.S. TREASURY NOTES - CHICAGO BOARD OF TRADE,434005,422746,4074292,164521,216264,24331,43.6,22.5,18.7,4.9,5.0,2.6,9.0,29.1,5.9,10.7,10.4,4.0,5.3,0.6,89.3,89.6,100.0,2020-02-04T00:00:00.000,3640287,3651546,114,71,100,34,33,20,57,77,49,19,21,9,426,308,296,2020 Report Week 05
1623095,919569,322195,042,042601,CBT,CHI,F30,-46874,28083,4503,13467,46262,4896,59902,-22734,100565,-2777,8753,163812,23106,-13540,7024,166589,155059,"T-NOTES, 1-2 YEAR",FINANCIAL INSTRUMENTS,"T-NOTES, 1-2 YEAR",Interest Rates - U.S. Treasury,23.9,30.8,35.4,48.9,23.6,28.9,33.8,45.0,UST 2Y NOTE,"(CONTRACTS OF $200,000 FACE VALUE)",83191,267526,42960,FutOnly,200204042601F,977444,1834189,247783,2-YEAR U.S. TREASURY NOTES - CHICAGO BOARD OF TRADE,192133,106025,3883983,381974,130528,13208,41.8,23.7,8.3,2.1,6.9,1.1,25.2,47.2,6.4,4.9,2.7,9.8,3.4,0.3,95.1,97.3,100.0,2020-02-04T00:00:00.000,3691850,3777958,123,35,68,24,29,14,68,47,46,28,13,6,367,299,202,2020 Report Week 05
1544700,442721,245637,138,13874A,CME,CHI,F20,27325,-16894,15855,13426,-1171,9394,4023,68173,8460,6844,-2330,81688,-3573,267,-66,74844,84018,,,S&P BROAD BASED STOCK INDICES,,13.2,17.8,22.5,26.4,12.7,16.6,19.7,24.4,E-MINI S&P 500,($50 X S&P 500 INDEX),177530,946960,95517,FutOnly,20021113874AF,264185,547817,42804,E-MINI S&P 500 STOCK INDEX - CHICAGO MERCANTILE EXCHANGE,302305,258272,2779131,100223,193173,6230,55.6,15.9,8.8,6.4,34.1,3.4,9.5,19.7,1.5,10.9,9.3,3.6,7.0,0.2,89.1,90.7,100.0,2020-02-11T00:00:00.000,2476826,2520859,171,81,113,30,38,26,76,106,51,34,51,13,587,391,399,2020 Report Week 06
1733144,966697,794601,043,043602,CBT,CHI,F30,-44383,49687,34262,46049,-34573,6142,17393,-5310,15195,7912,21917,85965,3255,-1495,140,78053,64048,"T-NOTES, 6.5-10 YEAR",FINANCIAL INSTRUMENTS,"T-NOTES, 6.5-10 YEAR",Interest Rates - U.S. Treasury,18.3,17.4,26.7,27.5,10.6,14.2,16.8,22.1,UST 10Y NOTE,"(CONTRACTS OF $100,000 FACE VALUE)",245867,168109,113355,FutOnly,200211043602F,385504,1179970,253622,10-YEAR U.S. TREASURY NOTES - CHICAGO BOARD OF TRADE,441917,444663,4160257,167776,214769,24471,41.7,23.2,19.1,5.9,4.0,2.7,9.3,28.4,6.1,10.6,10.7,4.0,5.2,0.6,89.4,89.3,100.0,2020-02-11T00:00:00.000,3718340,3715594,109,74,100,31,36,24,55,79,55,25,22,8,431,317,301,2020 Report Week 06
1673178,906607,321019,042,042601,CBT,CHI,F30,50083,-12962,-1176,2814,-8679,10267,-68543,37072,83026,1409,-3017,115054,8750,-17901,28424,113645,118071,"T-NOTES, 1-2 YEAR",FINANCIAL INSTRUMENTS,"T-NOTES, 1-2 YEAR",Interest Rates - U.S. Treasury,22.9,30.6,34.7,47.9,22.6,28.8,32.7,44.3,UST 2Y NOTE,"(CONTRACTS OF $200,000 FACE VALUE)",86005,258847,53227,FutOnly,200211042601F,908901,1871261,330809,2-YEAR U.S. TREASURY NOTES - CHICAGO BOARD OF TRADE,193542,103008,3999037,390724,112627,41632,41.8,22.7,8.0,2.2,6.5,1.3,22.7,46.8,8.3,4.8,2.6,9.8,2.8,1.0,95.2,97.4,100.0,2020-02-11T00:00:00.000,3805495,3896029,124,30,67,23,31,16,69,49,49,29,15,7,370,301,208,2020 Report Week 06
1562309,438228,257563,138,13874A,CME,CHI,F20,17609,-4493,11926,4096,16864,16049,9434,-32320,3668,-5251,-327,60216,3383,49547,-698,65467,60543,,,S&P BROAD BASED STOCK INDICES,,12.8,17.9,22.0,27.4,12.2,16.6,19.0,25.8,E-MINI S&P 500,($50 X S&P 500 INDEX),181626,963824,111566,FutOnly,20021813874AF,273619,515497,46472,E-MINI S&P 500 STOCK INDEX - CHICAGO MERCANTILE EXCHANGE,297054,257945,2839347,103606,242720,5532,55.0,15.4,9.1,6.4,33.9,3.9,9.6,18.2,1.6,10.5,9.1,3.6,8.5,0.2,89.5,90.9,100.0,2020-02-18T00:00:00.000,2542293,2581402,175,78,115,28,39,26,76,99,56,36,51,12,582,399,392,2020 Report Week 07
1767219,1044308,774889,043,043602,CBT,CHI,F30,34075,77611,-19712,-24900,12330,6154,95239,24916,17654,8527,-14596,124241,6742,19422,462,115714,138837,"T-NOTES, 6.5-10 YEAR",FINANCIAL INSTRUMENTS,"T-NOTES, 6.5-10 YEAR",Interest Rates - U.S. Treasury,17.5,17.3,24.9,27.4,9.9,14.6,16.1,22.2,UST 10Y NOTE,"(CONTRACTS OF $100,000 FACE VALUE)",220967,180439,119509,FutOnly,200218043602F,480743,1204886,271276,10-YEAR U.S. TREASURY NOTES - CHICAGO BOARD OF TRADE,450444,430067,4284498,174518,234191,24933,41.2,24.4,18.1,5.2,4.2,2.8,11.2,28.1,6.3,10.5,10.0,4.1,5.5,0.6,89.5,90.0,100.0,2020-02-18T00:00:00.000,3834054,3854431,112,74,101,25,41,31,63,78,60,27,20,7,440,337,302,2020 Report Week 07
1661973,856110,328626,042,042601,CBT,CHI,F30,-11205,-50497,7607,-5461,16281,12250,-40716,-16237,-8552,813,-1029,-43809,-1051,-6138,2506,-44622,-42780,"T-NOTES, 1-2 YEAR",FINANCIAL INSTRUMENTS,"T-NOTES, 1-2 YEAR",Interest Rates - U.S. Treasury,21.9,29.3,34.0,45.9,21.6,28.0,31.7,43.3,UST 2Y NOTE,"(CONTRACTS OF $200,000 FACE VALUE)",80544,275128,65477,FutOnly,200218042601F,868185,1855024,322257,2-YEAR U.S. TREASURY NOTES - CHICAGO BOARD OF TRADE,194355,101979,3955228,389673,106489,44138,42.0,21.6,8.3,2.0,7.0,1.7,22.0,46.9,8.1,4.9,2.6,9.9,2.7,1.1,95.1,97.4,100.0,2020-02-18T00:00:00.000,3760873,3853249,128,32,71,24,28,14,63,58,45,29,16,8,378,302,214,2020 Report Week 07
1411587,525241,278029,138,13874A,CME,CHI,F20,-150722,87013,20466,16497,-24296,-2263,12221,-105964,30237,57404,6271,4433,14473,-13151,6120,-52971,-1838,,,S&P BROAD BASED STOCK INDICES,,12.3,16.8,20.8,27.4,11.2,15.7,17.3,26.1,E-MINI S&P 500,($50 X S&P 500 INDEX),198123,939528,109303,FutOnly,20022513874AF,285840,409533,76709,E-MINI S&P 500 STOCK INDEX - CHICAGO MERCANTILE EXCHANGE,354458,264216,2843780,118079,229569,11652,49.6,18.5,9.8,7.0,33.0,3.8,10.1,14.4,2.7,12.5,9.3,4.2,8.1,0.4,87.5,90.7,100.0,2020-02-25T00:00:00.000,2489322,2579564,175,89,118,32,41,31,70,105,63,38,49,15,599,406,420,2020 Report Week 08
1632724,884673,819074,043,043602,CBT,CHI,F30,-134495,-159635,44185,37687,10458,-4334,-13728,-42208,-57197,77428,81572,-76516,-61876,14829,35814,-153944,-158088,"T-NOTES, 6.5-10 YEAR",FINANCIAL INSTRUMENTS,"T-NOTES, 6.5-10 YEAR",Interest Rates - U.S. Treasury,16.3,15.7,23.7,25.5,8.4,12.3,14.3,19.6,UST 10Y NOTE,"(CONTRACTS OF $100,000 FACE VALUE)",258654,190897,115175,FutOnly,200225043602F,467015,1162678,214079,10-YEAR U.S. TREASURY NOTES - CHICAGO BOARD OF TRADE,527872,511639,4207982,112642,249020,60747,38.8,21.0,19.5,6.1,4.5,2.7,11.1,27.6,5.1,12.5,12.2,2.7,5.9,1.4,87.5,87.8,100.0,2020-02-25T00:00:00.000,3680110,3696343,115,65,101,23,37,32,58,65,61,15,23,10,403,311,296,2020 Report Week 08
1533741,785423,392656,042,042601,CBT,CHI,F30,-128232,-70687,64030,-30422,47727,-20404,-49688,-229758,-161930,41178,47516,-356795,-35443,2595,-35884,-397973,-404311,"T-NOTES, 1-2 YEAR",FINANCIAL INSTRUMENTS,"T-NOTES, 1-2 YEAR",Interest Rates - U.S. Treasury,21.2,29.3,32.7,45.5,20.9,27.5,30.1,41.7,UST 2Y NOTE,"(CONTRACTS OF $200,000 FACE VALUE)",50122,322855,45073,FutOnly,200225042601F,818497,1625266,160327,2-YEAR U.S. TREASURY NOTES - CHICAGO BOARD OF TRADE,235533,149495,3598433,354230,109084,8254,42.6,21.8,10.9,1.4,9.0,1.3,22.7,45.2,4.5,6.5,4.2,9.8,3.0,0.2,93.5,95.8,100.0,2020-02-25T00:00:00.000,3362900,3448938,122,30,73,20,29,23,62,53,41,27,15,5,358,287,213,2020 Report Week 08
1318103,661002,412417,138,13874A,CME,CHI,F20,-93484,135761,134388,-9648,-60241,-7108,48273,55676,-2779,136185,14693,222087,21280,-43283,-5020,85902,207394,,,S&P BROAD BASED STOCK INDICES,,12.4,13.0,19.3,23.4,11.4,13.0,16.1,22.9,E-MINI S&P 500,($50 X S&P 500 INDEX),188475,879287,102195,FutOnly,20030313874AF,334113,465209,73930,E-MINI S&P 500 STOCK INDEX - CHICAGO MERCANTILE EXCHANGE,490643,278909,3065867,139359,186286,6632,43.0,21.6,13.5,6.1,28.7,3.3,10.9,15.2,2.4,16.0,9.1,4.5,6.1,0.2,84.0,90.9,100.0,2020-03-03T00:00:00.000,2575224,2786958,171,100,126,28,51,30,82,107,68,39,48,12,626,424,438,2020 Report Week 09
1594656,775651,792344,043,043602,CBT,CHI,F30,-38068,-109022,-26730,-49069,14488,-31321,31538,83208,-115674,-77538,-107016,-294874,42438,27643,-30450,-217336,-187858,"T-NOTES, 6.5-10 YEAR",FINANCIAL INSTRUMENTS,"T-NOTES, 6.5-10 YEAR",Interest Rates - U.S. Treasury,15.2,16.5,23.0,25.6,8.9,12.3,15.2,18.8,UST 10Y NOTE,"(CONTRACTS OF $100,000 FACE VALUE)",209585,205385,83854,FutOnly,200303043602F,498553,1245886,98405,10-YEAR U.S. TREASURY NOTES - CHICAGO BOARD OF TRADE,450334,404623,3913108,155080,276663,30297,40.8,19.8,20.2,5.4,5.2,2.1,12.7,31.8,2.5,11.5,10.3,4.0,7.1,0.8,88.5,89.7,100.0,2020-03-03T00:00:00.000,3462774,3508485,115,67,99,25,37,21,58,73,47,15,27,7,417,291,300,2020 Report Week 09
1536824,775583,277884,042,042601,CBT,CHI,F30,3083,-9840,-114772,-2149,-20795,-25991,10353,-47970,-34550,-35812,-44778,-309427,-103147,-4289,-6442,-273615,-264649,"T-NOTES, 1-2 YEAR",FINANCIAL INSTRUMENTS,"T-NOTES, 1-2 YEAR",Interest Rates - U.S. Treasury,19.2,30.0,31.1,47.1,18.9,28.8,29.5,44.4,UST 2Y NOTE,"(CONTRACTS OF $200,000 FACE VALUE)",47973,302060,19082,FutOnly,200303042601F,828850,1577296,125777,2-YEAR U.S. TREASURY NOTES - CHICAGO BOARD OF TRADE,199721,104717,3289006,251083,104795,1812,46.7,23.6,8.4,1.5,9.2,0.6,25.2,48.0,3.8,6.1,3.2,7.6,3.2,0.1,93.9,96.8,100.0,2020-03-03T00:00:00.000,3089285,3184289,122,32,68,16,28,10,65,49,34,25,13,,350,266,198,2020 Report Week 09
1433750,884310,362642,138,13874A,CME,CHI,F20,115647,223308,-49775,6937,-69559,139347,-28595,26758,31895,92925,44765,372699,62919,24561,1399,279774,327934,,,S&P BROAD BASED STOCK INDICES,,13.7,12.2,21.2,22.5,13.0,12.2,18.2,21.4,E-MINI S&P 500,($50 X S&P 500 INDEX),195412,809728,241542,FutOnly,20031013874AF,305518,491967,105825,E-MINI S&P 500 STOCK INDEX - CHICAGO MERCANTILE EXCHANGE,583568,323674,3438566,202278,210847,8031,41.7,25.7,10.5,5.7,23.5,7.0,8.9,14.3,3.1,17.0,9.4,5.9,6.1,0.2,83.0,90.6,100.0,2020-03-10T00:00:00.000,2854998,3114892,154,117,124,24,52,34,74,120,74,40,51,15,632,422,457,2020 Report Week 10
1616853,803516,664868,043,043602,CBT,CHI,F30,22197,27865,-127476,33765,79522,-10255,-20985,-71816,12744,-23474,-18118,-148015,-22760,-28710,-11771,-124541,-129897,"T-NOTES, 6.5-10 YEAR",FINANCIAL INSTRUMENTS,"T-NOTES, 6.5-10 YEAR",Interest Rates - U.S. Treasury,16.4,16.8,25.4,25.8,10.2,12.3,18.0,19.6,UST 10Y NOTE,"(CONTRACTS OF $100,000 FACE VALUE)",243350,284907,73599,FutOnly,200310043602F,477568,1174070,111149,10-YEAR U.S. TREASURY NOTES - CHICAGO BOARD OF TRADE,426860,386505,3765093,132320,247953,18526,42.9,21.3,17.7,6.5,7.6,2.0,12.7,31.2,3.0,11.3,10.3,3.5,6.6,0.5,88.7,89.7,100.0,2020-03-10T00:00:00.000,3338233,3378588,116,74,104,31,35,15,49,75,44,26,17,6,424,304,289,2020 Report Week 10
1509429,806503,278867,042,042601,CBT,CHI,F30,-27395,30920,983,37619,116067,-3705,33544,-54367,-32527,-3329,-15723,43328,38107,1649,31,46657,59051,"T-NOTES, 1-2 YEAR",FINANCIAL INSTRUMENTS,"T-NOTES, 1-2 YEAR",Interest Rates - U.S. Treasury,18.4,30.3,30.2,43.7,18.2,29.1,29.2,40.4,UST 2Y NOTE,"(CONTRACTS OF $200,000 FACE VALUE)",85592,418127,15377,FutOnly,200310042601F,862394,1522929,93250,2-YEAR U.S. TREASURY NOTES - CHICAGO BOARD OF TRADE,196392,88994,3332334,289190,106444,1843,45.3,24.2,8.4,2.6,12.5,0.5,25.9,45.7,2.8,5.9,2.7,8.7,3.2,0.1,94.1,97.3,100.0,2020-03-10T00:00:00.000,3135942,3243340,123,33,72,12,32,9,65,53,37,27,16,,361,273,208,2020 Report Week 10
1370154,1026196,620941,138,13874A,CME,CHI,F20,-63596,141886,258299,-33075,151263,260290,94669,-15854,173244,232648,141645,1115598,189416,1122,3703,882950,973953,,,S&P BROAD BASED STOCK INDICES,,12.6,13.2,22.6,23.0,11.6,10.2,17.1,17.2,E-MINI S&P 500,($50 X S&P 500 INDEX),162337,960991,501832,FutOnly,20031713874AF,400187,476113,279069,E-MINI S&P 500 STOCK INDEX - CHICAGO MERCANTILE EXCHANGE,816216,465319,4554164,391694,211969,11734,30.1,22.5,13.6,3.6,21.1,11.0,8.8,10.5,6.1,17.9,10.2,8.6,4.7,0.3,82.1,89.8,100.0,2020-03-17T00:00:00.000,3737948,4088845,157,117,150,27,48,45,85,108,94,40,54,25,637,470,481,2020 Report Week 11
1580719,762077,699188,043,043602,CBT,CHI,F30,-36134,-41439,34320,-53280,19120,11261,-9510,-35046,-43014,-15148,-59169,-106060,6740,9202,-1295,-90912,-46891,"T-NOTES, 6.5-10 YEAR",FINANCIAL INSTRUMENTS,"T-NOTES, 6.5-10 YEAR",Interest Rates - U.S. Treasury,19.6,17.8,28.4,27.7,13.0,13.9,20.4,21.1,UST 10Y NOTE,"(CONTRACTS OF $100,000 FACE VALUE)",190070,304027,84860,FutOnly,200317043602F,468058,1139024,68135,10-YEAR U.S. TREASURY NOTES - CHICAGO BOARD OF TRADE,411712,327336,3659033,139060,257155,17231,43.2,20.8,19.1,5.2,8.3,2.3,12.8,31.1,1.9,11.3,8.9,3.8,7.0,0.5,88.7,91.1,100.0,2020-03-17T00:00:00.000,3247321,3331697,109,69,93,28,35,13,49,77,37,23,16,6,406,282,273,2020 Report Week 11
1470815,729150,268438,042,042601,CBT,CHI,F30,-38614,-77353,-10429,-30435,6328,-305,-29400,-25020,-19166,-6784,14211,-109336,24541,1142,1256,-102552,-123547,"T-NOTES, 1-2 YEAR",FINANCIAL INSTRUMENTS,"T-NOTES, 1-2 YEAR",Interest Rates - U.S. Treasury,20.3,31.3,31.4,46.0,19.9,30.2,30.1,42.8,UST 2Y NOTE,"(CONTRACTS OF $200,000 FACE VALUE)",55157,424455,15072,FutOnly,200317042601F,832994,1497909,74084,2-YEAR U.S. TREASURY NOTES - CHICAGO BOARD OF TRADE,189608,103205,3222998,313731,107586,3099,45.6,22.6,8.3,1.7,13.2,0.5,25.8,46.5,2.3,5.9,3.2,9.7,3.3,0.1,94.1,96.8,100.0,2020-03-17T00:00:00.000,3033390,3119793,122,32,70,21,31,11,67,54,38,24,15,,366,280,208,2020 Report Week 11
1441228,1099884,438075,138,13874A,CME,CHI,F20,71074,73688,-182866,189622,-186328,-450487,-38317,-110797,-237792,-397270,-140683,-1234003,-182675,6554,-5292,-836733,-1093320,,,S&P BROAD BASED STOCK INDICES,,12.9,18.8,21.2,28.5,12.6,17.4,19.9,26.6,E-MINI S&P 500,($50 X S&P 500 INDEX),351959,774663,51345,FutOnly,20032413874AF,361870,365316,41277,E-MINI S&P 500 STOCK INDEX - CHICAGO MERCANTILE EXCHANGE,418946,324636,3320161,209019,218523,6442,43.4,33.1,13.2,10.6,23.3,1.5,10.9,11.0,1.2,12.6,9.8,6.3,6.6,0.2,87.4,90.2,100.0,2020-03-24T00:00:00.000,2901215,2995525,159,119,132,31,40,20,77,103,51,31,54,13,614,411,419,2020 Report Week 12
1528925,706088,660898,043,043602,CBT,CHI,F30,-51794,-55989,-38290,-27602,-11925,-38040,-53734,-33852,290,-30748,-8828,-244502,-4329,-57613,-255,-213754,-235674,"T-NOTES, 6.5-10 YEAR",FINANCIAL INSTRUMENTS,"T-NOTES, 6.5-10 YEAR",Interest Rates - U.S. Treasury,21.1,18.1,30.1,27.4,13.0,14.5,21.3,21.4,UST 10Y NOTE,"(CONTRACTS OF $100,000 FACE VALUE)",162468,292102,46820,FutOnly,200324043602F,414324,1105172,68425,10-YEAR U.S. TREASURY NOTES - CHICAGO BOARD OF TRADE,380964,318508,3414531,134731,199542,16976,44.8,20.7,19.4,4.8,8.6,1.4,12.1,32.4,2.0,11.2,9.3,3.9,5.8,0.5,88.8,90.7,100.0,2020-03-24T00:00:00.000,3033567,3096023,103,70,90,19,37,11,44,67,31,22,16,6,378,256,260,2020 Report Week 12
1315648,673627,264223,042,042601,CBT,CHI,F30,-155167,-55523,-4215,9851,-32731,-203,30765,-32166,-14347,-1141,-5261,-139875,-4842,5147,-576,-138734,-134614,"T-NOTES, 1-2 YEAR",FINANCIAL INSTRUMENTS,"T-NOTES, 1-2 YEAR",Interest Rates - U.S. Treasury,22.3,30.2,35.5,44.4,21.9,29.1,34.0,40.9,UST 2Y NOTE,"(CONTRACTS OF $200,000 FACE VALUE)",65008,391724,14869,FutOnly,200324042601F,863759,1465743,59737,2-YEAR U.S. TREASURY NOTES - CHICAGO BOARD OF TRADE,188467,97944,3083123,308889,112733,2523,42.7,21.8,8.6,2.1,12.7,0.5,28.0,47.5,1.9,6.1,3.2,10.0,3.7,0.1,93.9,96.8,100.0,2020-03-24T00:00:00.000,2894656,2985179,119,32,69,18,33,7,59,49,28,23,16,,349,257,199,2020 Report Week 12
1529456,1048017,418044,138,13874A,CME,CHI,F20,88228,-51867,-20031,45759,-99565,2333,-7401,114573,399,92782,48269,119407,-85659,122299,2997,26625,71138,,,S&P BROAD BASED STOCK INDICES,,12.8,16.4,19.3,26.9,12.4,15.6,17.8,25.4,E-MINI S&P 500,($50 X S&P 500 INDEX),397718,675098,53678,FutOnly,20033113874AF,354469,479889,41676,E-MINI S&P 500 STOCK INDEX - CHICAGO MERCANTILE EXCHANGE,511728,372905,3439568,123360,340822,9439,44.5,30.5,12.2,11.6,19.6,1.6,10.3,14.0,1.2,14.9,10.8,3.6,9.9,0.3,85.1,89.2,100.0,2020-03-31T00:00:00.000,2927840,3066663,157,113,131,36,37,21,68,110,51,28,69,11,618,398,434,2020 Report Week 13
1414581,696317,656163,043,043602,CBT,CHI,F30,-114344,-9771,-4735,-23026,-31170,-17849,28197,-103046,-14414,-2079,14497,-155844,-12519,5719,4925,-153765,-170341,"T-NOTES, 6.5-10 YEAR",FINANCIAL INSTRUMENTS,"T-NOTES, 6.5-10 YEAR",Interest Rates - U.S. Treasury,20.7,20.4,30.1,30.3,13.6,15.5,21.7,23.6,UST 10Y NOTE,"(CONTRACTS OF $100,000 FACE VALUE)",139442,260932,28971,FutOnly,200331043602F,442521,1002126,54011,10-YEAR U.S. TREASURY NOTES - CHICAGO BOARD OF TRADE,378885,333005,3258687,122212,205261,21901,43.4,21.4,20.1,4.3,8.0,0.9,13.6,30.8,1.7,11.6,10.2,3.8,6.3,0.7,88.4,89.8,100.0,2020-03-31T00:00:00.000,2879802,2925682,98,63,86,22,28,11,51,59,33,18,12,6,351,253,234,2020 Report Week 13
1224232,670207,269793,042,042601,CBT,CHI,F30,-91416,-3420,5570,10336,-81241,-5389,-107002,-122005,-15531,-17197,-9499,-228296,-6989,3897,-678,-211099,-218797,"T-NOTES, 1-2 YEAR",FINANCIAL INSTRUMENTS,"T-NOTES, 1-2 YEAR",Interest Rates - U.S. Treasury,22.7,31.2,35.4,45.3,22.3,28.7,33.8,41.1,UST 2Y NOTE,"(CONTRACTS OF $200,000 FACE VALUE)",75344,310483,9480,FutOnly,200331042601F,756757,1343738,44206,2-YEAR U.S. TREASURY NOTES - CHICAGO BOARD OF TRADE,171270,88445,2854827,301900,116630,1845,42.9,23.5,9.5,2.6,10.9,0.3,26.5,47.1,1.5,6.0,3.1,10.6,4.1,0.1,94.0,96.9,100.0,2020-03-31T00:00:00.000,2683557,2766382,120,30,71,13,32,6,57,53,28,19,18,,342,244,206,2020 Report Week 13
1486473,1032204,401884,138,13874A,CME,CHI,F20,-42983,-15813,-16160,-14328,39989,7591,-41898,5506,17091,75935,-32052,7950,22730,1826,-28,-67985,40002,,,S&P BROAD BASED STOCK INDICES,,12.7,16.8,19.2,26.9,12.2,16.8,17.9,25.9,E-MINI S&P 500,($50 X S&P 500 INDEX),383390,715087,61269,FutOnly,20040713874AF,312571,485395,58767,E-MINI S&P 500 STOCK INDEX - CHICAGO MERCANTILE EXCHANGE,587663,340853,3447518,146090,342648,9411,43.1,29.9,11.7,11.1,20.7,1.8,9.1,14.1,1.7,17.0,9.9,4.2,9.9,0.3,83.0,90.1,100.0,2020-04-07T00:00:00.000,2859855,3106665,151,121,129,36,38,25,70,112,57,36,66,15,631,409,448,2020 Report Week 14
1350829,750022,598773,043,043602,CBT,CHI,F30,-63752,53705,-57390,46417,-43997,2753,27394,-18115,-510,-3673,15529,-40625,8925,8189,-789,-36952,-56154,"T-NOTES, 6.5-10 YEAR",FINANCIAL INSTRUMENTS,"T-NOTES, 6.5-10 YEAR",Interest Rates - U.S. Treasury,21.0,20.6,30.5,30.3,13.5,15.8,21.6,23.9,UST 10Y NOTE,"(CONTRACTS OF $100,000 FACE VALUE)",185859,216935,31724,FutOnly,200407043602F,469915,984011,53501,10-YEAR U.S. TREASURY NOTES - CHICAGO BOARD OF TRADE,375212,348534,3218062,131137,213450,21112,42.0,23.3,18.6,5.8,6.7,1.0,14.6,30.6,1.7,11.7,10.8,4.1,6.6,0.7,88.3,89.2,100.0,2020-04-07T00:00:00.000,2842850,2869528,95,65,90,21,30,9,50,62,35,19,13,4,355,252,241,2020 Report Week 14
1157483,644262,268160,042,042601,CBT,CHI,F30,-66749,-25945,-1633,-30841,-1139,63,-51888,-154337,-2785,-12195,3989,-184487,-18520,-2761,61,-172292,-188476,"T-NOTES, 1-2 YEAR",FINANCIAL INSTRUMENTS,"T-NOTES, 1-2 YEAR",Interest Rates - U.S. Treasury,24.3,32.4,35.5,44.5,24.0,29.5,34.1,40.7,UST 2Y NOTE,"(CONTRACTS OF $200,000 FACE VALUE)",44503,309344,9543,FutOnly,200407042601F,704869,1189401,41421,2-YEAR U.S. TREASURY NOTES - CHICAGO BOARD OF TRADE,159075,92434,2670340,283380,113869,1906,43.3,24.1,10.0,1.7,11.6,0.4,26.4,44.5,1.6,6.0,3.5,10.6,4.3,0.1,94.0,96.5,100.0,2020-04-07T00:00:00.000,2511265,2577906,118,32,68,14,27,6,57,52,31,22,17,,340,246,202,2020 Report Week 14
1508605,924687,384391,138,13874A,CME,CHI,F20,22132,-107517,-17493,34834,2982,5330,-24850,84496,-8926,2949,15313,-13260,-27711,12080,475,-16209,-28573,,,S&P BROAD BASED STOCK INDICES,,12.7,17.4,19.2,27.1,12.2,17.4,17.8,26.7,E-MINI S&P 500,($50 X S&P 500 INDEX),418224,718069,66599,FutOnly,20041413874AF,287721,569891,49841,E-MINI S&P 500 STOCK INDEX - CHICAGO MERCANTILE EXCHANGE,590612,356166,3434258,118379,354728,9886,43.9,26.9,11.2,12.2,20.9,1.9,8.4,16.6,1.5,17.2,10.4,3.4,10.3,0.3,82.8,89.6,100.0,2020-04-14T00:00:00.000,2843646,3078092,159,120,136,37,38,27,66,112,52,34,60,14,626,405,450,2020 Report Week 15
1339718,788449,586287,043,043602,CBT,CHI,F30,-11111,38427,-12486,-14928,-17220,26817,3655,6716,12284,20718,2553,17136,-6985,-39127,-828,-3582,14583,"T-NOTES, 6.5-10 YEAR",FINANCIAL INSTRUMENTS,"T-NOTES, 6.5-10 YEAR",Interest Rates - U.S. Treasury,21.0,20.5,29.9,29.7,14.5,15.3,22.2,23.0,UST 10Y NOTE,"(CONTRACTS OF $100,000 FACE VALUE)",170931,199715,58541,FutOnly,200414043602F,473570,990727,65785,10-YEAR U.S. TREASURY NOTES - CHICAGO BOARD OF TRADE,395930,351087,3235198,124152,174323,20284,41.4,24.4,18.1,5.3,6.2,1.8,14.6,30.6,2.0,12.2,10.9,3.8,5.4,0.6,87.8,89.1,100.0,2020-04-14T00:00:00.000,2839268,2884111,92,70,91,21,31,9,50,66,37,18,13,,361,254,247,2020 Report Week 15
1153509,621427,276499,042,042601,CBT,CHI,F30,-3974,-22835,8339,5676,4507,-68,-17178,-14552,2586,1640,3366,-15328,-12368,3310,19,-16968,-18694,"T-NOTES, 1-2 YEAR",FINANCIAL INSTRUMENTS,"T-NOTES, 1-2 YEAR",Interest Rates - U.S. Treasury,25.8,33.4,36.1,45.6,25.5,29.7,34.7,41.8,UST 2Y NOTE,"(CONTRACTS OF $200,000 FACE VALUE)",50179,313851,9475,FutOnly,200414042601F,687691,1174849,44007,2-YEAR U.S. TREASURY NOTES - CHICAGO BOARD OF TRADE,160715,95800,2655012,271012,117179,1925,43.4,23.4,10.4,1.9,11.8,0.4,25.9,44.3,1.7,6.1,3.6,10.2,4.4,0.1,93.9,96.4,100.0,2020-04-14T00:00:00.000,2494297,2559212,114,32,69,13,29,7,50,57,31,20,19,,334,235,209,2020 Report Week 15
1507159,943918,342249,138,13874A,CME,CHI,F20,-1446,19231,-42142,-16510,10969,978,6291,-34243,-4672,19014,-9835,-44699,-6078,15149,-134,-63713,-34864,,,S&P BROAD BASED STOCK INDICES,,13.0,17.9,20.2,27.2,12.4,17.8,18.7,26.8,E-MINI S&P 500,($50 X S&P 500 INDEX),401714,729038,67577,FutOnly,20042113874AF,294012,535648,45169,E-MINI S&P 500 STOCK INDEX - CHICAGO MERCANTILE EXCHANGE,609626,346331,3389559,112301,369877,9752,44.5,27.8,10.1,11.9,21.5,2.0,8.7,15.8,1.3,18.0,10.2,3.3,10.9,0.3,82.0,89.8,100.0,2020-04-21T00:00:00.000,2779933,3043228,154,122,137,39,38,28,62,114,52,30,59,13,618,395,453,2020 Report Week 16
1333831,839869,592187,043,043602,CBT,CHI,F30,-5887,51420,5900,16052,-9900,-33534,-7276,-17352,21355,1160,-3479,-3384,-2162,-18802,1008,-4544,95,"T-NOTES, 6.5-10 YEAR",FINANCIAL INSTRUMENTS,"T-NOTES, 6.5-10 YEAR",Interest Rates - U.S. Treasury,21.6,20.6,30.5,29.5,14.8,14.2,22.6,22.0,UST 10Y NOTE,"(CONTRACTS OF $100,000 FACE VALUE)",186983,189815,25007,FutOnly,200421043602F,466294,973375,87140,10-YEAR U.S. TREASURY NOTES - CHICAGO BOARD OF TRADE,397090,347608,3231814,121990,155521,21292,41.3,26.0,18.3,5.8,5.9,0.8,14.4,30.1,2.7,12.3,10.8,3.8,4.8,0.7,87.7,89.2,100.0,2020-04-21T00:00:00.000,2834724,2884206,96,71,95,22,30,13,44,71,38,16,14,4,364,253,261,2020 Report Week 16
1131502,570884,307994,042,042601,CBT,CHI,F30,-22007,-50543,31495,-8559,-31563,4353,-95030,-32438,-8656,8244,-4725,-93493,-3804,-1887,471,-101737,-88768,"T-NOTES, 1-2 YEAR",FINANCIAL INSTRUMENTS,"T-NOTES, 1-2 YEAR",Interest Rates - U.S. Treasury,25.7,33.5,36.2,45.6,25.3,30.3,33.6,40.9,UST 2Y NOTE,"(CONTRACTS OF $200,000 FACE VALUE)",41620,282288,13828,FutOnly,200421042601F,592661,1142411,35351,2-YEAR U.S. TREASURY NOTES - CHICAGO BOARD OF TRADE,168959,91075,2561519,267208,115292,2396,44.2,22.3,12.0,1.6,11.0,0.5,23.1,44.6,1.4,6.6,3.6,10.4,4.5,0.1,93.4,96.4,100.0,2020-04-21T00:00:00.000,2392560,2470444,111,34,72,11,28,8,49,56,28,21,17,,327,228,210,2020 Report Week 16
1499016,907358,328843,138,13874A,CME,CHI,F20,-8143,-36560,-13406,15314,-26257,-25988,-40887,47145,105,15496,5684,-61800,-4008,-12240,-283,-77296,-67484,,,S&P BROAD BASED STOCK INDICES,,12.9,17.8,20.2,27.1,12.3,17.8,18.8,26.9,E-MINI S&P 500,($50 X S&P 500 INDEX),417028,702781,41589,FutOnly,20042813874AF,253125,582793,45274,E-MINI S&P 500 STOCK INDEX - CHICAGO MERCANTILE EXCHANGE,625122,352015,3327759,108293,357637,9469,45.0,27.3,9.9,12.5,21.1,1.2,7.6,17.5,1.4,18.8,10.6,3.3,10.7,0.3,81.2,89.4,100.0,2020-04-28T00:00:00.000,2702637,2975744,152,118,135,37,36,26,60,122,54,29,57,14,611,395,445,2020 Report Week 17
1358204,925306,585076,043,043602,CBT,CHI,F30,24373,85437,-7111,-672,-28026,718,-11591,-16936,15284,7619,1366,53101,24259,2147,222,45482,51735,"T-NOTES, 6.5-10 YEAR",FINANCIAL INSTRUMENTS,"T-NOTES, 6.5-10 YEAR",Interest Rates - U.S. Treasury,20.6,22.3,29.1,32.1,14.2,16.0,22.0,23.8,UST 10Y NOTE,"(CONTRACTS OF $100,000 FACE VALUE)",186311,161789,25725,FutOnly,200428043602F,454703,956439,102424,10-YEAR U.S. TREASURY NOTES - CHICAGO BOARD OF TRADE,404709,348974,3284915,146249,157668,21514,41.3,28.2,17.8,5.7,4.9,0.8,13.8,29.1,3.1,12.3,10.6,4.5,4.8,0.7,87.7,89.4,100.0,2020-04-28T00:00:00.000,2880206,2935941,96,71,97,23,28,15,50,64,45,15,13,4,360,270,251,2020 Report Week 17
1099612,565196,296449,042,042601,CBT,CHI,F30,-31890,-5688,-11545,29801,-35393,3840,-21654,-21991,3300,761,10246,-58939,-31280,-1436,-272,-59700,-69185,"T-NOTES, 1-2 YEAR",FINANCIAL INSTRUMENTS,"T-NOTES, 1-2 YEAR",Interest Rates - U.S. Treasury,24.6,33.8,34.7,46.7,24.3,30.6,32.3,42.2,UST 2Y NOTE,"(CONTRACTS OF $200,000 FACE VALUE)",71421,246895,17668,FutOnly,200428042601F,571007,1120420,38651,2-YEAR U.S. TREASURY NOTES - CHICAGO BOARD OF TRADE,169720,101321,2502580,235928,113856,2124,43.9,22.6,11.8,2.9,9.9,0.7,22.8,44.8,1.5,6.8,4.0,9.4,4.5,0.1,93.2,96.0,100.0,2020-04-28T00:00:00.000,2332860,2401259,110,33,70,16,28,10,53,51,30,18,16,,325,237,201,2020 Report Week 17
1400529,908003,335171,138,13874A,CME,CHI,F20,-98487,645,6328,23000,-87506,7239,-1305,-28960,-723,-15156,9419,-82520,-3862,10592,446,-67364,-91939,,,S&P BROAD BASED STOCK INDICES,,13.3,17.2,20.7,26.3,12.7,17.2,19.6,25.9,E-MINI S&P 500,($50 X S&P 500 INDEX),440028,615275,48828,FutOnly,20050513874AF,251820,553833,44551,E-MINI S&P 500 STOCK INDEX - CHICAGO MERCANTILE EXCHANGE,609966,361434,3245239,104431,368229,9915,43.2,28.0,10.3,13.6,19.0,1.5,7.8,17.1,1.4,18.8,11.1,3.2,11.3,0.3,81.2,88.9,100.0,2020-05-05T00:00:00.000,2635273,2883805,150,124,137,37,34,24,62,121,53,31,61,13,620,398,449,2020 Report Week 18
1400963,907877,590551,043,043602,CBT,CHI,F30,42759,-17429,5475,43382,-10305,1446,8467,114950,9918,4823,8385,100315,-17415,-13585,1460,95492,91930,"T-NOTES, 6.5-10 YEAR",FINANCIAL INSTRUMENTS,"T-NOTES, 6.5-10 YEAR",Interest Rates - U.S. Treasury,21.3,22.0,29.6,32.5,15.5,16.3,23.0,24.2,UST 10Y NOTE,"(CONTRACTS OF $100,000 FACE VALUE)",229693,151484,27171,FutOnly,200505043602F,463170,1071389,112342,10-YEAR U.S. TREASURY NOTES - CHICAGO BOARD OF TRADE,409532,357359,3385230,128834,144083,22974,41.4,26.8,17.4,6.8,4.5,0.8,13.7,31.6,3.3,12.1,10.6,3.8,4.3,0.7,87.9,89.4,100.0,2020-05-05T00:00:00.000,2975698,3027871,99,73,98,23,23,18,53,65,52,14,14,4,364,283,253,2020 Report Week 18
1012600,571836,289474,042,042601,CBT,CHI,F30,-87012,6640,-6975,-7554,-23869,7676,-46807,-120392,42877,4508,-4535,-95697,-3798,1493,1388,-100205,-91162,"T-NOTES, 1-2 YEAR",FINANCIAL INSTRUMENTS,"T-NOTES, 1-2 YEAR",Interest Rates - U.S. Treasury,22.5,33.3,32.2,46.3,22.3,29.4,29.1,41.3,UST 2Y NOTE,"(CONTRACTS OF $200,000 FACE VALUE)",63867,223026,25344,FutOnly,200505042601F,524200,1000028,81528,2-YEAR U.S. TREASURY NOTES - CHICAGO BOARD OF TRADE,174228,96786,2406883,232130,115349,3512,42.1,23.8,12.0,2.7,9.3,1.1,21.8,41.5,3.4,7.2,4.0,9.6,4.8,0.1,92.8,96.0,100.0,2020-05-05T00:00:00.000,2232655,2310097,110,33,71,15,26,10,52,51,32,18,18,5,323,239,202,2020 Report Week 18
1414353,893063,327242,138,13874A,CME,CHI,F20,13824,-14940,-7929,-12674,-21683,10752,-19006,8932,4809,24986,21636,4243,-10836,2349,317,-20743,-17393,,,S&P BROAD BASED STOCK INDICES,,12.9,16.6,21.0,25.9,12.5,16.5,19.7,25.4,E-MINI S&P 500,($50 X S&P 500 INDEX),427354,593592,59580,FutOnly,20051213874AF,232814,562765,49360,E-MINI S&P 500 STOCK INDEX - CHICAGO MERCANTILE EXCHANGE,634952,383070,3249482,93595,370578,10232,43.5,27.5,10.1,13.2,18.3,1.8,7.2,17.3,1.5,19.5,11.8,2.9,11.4,0.3,80.5,88.2,100.0,2020-05-12T00:00:00.000,2614530,2866412,151,119,133,40,30,23,56,117,52,29,60,13,602,383,440,2020 Report Week 19
1426175,887296,602495,043,043602,CBT,CHI,F30,25212,-20581,11944,-16454,-7722,-397,-15874,20903,30828,1734,-313,37651,-1405,926,2063,35917,37964,"T-NOTES, 6.5-10 YEAR",FINANCIAL INSTRUMENTS,"T-NOTES, 6.5-10 YEAR",Interest Rates - U.S. Treasury,20.7,22.6,28.9,32.9,15.0,16.6,22.4,24.5,UST 10Y NOTE,"(CONTRACTS OF $100,000 FACE VALUE)",213239,143762,26774,FutOnly,200512043602F,447296,1092292,143170,10-YEAR U.S. TREASURY NOTES - CHICAGO BOARD OF TRADE,411266,357046,3422881,127429,145009,25037,41.7,25.9,17.6,6.2,4.2,0.8,13.1,31.9,4.2,12.0,10.4,3.7,4.2,0.7,88.0,89.6,100.0,2020-05-12T00:00:00.000,3011615,3065835,101,71,98,26,22,15,48,67,57,14,14,4,363,281,256,2020 Report Week 19
997911,570349,287843,042,042601,CBT,CHI,F30,-14689,-1487,-1631,1209,-26506,10275,-924,21409,29427,4079,-4349,17243,-9052,-8444,-1451,13164,21592,"T-NOTES, 1-2 YEAR",FINANCIAL INSTRUMENTS,"T-NOTES, 1-2 YEAR",Interest Rates - U.S. Treasury,21.4,32.7,31.0,45.8,21.2,28.6,27.7,40.4,UST 2Y NOTE,"(CONTRACTS OF $200,000 FACE VALUE)",65076,196520,35619,FutOnly,200512042601F,523276,1021437,110955,2-YEAR U.S. TREASURY NOTES - CHICAGO BOARD OF TRADE,178307,92437,2424126,223078,106905,2061,41.2,23.5,11.9,2.7,8.1,1.5,21.6,42.1,4.6,7.4,3.8,9.2,4.4,0.1,92.6,96.2,100.0,2020-05-12T00:00:00.000,2245819,2331689,111,34,72,16,24,8,52,54,37,16,14,,321,238,203,2020 Report Week 19
1374697,893916,313398,138,13874A,CME,CHI,F20,-39656,853,-13844,36601,-9217,4127,-3788,26698,-7017,-6557,-25660,-35831,-4528,-10602,-1169,-29274,-10171,,,S&P BROAD BASED STOCK INDICES,,13.3,17.1,21.3,27.1,12.8,17.1,20.0,26.3,E-MINI S&P 500,($50 X S&P 500 INDEX),463955,584375,63707,FutOnly,20051913874AF,229026,589463,42343,E-MINI S&P 500 STOCK INDEX - CHICAGO MERCANTILE EXCHANGE,628395,357410,3213651,89067,359976,9063,42.8,27.8,9.8,14.4,18.2,2.0,7.1,18.3,1.3,19.6,11.1,2.8,11.2,0.3,80.4,88.9,100.0,2020-05-19T00:00:00.000,2585256,2856241,155,123,130,40,31,26,59,119,57,29,61,13,617,391,452,2020 Report Week 20
1462254,815928,611092,043,043602,CBT,CHI,F30,36079,-71368,8597,-42383,19978,29504,21094,53811,9644,-7149,7311,73079,-284,-2375,17977,80228,65768,"T-NOTES, 6.5-10 YEAR",FINANCIAL INSTRUMENTS,"T-NOTES, 6.5-10 YEAR",Interest Rates - U.S. Treasury,20.0,21.9,27.7,32.4,14.5,16.5,21.6,24.5,UST 10Y NOTE,"(CONTRACTS OF $100,000 FACE VALUE)",170856,163740,56278,FutOnly,200519043602F,468390,1146103,152814,10-YEAR U.S. TREASURY NOTES - CHICAGO BOARD OF TRADE,404117,364357,3495960,127145,142634,43014,41.8,23.3,17.5,4.9,4.7,1.6,13.4,32.8,4.4,11.6,10.4,3.6,4.1,1.2,88.4,89.6,100.0,2020-05-19T00:00:00.000,3091843,3131603,104,69,101,24,26,20,47,71,56,16,15,7,372,286,270,2020 Report Week 20
992101,538231,270127,042,042601,CBT,CHI,F30,-5810,-32118,-17716,-18756,-2535,18084,26718,-55813,2922,-6679,4134,-688,-1937,79868,2486,5991,-4822,"T-NOTES, 1-2 YEAR",FINANCIAL INSTRUMENTS,"T-NOTES, 1-2 YEAR",Interest Rates - U.S. Treasury,20.9,30.9,30.6,44.9,20.7,27.6,28.0,39.6,UST 2Y NOTE,"(CONTRACTS OF $200,000 FACE VALUE)",46320,193985,53703,FutOnly,200519042601F,549994,965624,113877,2-YEAR U.S. TREASURY NOTES - CHICAGO BOARD OF TRADE,171628,96571,2423438,221141,186773,4547,40.9,22.2,11.1,1.9,8.0,2.2,22.7,39.8,4.7,7.1,4.0,9.1,7.7,0.2,92.9,96.0,100.0,2020-05-19T00:00:00.000,2251810,2326867,112,33,76,12,26,11,51,55,40,19,16,5,324,248,208,2020 Report Week 20
1371252,827548,307244,138,13874A,CME,CHI,F20,-3445,-66368,-6154,-4205,7221,-122,-3284,53882,-4386,7357,-1323,-10730,3570,6581,-61,-18087,-9407,,,S&P BROAD BASED STOCK INDICES,,13.1,17.0,20.9,27.5,12.4,17.0,19.5,26.7,E-MINI S&P 500,($50 X S&P 500 INDEX),459750,591596,63585,FutOnly,20052613874AF,225742,643345,37957,E-MINI S&P 500 STOCK INDEX - CHICAGO MERCANTILE EXCHANGE,635752,356087,3202921,92637,366557,9002,42.8,25.8,9.6,14.4,18.5,2.0,7.0,20.1,1.2,19.8,11.1,2.9,11.4,0.3,80.2,88.9,100.0,2020-05-26T00:00:00.000,2567169,2846834,154,115,131,41,29,27,58,123,53,28,62,12,610,386,447,2020 Report Week 21
1443893,845976,592298,043,043602,CBT,CHI,F30,-18361,30048,-18794,-52476,1143,22845,26329,-60813,118813,62218,57128,132976,-5534,-15330,-2064,70758,75848,"T-NOTES, 6.5-10 YEAR",FINANCIAL INSTRUMENTS,"T-NOTES, 6.5-10 YEAR",Interest Rates - U.S. Treasury,20.4,21.2,28.1,32.8,14.6,15.9,21.3,24.1,UST 10Y NOTE,"(CONTRACTS OF $100,000 FACE VALUE)",118380,164883,79123,FutOnly,200526043602F,494719,1085290,271627,10-YEAR U.S. TREASURY NOTES - CHICAGO BOARD OF TRADE,466335,421485,3628936,121611,127304,40950,39.8,23.3,16.3,3.3,4.5,2.2,13.6,29.9,7.5,12.9,11.6,3.4,3.5,1.1,87.1,88.4,100.0,2020-05-26T00:00:00.000,3162601,3207451,103,68,104,18,26,18,48,51,44,13,11,6,339,269,242,2020 Report Week 21
962046,511612,276342,042,042601,CBT,CHI,F30,-30055,-26619,6215,1895,56817,-285,-74727,-107695,45599,35696,68039,-34211,-18829,-76562,280,-69907,-102250,"T-NOTES, 1-2 YEAR",FINANCIAL INSTRUMENTS,"T-NOTES, 1-2 YEAR",Interest Rates - U.S. Treasury,16.9,30.6,26.6,43.1,16.7,24.8,23.5,35.2,UST 2Y NOTE,"(CONTRACTS OF $200,000 FACE VALUE)",48215,250802,53418,FutOnly,200526042601F,475267,857929,159476,2-YEAR U.S. TREASURY NOTES - CHICAGO BOARD OF TRADE,207324,164610,2389227,202312,110211,4827,40.3,21.4,11.6,2.0,10.5,2.2,19.9,35.9,6.7,8.7,6.9,8.5,4.6,0.2,91.3,93.1,100.0,2020-05-26T00:00:00.000,2181903,2224617,109,31,75,12,27,19,55,39,39,19,12,,304,251,189,2020 Report Week 21
1320597,800737,317515,138,13874A,CME,CHI,F20,-50655,-26811,10271,3654,-17431,10740,45060,19925,2746,-9991,-6009,12532,831,19225,-124,22523,18541,,,S&P BROAD BASED STOCK INDICES,,12.5,16.7,20.3,27.7,11.9,16.6,18.8,27.0,E-MINI S&P 500,($50 X S&P 500 INDEX),463404,574165,74325,FutOnly,20060213874AF,270802,663270,40703,E-MINI S&P 500 STOCK INDEX - CHICAGO MERCANTILE EXCHANGE,625761,350078,3215453,93468,385782,8878,41.1,24.9,9.9,14.4,17.9,2.3,8.4,20.6,1.3,19.5,10.9,2.9,12.0,0.3,80.5,89.1,100.0,2020-06-02T00:00:00.000,2589692,2865375,147,115,125,39,28,27,68,114,49,30,56,11,597,391,418,2020 Report Week 22
1485459,776760,569121,043,043602,CBT,CHI,F30,41566,-69216,-23177,1628,29231,-42337,-58868,50435,-135010,-73713,-63285,-298688,18965,-17587,-27742,-224975,-235403,"T-NOTES, 6.5-10 YEAR",FINANCIAL INSTRUMENTS,"T-NOTES, 6.5-10 YEAR",Interest Rates - U.S. Treasury,20.8,21.4,29.6,34.0,14.9,16.6,23.0,26.1,UST 10Y NOTE,"(CONTRACTS OF $100,000 FACE VALUE)",120008,194114,36786,FutOnly,200602043602F,435851,1135725,136617,10-YEAR U.S. TREASURY NOTES - CHICAGO BOARD OF TRADE,392622,358200,3330248,140576,109717,13208,44.6,23.3,17.1,3.6,5.8,1.1,13.1,34.1,4.1,11.8,10.8,4.2,3.3,0.4,88.2,89.2,100.0,2020-06-02T00:00:00.000,2937626,2972048,111,63,95,19,29,16,52,56,34,15,10,5,355,260,245,2020 Report Week 22
960133,537844,249634,042,042601,CBT,CHI,F30,-1913,26232,-26708,-4467,8767,-40527,-574,5890,-47872,-37020,-68509,-163191,-185,-16539,-3925,-126171,-94682,"T-NOTES, 1-2 YEAR",FINANCIAL INSTRUMENTS,"T-NOTES, 1-2 YEAR",Interest Rates - U.S. Treasury,17.9,33.1,27.8,44.4,17.6,26.3,25.0,37.1,UST 2Y NOTE,"(CONTRACTS OF $200,000 FACE VALUE)",43748,259569,12891,FutOnly,200602042601F,474693,863819,111604,2-YEAR U.S. TREASURY NOTES - CHICAGO BOARD OF TRADE,170304,96101,2226036,202127,93672,902,43.1,24.2,11.2,2.0,11.7,0.6,21.3,38.8,5.0,7.7,4.3,9.1,4.2,0.0,92.3,95.7,100.0,2020-06-02T00:00:00.000,2055732,2129935,110,35,73,10,26,9,50,42,31,16,11,,300,230,185,2020 Report Week 22
1316286,725957,318590,138,13874A,CME,CHI,F20,-4311,-74780,1075,-35743,5898,73891,-6759,18577,26352,2860,-11305,62360,4429,22086,566,59500,73665,,,S&P BROAD BASED STOCK INDICES,,11.5,16.4,19.7,27.1,10.8,16.3,17.6,26.4,E-MINI S&P 500,($50 X S&P 500 INDEX),427661,580063,148216,FutOnly,20060913874AF,264043,681847,67055,E-MINI S&P 500 STOCK INDEX - CHICAGO MERCANTILE EXCHANGE,628621,338773,3277813,97897,407868,9444,40.2,22.1,9.7,13.0,17.7,4.5,8.1,20.8,2.0,19.2,10.3,3.0,12.4,0.3,80.8,89.7,100.0,2020-06-09T00:00:00.000,2649192,2939040,147,103,122,37,31,29,65,110,54,33,56,13,582,385,415,2020 Report Week 23
1505605,946618,536623,043,043602,CBT,CHI,F30,20146,169858,-32498,308,23976,-6713,43498,-126319,-51164,-21189,8186,-24197,35935,2997,-12520,-3008,-32383,"T-NOTES, 6.5-10 YEAR",FINANCIAL INSTRUMENTS,"T-NOTES, 6.5-10 YEAR",Interest Rates - U.S. Treasury,23.1,20.3,32.4,32.7,17.5,16.7,25.9,26.2,UST 10Y NOTE,"(CONTRACTS OF $100,000 FACE VALUE)",120316,218090,30073,FutOnly,200609043602F,479349,1009406,85453,10-YEAR U.S. TREASURY NOTES - CHICAGO BOARD OF TRADE,371433,366386,3306051,176511,112714,688,45.5,28.6,16.2,3.6,6.6,0.9,14.5,30.5,2.6,11.2,11.1,5.3,3.4,0.0,88.8,88.9,100.0,2020-06-09T00:00:00.000,2934618,2939665,100,66,94,14,34,14,50,63,39,13,12,,352,248,253,2020 Report Week 23
1001036,536380,252324,042,042601,CBT,CHI,F30,40903,-1464,2690,797,-37675,-4025,-91719,-56008,-45108,4007,37937,-103521,-11193,5,127,-107528,-141458,"T-NOTES, 1-2 YEAR",FINANCIAL INSTRUMENTS,"T-NOTES, 1-2 YEAR",Interest Rates - U.S. Treasury,16.2,31.1,26.4,43.3,15.2,26.0,24.2,37.2,UST 2Y NOTE,"(CONTRACTS OF $200,000 FACE VALUE)",44545,221894,8866,FutOnly,200609042601F,382974,807811,66496,2-YEAR U.S. TREASURY NOTES - CHICAGO BOARD OF TRADE,174311,134038,2122515,190934,93677,1029,47.2,25.3,11.9,2.1,10.5,0.4,18.0,38.1,3.1,8.2,6.3,9.0,4.4,0.0,91.8,93.7,100.0,2020-06-09T00:00:00.000,1948204,1988477,107,32,70,6,25,7,46,40,29,16,15,,287,220,175,2020 Report Week 23
1294196,777280,404308,138,13874A,CME,CHI,F20,-22090,51323,85718,-14801,-32747,65541,-20817,13914,52571,63676,15267,215926,3648,-38141,2480,152250,200659,,,S&P BROAD BASED STOCK INDICES,,11.6,15.4,18.8,27.0,11.0,14.9,16.7,24.9,E-MINI S&P 500,($50 X S&P 500 INDEX),412860,547316,213757,FutOnly,20061613874AF,243226,695761,119626,E-MINI S&P 500 STOCK INDEX - CHICAGO MERCANTILE EXCHANGE,692297,354040,3493739,101545,369727,11924,37.0,22.2,11.6,11.8,15.7,6.1,7.0,19.9,3.4,19.8,10.1,2.9,10.6,0.3,80.2,89.9,100.0,2020-06-16T00:00:00.000,2801442,3139699,146,108,140,37,33,40,60,111,81,34,54,18,585,434,430,2020 Report Week 24
1465246,897853,570781,043,043602,CBT,CHI,F30,-40359,-48765,34158,4603,3110,2274,-43397,-11925,-8730,12288,-10276,-39459,-409,582,113,-51747,-29183,"T-NOTES, 6.5-10 YEAR",FINANCIAL INSTRUMENTS,"T-NOTES, 6.5-10 YEAR",Interest Rates - U.S. Treasury,20.9,21.3,29.8,34.7,15.2,17.4,23.3,27.8,UST 10Y NOTE,"(CONTRACTS OF $100,000 FACE VALUE)",124919,221200,32347,FutOnly,200616043602F,435952,997481,76723,10-YEAR U.S. TREASURY NOTES - CHICAGO BOARD OF TRADE,383721,356110,3266592,176102,113296,801,44.9,27.5,17.5,3.8,6.8,1.0,13.3,30.5,2.3,11.7,10.9,5.4,3.5,0.0,88.3,89.1,100.0,2020-06-16T00:00:00.000,2882871,2910482,96,72,94,17,33,10,52,64,39,20,10,,364,256,253,2020 Report Week 24
1021453,512365,253507,042,042601,CBT,CHI,F30,20417,-24015,1183,8813,33812,-1429,-16041,62099,-6185,4403,-40053,17809,6648,-7603,0,13406,57862,"T-NOTES, 1-2 YEAR",FINANCIAL INSTRUMENTS,"T-NOTES, 1-2 YEAR",Interest Rates - U.S. Treasury,16.0,32.1,26.1,44.6,15.0,27.3,23.7,38.8,UST 2Y NOTE,"(CONTRACTS OF $200,000 FACE VALUE)",53358,255706,7437,FutOnly,200616042601F,366933,869910,60311,2-YEAR U.S. TREASURY NOTES - CHICAGO BOARD OF TRADE,178714,93985,2140324,197582,86074,1029,47.7,23.9,11.8,2.5,11.9,0.3,17.1,40.6,2.8,8.3,4.4,9.2,4.0,0.0,91.7,95.6,100.0,2020-06-16T00:00:00.000,1961610,2046339,109,27,67,10,26,7,47,38,28,17,12,,286,222,168,2020 Report Week 24
1268366,819360,321833,138,13874A,CME,CHI,F20,-25830,42080,-82475,27000,-333988,-174136,-82687,-183522,-97620,-449780,-47840,-890468,1794,-6233,-6734,-440688,-842628,,,S&P BROAD BASED STOCK INDICES,,15.2,17.5,24.2,23.6,14.5,17.5,22.5,23.0,E-MINI S&P 500,($50 X S&P 500 INDEX),439860,213328,39621,FutOnly,20062313874AF,160539,512239,22006,E-MINI S&P 500 STOCK INDEX - CHICAGO MERCANTILE EXCHANGE,242517,306200,2603271,103339,363494,5190,48.7,31.5,12.4,16.9,8.2,1.5,6.2,19.7,0.8,9.3,11.8,4.0,14.0,0.2,90.7,88.2,100.0,2020-06-23T00:00:00.000,2360754,2297071,145,110,123,31,35,20,60,113,44,28,47,7,569,360,403,2020 Report Week 25
1461251,933236,538925,043,043602,CBT,CHI,F30,-3995,35383,-31856,23821,43490,-2664,21232,-43574,13914,2694,3413,36306,13295,18335,-135,33612,32893,"T-NOTES, 6.5-10 YEAR",FINANCIAL INSTRUMENTS,"T-NOTES, 6.5-10 YEAR",Interest Rates - U.S. Treasury,18.9,19.9,27.9,33.5,14.3,17.1,22.6,27.5,UST 10Y NOTE,"(CONTRACTS OF $100,000 FACE VALUE)",148740,264690,29683,FutOnly,200623043602F,457184,953907,90637,10-YEAR U.S. TREASURY NOTES - CHICAGO BOARD OF TRADE,386415,359523,3302898,189397,131631,666,44.2,28.3,16.3,4.5,8.0,0.9,13.8,28.9,2.7,11.7,10.9,5.7,4.0,0.0,88.3,89.1,100.0,2020-06-23T00:00:00.000,2916483,2943375,101,71,92,20,36,9,57,56,36,21,9,,371,268,243,2020 Report Week 25
1020994,494795,244375,042,042601,CBT,CHI,F30,-459,-17570,-9132,-2879,-15042,7310,-14771,19714,-15031,-2186,-2150,-38450,-1354,-6601,52,-36264,-36300,"T-NOTES, 1-2 YEAR",FINANCIAL INSTRUMENTS,"T-NOTES, 1-2 YEAR",Interest Rates - U.S. Treasury,15.8,32.4,26.4,45.3,15.3,27.6,24.4,39.9,UST 2Y NOTE,"(CONTRACTS OF $200,000 FACE VALUE)",50479,240664,14747,FutOnly,200623042601F,352162,889624,45280,2-YEAR U.S. TREASURY NOTES - CHICAGO BOARD OF TRADE,176528,91835,2101874,196228,79473,1081,48.6,23.5,11.6,2.4,11.4,0.7,16.8,42.3,2.2,8.4,4.4,9.3,3.8,0.1,91.6,95.6,100.0,2020-06-23T00:00:00.000,1925346,2010039,109,28,66,11,30,9,47,42,27,20,10,,297,227,174,2020 Report Week 25
1223366,827548,320983,138,13874A,CME,CHI,F20,-45000,8188,-850,9099,34843,-3225,55698,-23623,5320,6641,15631,44451,15635,7034,1133,37810,28820,,,S&P BROAD BASED STOCK INDICES,,15.0,17.8,23.9,23.7,14.3,17.8,22.1,23.4,E-MINI S&P 500,($50 X S&P 500 INDEX),448959,248171,36396,FutOnly,20063013874AF,216237,488616,27326,E-MINI S&P 500 STOCK INDEX - CHICAGO MERCANTILE EXCHANGE,249158,321831,2647722,118974,370528,6323,46.2,31.3,12.1,17.0,9.4,1.4,8.2,18.5,1.0,9.4,12.2,4.5,14.0,0.2,90.6,87.8,100.0,2020-06-30T00:00:00.000,2398564,2325891,137,110,121,33,34,19,69,104,47,33,51,9,572,366,402,2020 Report Week 26
1495555,984901,584446,043,043602,CBT,CHI,F30,34304,51665,45521,24925,21126,2853,48516,55216,-17877,-2675,-1419,138226,2660,-18858,-1,140901,139645,"T-NOTES, 6.5-10 YEAR",FINANCIAL INSTRUMENTS,"T-NOTES, 6.5-10 YEAR",Interest Rates - U.S. Treasury,19.7,21.6,28.4,34.3,14.5,17.2,22.5,27.3,UST 10Y NOTE,"(CONTRACTS OF $100,000 FACE VALUE)",173665,285816,32536,FutOnly,200630043602F,505700,1009123,72760,10-YEAR U.S. TREASURY NOTES - CHICAGO BOARD OF TRADE,383740,358104,3441124,192057,112773,665,43.5,28.6,17.0,5.0,8.3,0.9,14.7,29.3,2.1,11.2,10.4,5.6,3.3,0.0,88.8,89.6,100.0,2020-06-30T00:00:00.000,3057384,3083020,103,74,93,22,33,8,46,71,37,17,13,,379,256,263,2020 Report Week 26
1019269,473722,247754,042,042601,CBT,CHI,F30,-1725,-21073,3379,-1226,1142,-5780,26312,46778,-8377,493,1996,14878,1775,-3214,27,14385,12882,"T-NOTES, 1-2 YEAR",FINANCIAL INSTRUMENTS,"T-NOTES, 1-2 YEAR",Interest Rates - U.S. Treasury,15.5,31.0,25.7,43.9,14.9,26.5,24.0,38.9,UST 2Y NOTE,"(CONTRACTS OF $200,000 FACE VALUE)",49253,241806,8967,FutOnly,200630042601F,378474,936402,36903,2-YEAR U.S. TREASURY NOTES - CHICAGO BOARD OF TRADE,177021,93831,2116752,198003,76259,1108,48.2,22.4,11.7,2.3,11.4,0.4,17.9,44.2,1.7,8.4,4.4,9.4,3.6,0.1,91.6,95.6,100.0,2020-06-30T00:00:00.000,1939731,2022921,109,26,66,11,27,7,50,40,25,19,10,,292,222,170,2020 Report Week 26
1222614,787029,310673,138,13874A,CME,CHI,F20,-752,-40519,-10310,-6016,-10299,15496,-12571,4617,2637,-4509,-2186,-29696,-13277,11262,-394,-25187,-27510,,,S&P BROAD BASED STOCK INDICES,,15.3,17.7,23.7,24.3,14.6,17.7,21.7,23.8,E-MINI S&P 500,($50 X S&P 500 INDEX),442943,237872,51892,FutOnly,20070713874AF,203666,493233,29963,E-MINI S&P 500 STOCK INDEX - CHICAGO MERCANTILE EXCHANGE,244649,319645,2618026,105697,381790,5929,46.7,30.1,11.9,16.9,9.1,2.0,7.8,18.8,1.1,9.3,12.2,4.0,14.6,0.2,90.7,87.8,100.0,2020-07-07T00:00:00.000,2373377,2298381,144,106,124,35,32,24,69,108,47,32,51,8,577,374,406,2020 Report Week 27
1493897,1007593,567103,043,043602,CBT,CHI,F30,-1658,22692,-17343,8287,12999,3894,-5221,-29519,-10437,9169,9540,-13039,-22,-5157,292,-22208,-22579,"T-NOTES, 6.5-10 YEAR",FINANCIAL INSTRUMENTS,"T-NOTES, 6.5-10 YEAR",Interest Rates - U.S. Treasury,18.8,21.9,28.0,34.6,14.0,17.2,22.2,27.5,UST 10Y NOTE,"(CONTRACTS OF $100,000 FACE VALUE)",181952,298815,36430,FutOnly,200707043602F,500479,979604,62323,10-YEAR U.S. TREASURY NOTES - CHICAGO BOARD OF TRADE,392909,367644,3428085,192035,107616,957,43.6,29.4,16.5,5.3,8.7,1.1,14.6,28.6,1.8,11.5,10.7,5.6,3.1,0.0,88.5,89.3,100.0,2020-07-07T00:00:00.000,3035176,3060441,105,71,90,20,39,10,48,68,39,18,10,,379,259,262,2020 Report Week 27
1023454,495191,247664,042,042601,CBT,CHI,F30,4185,21469,-90,-3384,-6314,3490,-22322,-33173,-15000,63,-506,-30982,2117,-817,-41,-31045,-30476,"T-NOTES, 1-2 YEAR",FINANCIAL INSTRUMENTS,"T-NOTES, 1-2 YEAR",Interest Rates - U.S. Treasury,15.7,30.7,26.2,43.2,15.1,26.6,24.3,38.7,UST 2Y NOTE,"(CONTRACTS OF $200,000 FACE VALUE)",45869,235492,12457,FutOnly,200707042601F,356152,903229,21903,2-YEAR U.S. TREASURY NOTES - CHICAGO BOARD OF TRADE,177084,93325,2085770,200120,75442,1067,49.1,23.7,11.9,2.2,11.3,0.6,17.1,43.3,1.1,8.5,4.5,9.6,3.6,0.1,91.5,95.5,100.0,2020-07-07T00:00:00.000,1908686,1992445,109,29,66,9,31,7,47,42,18,19,9,,295,212,176,2020 Report Week 27
1235179,744900,324681,138,13874A,CME,CHI,F20,12565,-42129,14008,-4853,5535,-1892,-1651,26277,-800,-5319,9009,7815,-4175,-2125,-68,13134,-1194,,,S&P BROAD BASED STOCK INDICES,,15.6,17.6,23.8,24.2,14.8,17.6,21.3,23.8,E-MINI S&P 500,($50 X S&P 500 INDEX),438090,243407,50000,FutOnly,20071413874AF,202015,519510,29163,E-MINI S&P 500 STOCK INDEX - CHICAGO MERCANTILE EXCHANGE,239330,328654,2625841,101522,379665,5861,47.0,28.4,12.4,16.7,9.3,1.9,7.7,19.8,1.1,9.1,12.5,3.9,14.5,0.2,90.9,87.5,100.0,2020-07-14T00:00:00.000,2386511,2297187,154,100,123,34,35,23,70,108,49,32,50,7,583,378,407,2020 Report Week 28
1436673,1020363,605854,043,043602,CBT,CHI,F30,-57224,12770,38751,14246,-16071,-4509,-4268,-21465,-725,15889,-11820,-7510,-9969,-4740,299,-23399,4310,"T-NOTES, 6.5-10 YEAR",FINANCIAL INSTRUMENTS,"T-NOTES, 6.5-10 YEAR",Interest Rates - U.S. Treasury,18.6,23.5,26.8,34.6,13.3,17.6,21.0,26.7,UST 10Y NOTE,"(CONTRACTS OF $100,000 FACE VALUE)",196198,282744,31921,FutOnly,200714043602F,496211,958139,61598,10-YEAR U.S. TREASURY NOTES - CHICAGO BOARD OF TRADE,408798,355824,3420575,182066,102876,1256,42.0,29.8,17.7,5.7,8.3,0.9,14.5,28.0,1.8,12.0,10.4,5.3,3.0,0.0,88.0,89.6,100.0,2020-07-14T00:00:00.000,3011777,3064751,101,72,92,23,37,9,49,69,35,18,11,,380,258,261,2020 Report Week 28
1026286,486328,245555,042,042601,CBT,CHI,F30,2832,-8863,-2109,6943,4614,-3563,4301,24235,-2537,-570,-1921,10420,5114,555,9,10990,12341,"T-NOTES, 1-2 YEAR",FINANCIAL INSTRUMENTS,"T-NOTES, 1-2 YEAR",Interest Rates - U.S. Treasury,15.7,29.8,26.2,42.9,14.8,25.9,24.3,38.4,UST 2Y NOTE,"(CONTRACTS OF $200,000 FACE VALUE)",52812,240106,8894,FutOnly,200714042601F,360453,927464,19366,2-YEAR U.S. TREASURY NOTES - CHICAGO BOARD OF TRADE,176514,91404,2096190,205234,75997,1076,49.0,23.2,11.7,2.5,11.5,0.4,17.2,44.2,0.9,8.4,4.4,9.8,3.6,0.1,91.6,95.6,100.0,2020-07-14T00:00:00.000,1919676,2004786,109,29,66,11,29,7,48,40,19,20,9,,295,217,172,2020 Report Week 28
1218305,717834,319974,138,13874A,CME,CHI,F20,-16874,-27066,-4707,12748,24189,1728,10892,9250,-913,5641,1718,7373,-1491,2825,349,1732,5655,,,S&P BROAD BASED STOCK INDICES,,15.2,17.7,23.4,24.0,14.5,17.7,20.8,23.7,E-MINI S&P 500,($50 X S&P 500 INDEX),450838,267596,51728,FutOnly,20072113874AF,212907,528760,28250,E-MINI S&P 500 STOCK INDEX - CHICAGO MERCANTILE EXCHANGE,244971,330372,2633214,100031,382490,6210,46.3,27.3,12.2,17.1,10.2,2.0,8.1,20.1,1.1,9.3,12.5,3.8,14.5,0.2,90.7,87.5,100.0,2020-07-21T00:00:00.000,2388243,2302842,155,96,124,35,35,28,64,108,47,31,49,9,573,378,403,2020 Report Week 29
1441529,1088267,607041,043,043602,CBT,CHI,F30,4856,67904,1187,11440,-39811,1695,-20460,-22329,-4064,4783,217,3760,4153,-1209,170,-1023,3543,"T-NOTES, 6.5-10 YEAR",FINANCIAL INSTRUMENTS,"T-NOTES, 6.5-10 YEAR",Interest Rates - U.S. Treasury,18.5,24.2,26.9,35.2,13.4,17.4,21.3,26.4,UST 10Y NOTE,"(CONTRACTS OF $100,000 FACE VALUE)",207638,242933,33616,FutOnly,200721043602F,475751,935810,57534,10-YEAR U.S. TREASURY NOTES - CHICAGO BOARD OF TRADE,413581,356041,3424335,186219,101667,1426,42.1,31.8,17.7,6.1,7.1,1.0,13.9,27.3,1.7,12.1,10.4,5.4,3.0,0.0,87.9,89.6,100.0,2020-07-21T00:00:00.000,3010754,3068294,102,76,92,20,41,11,48,72,39,19,11,5,389,262,274,2020 Report Week 29
1037009,500341,244106,042,042601,CBT,CHI,F30,10723,14013,-1449,5748,1244,-1418,490,5694,37,363,5992,24342,9847,228,1,23979,18350,"T-NOTES, 1-2 YEAR",FINANCIAL INSTRUMENTS,"T-NOTES, 1-2 YEAR",Interest Rates - U.S. Treasury,15.5,28.8,26.2,42.6,14.8,25.4,24.3,38.1,UST 2Y NOTE,"(CONTRACTS OF $200,000 FACE VALUE)",58560,241350,7476,FutOnly,200721042601F,360943,933158,19403,2-YEAR U.S. TREASURY NOTES - CHICAGO BOARD OF TRADE,176877,97396,2120532,215081,76225,1077,48.9,23.6,11.5,2.8,11.4,0.4,17.0,44.0,0.9,8.3,4.6,10.1,3.6,0.1,91.7,95.4,100.0,2020-07-21T00:00:00.000,1943655,2023136,113,27,66,10,28,6,45,43,20,22,9,,297,219,172,2020 Report Week 29
1263948,719014,303168,138,13874A,CME,CHI,F20,45643,1180,-16806,-18541,66712,813,9344,-41865,630,-4251,21845,13935,-2385,-18062,-512,18186,-7910,,,S&P BROAD BASED STOCK INDICES,,15.5,17.5,23.6,24.2,14.7,17.5,21.0,23.9,E-MINI S&P 500,($50 X S&P 500 INDEX),432297,334308,52541,FutOnly,20072813874AF,222251,486895,28880,E-MINI S&P 500 STOCK INDEX - CHICAGO MERCANTILE EXCHANGE,240720,352217,2647149,97646,364428,5698,47.7,27.2,11.5,16.3,12.6,2.0,8.4,18.4,1.1,9.1,13.3,3.7,13.8,0.2,90.9,86.7,100.0,2020-07-28T00:00:00.000,2406429,2294932,157,101,123,35,34,26,64,103,45,28,50,8,572,374,400,2020 Report Week 30
1439805,1129458,624222,043,043602,CBT,CHI,F30,-1724,41191,17181,21979,-1817,8123,12048,14123,3819,13004,3041,79580,5858,-5373,-708,66576,76539,"T-NOTES, 6.5-10 YEAR",FINANCIAL INSTRUMENTS,"T-NOTES, 6.5-10 YEAR",Interest Rates - U.S. Treasury,18.3,25.6,26.8,36.0,13.6,18.7,21.4,27.2,UST 10Y NOTE,"(CONTRACTS OF $100,000 FACE VALUE)",229617,241116,41739,FutOnly,200728043602F,487799,949933,61353,10-YEAR U.S. TREASURY NOTES - CHICAGO BOARD OF TRADE,426585,359082,3503915,192077,96294,718,41.1,32.2,17.8,6.6,6.9,1.2,13.9,27.1,1.8,12.2,10.2,5.5,2.7,0.0,87.8,89.8,100.0,2020-07-28T00:00:00.000,3077330,3144833,103,73,95,24,31,14,44,65,38,17,10,,367,262,254,2020 Report Week 30
1027058,466678,254340,042,042601,CBT,CHI,F30,-9951,-33663,10234,7188,15862,2693,-13503,6265,503,-1114,-6101,-4167,-247,10,30,-3053,1934,"T-NOTES, 1-2 YEAR",FINANCIAL INSTRUMENTS,"T-NOTES, 1-2 YEAR",Interest Rates - U.S. Treasury,16.0,29.0,26.7,43.2,15.0,25.7,24.5,38.6,UST 2Y NOTE,"(CONTRACTS OF $200,000 FACE VALUE)",65748,257212,10169,FutOnly,200728042601F,347440,939423,19906,2-YEAR U.S. TREASURY NOTES - CHICAGO BOARD OF TRADE,175763,91295,2116365,214834,76235,1107,48.5,22.1,12.0,3.1,12.2,0.5,16.4,44.4,0.9,8.3,4.3,10.2,3.6,0.1,91.7,95.7,100.0,2020-07-28T00:00:00.000,1940602,2025070,112,25,64,11,28,7,45,48,21,23,9,,301,219,176,2020 Report Week 30
1299522,687399,275828,138,13874A,CME,CHI,F20,35574,-31615,-27340,39959,-10525,1067,-24360,59732,-2530,9928,15174,29249,-2343,25992,-706,19321,14075,,,S&P BROAD BASED STOCK INDICES,,15.3,16.9,23.4,23.7,14.3,16.9,21.4,23.2,E-MINI S&P 500,($50 X S&P 500 INDEX),472256,323783,53608,FutOnly,20080413874AF,197891,546627,26350,E-MINI S&P 500 STOCK INDEX - CHICAGO MERCANTILE EXCHANGE,250648,367391,2676398,95303,390420,4992,48.6,25.7,10.3,17.6,12.1,2.0,7.4,20.4,1.0,9.4,13.7,3.6,14.6,0.2,90.6,86.3,100.0,2020-08-04T00:00:00.000,2425750,2309007,158,96,124,36,35,27,57,112,41,28,48,8,570,367,403,2020 Report Week 31
1386993,1090731,643591,043,043602,CBT,CHI,F30,-52812,-38727,19369,6507,-4428,-23496,35106,-12497,23151,-25112,10193,-23681,-6593,2555,199,1431,-33874,"T-NOTES, 6.5-10 YEAR",FINANCIAL INSTRUMENTS,"T-NOTES, 6.5-10 YEAR",Interest Rates - U.S. Treasury,17.8,25.5,26.2,35.8,12.9,18.4,20.8,26.7,UST 10Y NOTE,"(CONTRACTS OF $100,000 FACE VALUE)",236124,236688,18243,FutOnly,200804043602F,522905,937436,84504,10-YEAR U.S. TREASURY NOTES - CHICAGO BOARD OF TRADE,401473,369275,3480234,185484,98849,917,39.9,31.3,18.5,6.8,6.8,0.5,15.0,26.9,2.4,11.5,10.6,5.3,2.8,0.0,88.5,89.4,100.0,2020-08-04T00:00:00.000,3078761,3110959,104,71,98,20,32,15,49,73,45,18,11,,378,272,267,2020 Report Week 31
1043145,468720,257995,042,042601,CBT,CHI,F30,16087,2042,3655,6479,-17450,-1915,40922,93322,-1823,23402,15596,93394,6305,-315,282,69992,77798,"T-NOTES, 1-2 YEAR",FINANCIAL INSTRUMENTS,"T-NOTES, 1-2 YEAR",Interest Rates - U.S. Treasury,15.3,29.3,25.3,42.8,14.3,25.7,23.3,38.2,UST 2Y NOTE,"(CONTRACTS OF $200,000 FACE VALUE)",72227,239762,8254,FutOnly,200804042601F,388362,1032745,18083,2-YEAR U.S. TREASURY NOTES - CHICAGO BOARD OF TRADE,199165,106891,2209759,221139,75920,1389,47.2,21.2,11.7,3.3,10.9,0.4,17.6,46.7,0.8,9.0,4.8,10.0,3.4,0.1,91.0,95.2,100.0,2020-08-04T00:00:00.000,2010594,2102868,111,28,70,14,25,7,51,46,21,22,9,,306,231,175,2020 Report Week 31
1306921,636272,270310,138,13874A,CME,CHI,F20,7399,-51127,-5518,-526,20636,8715,7780,22358,-1146,516,5996,17690,276,17582,194,17174,11694,,,S&P BROAD BASED STOCK INDICES,,15.4,15.5,23.9,22.8,14.4,15.5,22.2,22.3,E-MINI S&P 500,($50 X S&P 500 INDEX),471730,344419,62323,FutOnly,20081113874AF,205671,568985,25204,E-MINI S&P 500 STOCK INDEX - CHICAGO MERCANTILE EXCHANGE,251164,373387,2694088,95579,408002,5186,48.5,23.6,10.0,17.5,12.8,2.3,7.6,21.1,0.9,9.3,13.9,3.5,15.1,0.2,90.7,86.1,100.0,2020-08-11T00:00:00.000,2442924,2320701,159,90,122,34,36,28,58,118,42,30,45,10,570,365,407,2020 Report Week 32
1423380,1167981,621898,043,043602,CBT,CHI,F30,36387,77250,-21693,24315,-37709,-940,-23490,31887,4078,9358,-15791,29588,1779,-7288,-206,20230,45379,"T-NOTES, 6.5-10 YEAR",FINANCIAL INSTRUMENTS,"T-NOTES, 6.5-10 YEAR",Interest Rates - U.S. Treasury,17.7,26.5,26.6,36.7,13.3,18.1,21.5,27.8,UST 10Y NOTE,"(CONTRACTS OF $100,000 FACE VALUE)",260439,198979,17303,FutOnly,200811043602F,499415,969323,88582,10-YEAR U.S. TREASURY NOTES - CHICAGO BOARD OF TRADE,410831,353484,3509822,187263,91561,711,40.6,33.3,17.7,7.4,5.7,0.5,14.2,27.6,2.5,11.7,10.1,5.3,2.6,0.0,88.3,89.9,100.0,2020-08-11T00:00:00.000,3098991,3156338,110,73,103,22,34,16,37,79,55,18,12,,385,285,276,2020 Report Week 32
1049189,491116,258133,042,042601,CBT,CHI,F30,6044,22396,138,-3632,-1956,876,-31494,-59316,5040,-25324,-9961,-42331,6021,452,0,-17007,-32370,"T-NOTES, 1-2 YEAR",FINANCIAL INSTRUMENTS,"T-NOTES, 1-2 YEAR",Interest Rates - U.S. Treasury,16.3,28.6,26.6,42.6,15.6,25.3,24.4,38.0,UST 2Y NOTE,"(CONTRACTS OF $200,000 FACE VALUE)",68595,237806,9130,FutOnly,200811042601F,356868,973429,23123,2-YEAR U.S. TREASURY NOTES - CHICAGO BOARD OF TRADE,173841,96930,2167428,227160,76372,1389,48.4,22.7,11.9,3.2,11.0,0.4,16.5,44.9,1.1,8.0,4.5,10.5,3.5,0.1,92.0,95.5,100.0,2020-08-11T00:00:00.000,1993587,2070498,109,30,68,13,27,7,47,46,24,23,9,,304,226,179,2020 Report Week 32
1314513,635477,280027,138,13874A,CME,CHI,F20,7592,-795,9717,314,23658,3205,5132,-12233,5307,5413,-18641,35202,-1799,24663,321,29789,53843,,,S&P BROAD BASED STOCK INDICES,,15.4,15.9,23.4,23.1,14.5,15.7,22.0,22.9,E-MINI S&P 500,($50 X S&P 500 INDEX),472044,368077,65528,FutOnly,20081813874AF,210803,556752,30511,E-MINI S&P 500 STOCK INDEX - CHICAGO MERCANTILE EXCHANGE,256577,354746,2729290,93780,432665,5507,48.2,23.3,10.3,17.3,13.5,2.4,7.7,20.4,1.1,9.4,13.0,3.4,15.9,0.2,90.6,87.0,100.0,2020-08-18T00:00:00.000,2472713,2374544,161,90,128,34,34,27,64,116,44,29,50,9,578,373,413,2020 Report Week 33
1406960,1182499,625239,043,043602,CBT,CHI,F30,-16420,14518,3341,-60436,25097,44335,-29061,-101656,29803,-14308,-10611,671,40092,-7481,3325,14979,11282,"T-NOTES, 6.5-10 YEAR",FINANCIAL INSTRUMENTS,"T-NOTES, 6.5-10 YEAR",Interest Rates - U.S. Treasury,16.2,27.1,25.2,37.2,11.9,18.8,20.0,28.6,UST 10Y NOTE,"(CONTRACTS OF $100,000 FACE VALUE)",200003,224076,61638,FutOnly,200818043602F,470354,867667,118385,10-YEAR U.S. TREASURY NOTES - CHICAGO BOARD OF TRADE,396523,342873,3510493,227355,84080,4036,40.1,33.7,17.8,5.7,6.4,1.8,13.4,24.7,3.4,11.3,9.8,6.5,2.4,0.1,88.7,90.2,100.0,2020-08-18T00:00:00.000,3113970,3167620,112,75,102,27,31,19,57,69,49,21,11,,403,304,272,2020 Report Week 33
1009540,511779,257274,042,042601,CBT,CHI,F30,-39649,20663,-859,6499,-36280,-103,-13125,-54484,6102,-1775,-666,-65361,-22452,265,1,-63586,-64695,"T-NOTES, 1-2 YEAR",FINANCIAL INSTRUMENTS,"T-NOTES, 1-2 YEAR",Interest Rates - U.S. Treasury,15.3,28.8,26.0,43.5,14.6,25.3,23.7,38.3,UST 2Y NOTE,"(CONTRACTS OF $200,000 FACE VALUE)",75094,201526,9027,FutOnly,200818042601F,343743,918945,29225,2-YEAR U.S. TREASURY NOTES - CHICAGO BOARD OF TRADE,172066,96264,2102067,204708,76637,1390,48.0,24.3,12.2,3.6,9.6,0.4,16.4,43.7,1.4,8.2,4.6,9.7,3.6,0.1,91.8,95.4,100.0,2020-08-18T00:00:00.000,1930001,2005803,105,28,65,14,27,7,49,46,28,23,9,,301,228,175,2020 Report Week 33
1342049,628437,263430,138,13874A,CME,CHI,F20,27536,-7040,-16597,115,987,331,-2337,22214,8319,-1137,4488,16880,597,4125,53,18017,12392,,,S&P BROAD BASED STOCK INDICES,,14.8,16.0,23.5,22.9,13.9,15.7,22.2,22.6,E-MINI S&P 500,($50 X S&P 500 INDEX),472159,369064,65859,FutOnly,20082513874AF,208466,578966,38830,E-MINI S&P 500 STOCK INDEX - CHICAGO MERCANTILE EXCHANGE,255440,359234,2746170,94377,436790,5560,48.9,22.9,9.6,17.2,13.4,2.4,7.6,21.1,1.4,9.3,13.1,3.4,15.9,0.2,90.7,86.9,100.0,2020-08-25T00:00:00.000,2490730,2386936,158,91,124,38,36,28,63,115,46,29,49,10,579,376,411,2020 Report Week 34
1348650,1134758,652898,043,043602,CBT,CHI,F30,-58310,-47741,27659,-18308,44852,-14312,-51778,-139996,118285,33635,75078,59762,15074,-11880,7817,26127,-15316,"T-NOTES, 6.5-10 YEAR",FINANCIAL INSTRUMENTS,"T-NOTES, 6.5-10 YEAR",Interest Rates - U.S. Treasury,14.9,25.4,23.5,36.0,10.2,17.3,17.9,26.7,UST 10Y NOTE,"(CONTRACTS OF $100,000 FACE VALUE)",181695,268928,47326,FutOnly,200825043602F,418576,727671,236670,10-YEAR U.S. TREASURY NOTES - CHICAGO BOARD OF TRADE,430158,417951,3570255,242429,72200,11853,37.8,31.8,18.3,5.1,7.5,1.3,11.7,20.4,6.6,12.0,11.7,6.8,2.0,0.3,88.0,88.3,100.0,2020-08-25T00:00:00.000,3140097,3152304,103,66,102,12,35,17,57,58,59,22,9,4,363,283,262,2020 Report Week 34
952682,462989,260040,042,042601,CBT,CHI,F30,-56858,-48790,2766,-3844,-11072,16200,19648,14790,44658,12175,10944,31251,-7697,-2448,4203,19076,20307,"T-NOTES, 1-2 YEAR",FINANCIAL INSTRUMENTS,"T-NOTES, 1-2 YEAR",Interest Rates - U.S. Treasury,14.7,29.3,23.9,43.2,13.2,25.6,21.5,38.3,UST 2Y NOTE,"(CONTRACTS OF $200,000 FACE VALUE)",71250,190454,25227,FutOnly,200825042601F,363391,933735,73883,2-YEAR U.S. TREASURY NOTES - CHICAGO BOARD OF TRADE,184241,107208,2133318,197011,74189,5593,44.7,21.7,12.2,3.3,8.9,1.2,17.0,43.8,3.5,8.6,5.0,9.2,3.5,0.3,91.4,95.0,100.0,2020-08-25T00:00:00.000,1949077,2026110,107,28,69,13,25,14,54,44,32,22,9,4,302,241,180,2020 Report Week 34
1313111,626797,283998,138,13874A,CME,CHI,F20,-28938,-1640,20568,2038,319,5253,34887,6889,8855,580,4993,43451,274,-1720,-66,42871,38458,,,S&P BROAD BASED STOCK INDICES,,13.8,15.6,23.8,23.3,13.4,15.3,22.1,22.9,E-MINI S&P 500,($50 X S&P 500 INDEX),474197,369383,71112,FutOnly,20090113874AF,243353,585855,47685,E-MINI S&P 500 STOCK INDEX - CHICAGO MERCANTILE EXCHANGE,256020,364227,2789621,94651,435070,5494,47.1,22.5,10.2,17.0,13.2,2.5,8.7,21.0,1.7,9.2,13.1,3.4,15.6,0.2,90.8,86.9,100.0,2020-09-01T00:00:00.000,2533601,2425394,159,94,123,33,38,27,67,112,51,30,47,6,580,384,403,2020 Report Week 35
1343712,1127746,624716,043,043602,CBT,CHI,F30,-4938,-7012,-28182,11881,-29617,-16530,11737,10688,-94539,-55348,-46538,-206656,-19403,16408,-11334,-151308,-160118,"T-NOTES, 6.5-10 YEAR",FINANCIAL INSTRUMENTS,"T-NOTES, 6.5-10 YEAR",Interest Rates - U.S. Treasury,17.1,25.5,26.6,36.3,11.9,16.1,20.1,26.2,UST 10Y NOTE,"(CONTRACTS OF $100,000 FACE VALUE)",193576,239311,30796,FutOnly,200901043602F,430313,738359,142131,10-YEAR U.S. TREASURY NOTES - CHICAGO BOARD OF TRADE,374810,371413,3363599,223026,88608,519,39.9,33.5,18.6,5.8,7.1,0.9,12.8,22.0,4.2,11.1,11.0,6.6,2.6,0.0,88.9,89.0,100.0,2020-09-01T00:00:00.000,2988789,2992186,98,68,96,16,37,19,51,71,37,18,13,,372,258,268,2020 Report Week 35
924331,483883,251485,042,042601,CBT,CHI,F30,-28351,20894,-8555,-11632,-23441,-14310,-922,-50444,12869,-16625,-13604,-85812,-13560,-4495,-4726,-69187,-72208,"T-NOTES, 1-2 YEAR",FINANCIAL INSTRUMENTS,"T-NOTES, 1-2 YEAR",Interest Rates - U.S. Treasury,15.3,30.4,24.7,45.2,13.9,25.2,21.9,38.5,UST 2Y NOTE,"(CONTRACTS OF $200,000 FACE VALUE)",59618,167013,10917,FutOnly,200901042601F,362469,883291,86752,2-YEAR U.S. TREASURY NOTES - CHICAGO BOARD OF TRADE,167616,93604,2047506,183451,69694,867,45.1,23.6,12.3,2.9,8.2,0.5,17.7,43.1,4.2,8.2,4.6,9.0,3.4,0.0,91.8,95.4,100.0,2020-09-01T00:00:00.000,1879890,1953902,106,26,65,15,24,14,52,41,34,20,7,,291,240,166,2020 Report Week 35
1245754,632981,298055,138,13874A,CME,CHI,F20,-67357,6184,14057,-46036,4072,10973,2329,-93488,-1112,-2319,15106,-83222,5828,-39429,415,-80903,-98328,,,S&P BROAD BASED STOCK INDICES,,13.6,16.5,23.5,23.3,13.1,16.1,21.6,22.6,E-MINI S&P 500,($50 X S&P 500 INDEX),428161,373455,82085,FutOnly,20090813874AF,245682,492367,46573,E-MINI S&P 500 STOCK INDEX - CHICAGO MERCANTILE EXCHANGE,253701,379333,2706399,100479,395641,5909,46.0,23.4,11.0,15.8,13.8,3.0,9.1,18.2,1.7,9.4,14.0,3.7,14.6,0.2,90.6,86.0,100.0,2020-09-08T00:00:00.000,2452698,2327066,150,96,128,32,38,27,65,108,54,34,48,12,571,390,402,2020 Report Week 36
1359286,1106220,628607,043,043602,CBT,CHI,F30,15574,-21526,3891,7652,-18731,-3136,-12204,41710,-40034,9788,2943,-30088,-11619,4795,0,-39876,-33031,"T-NOTES, 6.5-10 YEAR",FINANCIAL INSTRUMENTS,"T-NOTES, 6.5-10 YEAR",Interest Rates - U.S. Treasury,18.6,25.6,27.7,36.1,13.1,16.1,21.1,26.1,UST 10Y NOTE,"(CONTRACTS OF $100,000 FACE VALUE)",201228,220580,27660,FutOnly,200908043602F,418109,780069,102097,10-YEAR U.S. TREASURY NOTES - CHICAGO BOARD OF TRADE,384598,374356,3333511,211407,93403,519,40.8,33.2,18.9,6.0,6.6,0.8,12.5,23.4,3.1,11.5,11.2,6.3,2.8,0.0,88.5,88.8,100.0,2020-09-08T00:00:00.000,2948913,2959155,103,70,99,16,34,13,43,70,35,18,12,,366,252,263,2020 Report Week 36
930767,446830,260265,042,042601,CBT,CHI,F30,6436,-37053,8780,-23328,-4312,-5058,-35492,-9841,-12364,2232,855,-57828,944,1143,22,-60060,-58683,"T-NOTES, 1-2 YEAR",FINANCIAL INSTRUMENTS,"T-NOTES, 1-2 YEAR",Interest Rates - U.S. Treasury,15.4,30.8,25.0,45.5,14.1,25.3,22.1,38.8,UST 2Y NOTE,"(CONTRACTS OF $200,000 FACE VALUE)",36290,162701,5859,FutOnly,200908042601F,326977,873450,74388,2-YEAR U.S. TREASURY NOTES - CHICAGO BOARD OF TRADE,169848,94459,1989678,184395,70837,889,46.8,22.5,13.1,1.8,8.2,0.3,16.4,43.9,3.7,8.5,4.7,9.3,3.6,0.0,91.5,95.3,100.0,2020-09-08T00:00:00.000,1819830,1895219,106,26,66,14,25,8,50,40,31,20,7,,288,232,164,2020 Report Week 36
1263830,639449,330502,138,13874A,CME,CHI,F20,18076,6468,32447,-66815,16618,156964,-27961,-19762,41912,32612,2904,201749,12301,-38015,2213,169137,198845,,,S&P BROAD BASED STOCK INDICES,,12.8,16.8,21.5,24.2,12.0,15.2,18.9,21.3,E-MINI S&P 500,($50 X S&P 500 INDEX),361346,390073,239049,FutOnly,20091513874AF,217721,472605,88485,E-MINI S&P 500 STOCK INDEX - CHICAGO MERCANTILE EXCHANGE,286313,382237,2908148,112780,357626,8122,43.5,22.0,11.4,12.4,13.4,8.2,7.5,16.3,3.0,9.8,13.1,3.9,12.3,0.3,90.2,86.9,100.0,2020-09-15T00:00:00.000,2621835,2525911,151,89,127,33,39,35,64,105,65,30,45,13,558,404,394,2020 Report Week 37
1391465,1115090,594919,043,043602,CBT,CHI,F30,32179,8870,-33688,-17604,22576,17059,-48903,-34767,-21062,7859,-26478,-65699,-2228,1102,689,-73558,-39221,"T-NOTES, 6.5-10 YEAR",FINANCIAL INSTRUMENTS,"T-NOTES, 6.5-10 YEAR",Interest Rates - U.S. Treasury,16.7,25.8,25.9,36.3,11.3,16.4,19.5,26.7,UST 10Y NOTE,"(CONTRACTS OF $100,000 FACE VALUE)",183624,243156,44719,FutOnly,200915043602F,369206,745302,81035,10-YEAR U.S. TREASURY NOTES - CHICAGO BOARD OF TRADE,392457,347878,3267812,209179,94505,1208,42.6,34.1,18.2,5.6,7.4,1.4,11.3,22.8,2.5,12.0,10.6,6.4,2.9,0.0,88.0,89.4,100.0,2020-09-15T00:00:00.000,2875355,2919934,102,68,96,17,38,11,47,70,32,19,15,,377,250,269,2020 Report Week 37
952680,474193,261373,042,042601,CBT,CHI,F30,21913,27363,1108,9222,-8333,3041,-14996,699,-14662,-3040,-7837,1945,-641,566,0,4985,9782,"T-NOTES, 1-2 YEAR",FINANCIAL INSTRUMENTS,"T-NOTES, 1-2 YEAR",Interest Rates - U.S. Treasury,15.3,30.4,25.1,46.4,14.0,26.5,22.3,40.0,UST 2Y NOTE,"(CONTRACTS OF $200,000 FACE VALUE)",45512,154368,8900,FutOnly,200915042601F,311981,874149,59726,2-YEAR U.S. TREASURY NOTES - CHICAGO BOARD OF TRADE,166808,86622,1991623,183754,71403,889,47.8,23.8,13.1,2.3,7.8,0.4,15.7,43.9,3.0,8.4,4.3,9.2,3.6,0.0,91.6,95.7,100.0,2020-09-15T00:00:00.000,1824815,1905001,107,28,70,15,22,8,51,38,29,20,7,,288,233,165,2020 Report Week 37
1317683,660553,276579,138,13874A,CME,CHI,F20,53853,21104,-53923,-64563,132779,-212352,-42022,-134526,-58416,-40828,-105374,-435197,-14435,-21978,-2511,-394369,-329823,,,S&P BROAD BASED STOCK INDICES,,16.1,19.7,25.1,29.8,15.2,19.7,22.9,29.8,E-MINI S&P 500,($50 X S&P 500 INDEX),296783,522852,26697,FutOnly,20092213874AF,175699,338079,30069,E-MINI S&P 500 STOCK INDEX - CHICAGO MERCANTILE EXCHANGE,245485,276863,2472951,98345,335648,5611,53.3,26.7,11.2,12.0,21.1,1.1,7.1,13.7,1.2,9.9,11.2,4.0,13.6,0.2,90.1,88.8,100.0,2020-09-22T00:00:00.000,2227466,2196088,154,95,128,32,41,15,60,96,37,28,43,8,549,361,376,2020 Report Week 38
1367316,1162519,602202,043,043602,CBT,CHI,F30,-24149,47429,7283,110,11860,4429,6085,-54465,-11859,3863,-9972,-5416,9543,600,-721,-9279,4556,"T-NOTES, 6.5-10 YEAR",FINANCIAL INSTRUMENTS,"T-NOTES, 6.5-10 YEAR",Interest Rates - U.S. Treasury,16.2,26.2,24.8,37.0,10.4,16.9,18.4,27.2,UST 10Y NOTE,"(CONTRACTS OF $100,000 FACE VALUE)",183734,255016,49148,FutOnly,200922043602F,375291,690837,69176,10-YEAR U.S. TREASURY NOTES - CHICAGO BOARD OF TRADE,396320,337906,3262396,218722,95105,487,41.9,35.6,18.5,5.6,7.8,1.5,11.5,21.2,2.1,12.1,10.4,6.7,2.9,0.0,87.9,89.6,100.0,2020-09-22T00:00:00.000,2866076,2924490,101,73,98,20,40,11,51,66,32,20,14,,385,261,267,2020 Report Week 38
960851,450200,256719,042,042601,CBT,CHI,F30,8171,-23993,-4654,-10467,26450,221,45204,41392,-8188,-195,4617,32875,2788,-2965,-5,33070,28258,"T-NOTES, 1-2 YEAR",FINANCIAL INSTRUMENTS,"T-NOTES, 1-2 YEAR",Interest Rates - U.S. Treasury,15.0,33.7,24.7,48.5,13.9,29.4,22.2,42.4,UST 2Y NOTE,"(CONTRACTS OF $200,000 FACE VALUE)",35045,180818,9121,FutOnly,200922042601F,357185,915541,51538,2-YEAR U.S. TREASURY NOTES - CHICAGO BOARD OF TRADE,166613,91239,2024498,186542,68438,884,47.5,22.2,12.7,1.7,8.9,0.5,17.6,45.2,2.5,8.2,4.5,9.2,3.4,0.0,91.8,95.5,100.0,2020-09-22T00:00:00.000,1857885,1933259,107,27,69,12,27,8,51,39,25,21,6,,290,229,166,2020 Report Week 38
1264926,673779,279144,138,13874A,CME,CHI,F20,-52757,13226,2565,-3582,-17089,449,11454,11813,7874,14094,-15674,541,20042,-3025,402,-13553,16215,,,S&P BROAD BASED STOCK INDICES,,16.1,20.6,24.4,30.4,15.1,20.6,22.2,30.4,E-MINI S&P 500,($50 X S&P 500 INDEX),293201,505763,27146,FutOnly,20092913874AF,187153,349892,37943,E-MINI S&P 500 STOCK INDEX - CHICAGO MERCANTILE EXCHANGE,259579,261189,2473492,118387,332623,6013,51.1,27.2,11.3,11.9,20.4,1.1,7.6,14.1,1.5,10.5,10.6,4.8,13.4,0.2,89.5,89.4,100.0,2020-09-29T00:00:00.000,2213913,2212303,149,98,124,31,39,18,59,97,40,32,38,10,543,362,373,2020 Report Week 39
1409267,1158042,612711,043,043602,CBT,CHI,F30,41951,-4477,10509,-1747,46962,-7733,12215,-3417,-12584,-1858,869,25024,-16450,-5826,721,26882,24155,"T-NOTES, 6.5-10 YEAR",FINANCIAL INSTRUMENTS,"T-NOTES, 6.5-10 YEAR",Interest Rates - U.S. Treasury,15.9,26.0,24.5,36.4,10.7,17.0,18.3,27.1,UST 10Y NOTE,"(CONTRACTS OF $100,000 FACE VALUE)",181987,301978,41415,FutOnly,200929043602F,387506,687420,56592,10-YEAR U.S. TREASURY NOTES - CHICAGO BOARD OF TRADE,394462,338775,3287420,202272,89279,1208,42.9,35.2,18.6,5.5,9.2,1.3,11.8,20.9,1.7,12.0,10.3,6.2,2.7,0.0,88.0,89.7,100.0,2020-09-29T00:00:00.000,2892958,2948645,103,74,100,19,36,10,46,64,27,19,13,,374,255,259,2020 Report Week 39
944852,449437,246732,042,042601,CBT,CHI,F30,-15999,-763,-9987,-3254,41536,229,39569,-27216,-3150,-4281,-2998,-7314,-10421,-4945,-20,-3033,-4316,"T-NOTES, 1-2 YEAR",FINANCIAL INSTRUMENTS,"T-NOTES, 1-2 YEAR",Interest Rates - U.S. Treasury,15.0,31.7,24.7,46.7,13.8,27.6,22.1,40.4,UST 2Y NOTE,"(CONTRACTS OF $200,000 FACE VALUE)",31791,222354,9350,FutOnly,200929042601F,396754,888325,48388,2-YEAR U.S. TREASURY NOTES - CHICAGO BOARD OF TRADE,162332,88241,2017184,176121,63493,864,46.8,22.3,12.2,1.6,11.0,0.5,19.7,44.0,2.4,8.0,4.4,8.7,3.1,0.0,92.0,95.6,100.0,2020-09-29T00:00:00.000,1854852,1928943,106,28,68,13,27,7,50,42,23,21,6,,293,227,167,2020 Report Week 39
1218974,631800,276787,138,13874A,CME,CHI,F20,-45952,-41979,-2357,5914,-25990,-3295,20815,31784,-347,30810,21162,2698,-2406,24204,-484,-28112,-18464,,,S&P BROAD BASED STOCK INDICES,,14.3,19.4,22.3,29.1,13.3,19.4,20.3,28.6,E-MINI S&P 500,($50 X S&P 500 INDEX),299115,479773,23851,FutOnly,20100613874AF,207968,381676,37596,E-MINI S&P 500 STOCK INDEX - CHICAGO MERCANTILE EXCHANGE,290389,282351,2476190,115981,356827,5529,49.2,25.5,11.2,12.1,19.4,1.0,8.4,15.4,1.5,11.7,11.4,4.7,14.4,0.2,88.3,88.6,100.0,2020-10-06T00:00:00.000,2185801,2193839,150,93,118,33,34,18,64,101,48,30,43,7,548,367,372,2020 Report Week 40
1382841,1195501,611079,043,043602,CBT,CHI,F30,-26426,37459,-1632,25404,-80163,-26694,-10868,-164,6127,-6255,27246,-37969,2143,-380,232,-31714,-65215,"T-NOTES, 6.5-10 YEAR",FINANCIAL INSTRUMENTS,"T-NOTES, 6.5-10 YEAR",Interest Rates - U.S. Treasury,16.7,25.4,26.0,35.2,11.8,16.3,20.2,26.0,UST 10Y NOTE,"(CONTRACTS OF $100,000 FACE VALUE)",207391,221815,14721,FutOnly,201006043602F,376638,687256,62719,10-YEAR U.S. TREASURY NOTES - CHICAGO BOARD OF TRADE,388207,366021,3249451,204415,88899,1440,42.6,36.8,18.8,6.4,6.8,0.5,11.6,21.1,1.9,11.9,11.3,6.3,2.7,0.0,88.1,88.7,100.0,2020-10-06T00:00:00.000,2861244,2883430,96,80,98,18,32,8,45,69,35,19,12,4,371,257,259,2020 Report Week 40
924541,486100,243608,042,042601,CBT,CHI,F30,-20311,36663,-3124,-763,-85321,-2488,14693,41475,-21757,7261,7036,-28781,-2290,-1263,-2,-36042,-35817,"T-NOTES, 1-2 YEAR",FINANCIAL INSTRUMENTS,"T-NOTES, 1-2 YEAR",Interest Rates - U.S. Treasury,15.4,32.1,24.4,48.6,13.5,29.2,21.6,43.2,UST 2Y NOTE,"(CONTRACTS OF $200,000 FACE VALUE)",31028,137033,6862,FutOnly,201006042601F,411447,929800,26631,2-YEAR U.S. TREASURY NOTES - CHICAGO BOARD OF TRADE,169593,95277,1988403,173831,62230,862,46.5,24.4,12.3,1.6,6.9,0.3,20.7,46.8,1.3,8.5,4.8,8.7,3.1,0.0,91.5,95.2,100.0,2020-10-06T00:00:00.000,1818810,1893126,108,26,69,11,28,7,55,35,17,20,7,,290,222,164,2020 Report Week 40
1240089,574053,277018,138,13874A,CME,CHI,F20,21115,-57747,231,-12286,-323,6974,-24560,45979,5677,7919,-12642,-4660,-10133,6788,403,-12579,7982,,,S&P BROAD BASED STOCK INDICES,,13.8,19.5,21.9,28.8,12.7,19.5,20.1,28.2,E-MINI S&P 500,($50 X S&P 500 INDEX),286829,479450,30825,FutOnly,20101313874AF,183408,427655,43273,E-MINI S&P 500 STOCK INDEX - CHICAGO MERCANTILE EXCHANGE,298308,269709,2471530,105848,363615,5932,50.2,23.2,11.2,11.6,19.4,1.2,7.4,17.3,1.8,12.1,10.9,4.3,14.7,0.2,87.9,89.1,100.0,2020-10-13T00:00:00.000,2173222,2201821,162,87,121,32,35,18,60,102,48,29,42,9,549,369,376,2020 Report Week 41
1401426,1180314,624199,043,043602,CBT,CHI,F30,18585,-15187,13120,-29944,60317,15979,-27680,-62562,-2086,-7608,-9684,-3356,16371,-3160,-93,4252,6328,"T-NOTES, 6.5-10 YEAR",FINANCIAL INSTRUMENTS,"T-NOTES, 6.5-10 YEAR",Interest Rates - U.S. Treasury,16.5,26.1,25.5,36.3,11.5,17.1,19.5,27.0,UST 10Y NOTE,"(CONTRACTS OF $100,000 FACE VALUE)",177447,282132,30700,FutOnly,201013043602F,348958,624694,60633,10-YEAR U.S. TREASURY NOTES - CHICAGO BOARD OF TRADE,380599,356337,3246095,220786,85739,1347,43.2,36.4,19.2,5.5,8.7,0.9,10.8,19.2,1.9,11.7,11.0,6.8,2.6,0.0,88.3,89.0,100.0,2020-10-13T00:00:00.000,2865496,2889758,99,77,100,19,36,12,47,66,36,20,12,4,376,263,265,2020 Report Week 41
944206,511288,243048,042,042601,CBT,CHI,F30,19665,25188,-560,2407,20122,2369,-14799,-38493,-5701,-5029,-5766,-2821,-1160,33,-13,2208,2945,"T-NOTES, 1-2 YEAR",FINANCIAL INSTRUMENTS,"T-NOTES, 1-2 YEAR",Interest Rates - U.S. Treasury,15.4,33.3,24.9,48.2,13.5,30.2,22.3,42.7,UST 2Y NOTE,"(CONTRACTS OF $200,000 FACE VALUE)",33435,157155,9231,FutOnly,201013042601F,396648,891307,20930,2-YEAR U.S. TREASURY NOTES - CHICAGO BOARD OF TRADE,164564,89511,1985582,172671,62263,849,47.6,25.8,12.2,1.7,7.9,0.5,20.0,44.9,1.1,8.3,4.5,8.7,3.1,0.0,91.7,95.5,100.0,2020-10-13T00:00:00.000,1821018,1896071,100,26,66,11,27,6,56,38,17,19,7,,284,212,164,2020 Report Week 41
1226270,593464,262326,138,13874A,CME,CHI,F20,-13819,19411,-14692,-15433,11356,-3661,15212,-38416,1959,-17548,-11944,-36286,12045,50,-349,-18738,-24342,,,S&P BROAD BASED STOCK INDICES,,13.3,19.6,21.6,29.3,12.2,19.6,19.7,28.7,E-MINI S&P 500,($50 X S&P 500 INDEX),271396,490806,27164,FutOnly,20102013874AF,198620,389239,45232,E-MINI S&P 500 STOCK INDEX - CHICAGO MERCANTILE EXCHANGE,280760,257765,2435244,117893,363665,5583,50.4,24.4,10.8,11.1,20.2,1.1,8.2,16.0,1.9,11.5,10.6,4.8,14.9,0.2,88.5,89.4,100.0,2020-10-20T00:00:00.000,2154484,2177479,159,93,118,36,35,19,64,95,45,34,40,9,556,382,365,2020 Report Week 42
1373617,1171766,612171,043,043602,CBT,CHI,F30,-27809,-8548,-12028,5343,-17840,1135,3050,7624,-7522,-834,-6582,-39221,-590,4506,34,-38387,-32639,"T-NOTES, 6.5-10 YEAR",FINANCIAL INSTRUMENTS,"T-NOTES, 6.5-10 YEAR",Interest Rates - U.S. Treasury,16.0,25.6,25.2,36.0,11.5,17.0,19.4,27.0,UST 10Y NOTE,"(CONTRACTS OF $100,000 FACE VALUE)",182790,264292,31835,FutOnly,201020043602F,352008,632318,53111,10-YEAR U.S. TREASURY NOTES - CHICAGO BOARD OF TRADE,379765,349755,3206874,220196,90245,1381,42.8,36.5,19.1,5.7,8.2,1.0,11.0,19.7,1.7,11.8,10.9,6.9,2.8,0.0,88.2,89.1,100.0,2020-10-20T00:00:00.000,2827109,2857119,98,79,95,21,35,11,50,65,37,21,13,5,382,264,266,2020 Report Week 42
952332,518992,238544,042,042601,CBT,CHI,F30,8126,7704,-4504,-479,-10986,1542,-20614,-25140,-1747,-4248,9744,-22470,-546,917,0,-18222,-32214,"T-NOTES, 1-2 YEAR",FINANCIAL INSTRUMENTS,"T-NOTES, 1-2 YEAR",Interest Rates - U.S. Treasury,15.7,33.4,25.5,48.6,13.7,29.7,22.7,43.1,UST 2Y NOTE,"(CONTRACTS OF $200,000 FACE VALUE)",32956,146169,10773,FutOnly,201020042601F,376034,866167,19183,2-YEAR U.S. TREASURY NOTES - CHICAGO BOARD OF TRADE,160316,99255,1963112,172125,63180,849,48.5,26.4,12.2,1.7,7.4,0.5,19.2,44.1,1.0,8.2,5.1,8.8,3.2,0.0,91.8,94.9,100.0,2020-10-20T00:00:00.000,1802796,1863857,100,25,63,11,27,6,56,35,17,19,7,,280,210,159,2020 Report Week 42
1192114,587201,285084,138,13874A,CME,CHI,F20,-34156,-6263,22758,-9764,9127,473,18021,-15932,-2967,-15330,7678,1702,22529,-13310,138,17032,-5976,,,S&P BROAD BASED STOCK INDICES,,13.1,19.4,20.4,29.4,11.5,19.4,18.0,29.0,E-MINI S&P 500,($50 X S&P 500 INDEX),261632,499933,27637,FutOnly,20102713874AF,216641,373307,42265,E-MINI S&P 500 STOCK INDEX - CHICAGO MERCANTILE EXCHANGE,265430,265443,2436946,140422,350355,5721,48.9,24.1,11.7,10.7,20.5,1.1,8.9,15.3,1.7,10.9,10.9,5.8,14.4,0.2,89.1,89.1,100.0,2020-10-27T00:00:00.000,2171516,2171503,157,94,121,37,35,22,57,102,47,34,41,9,557,377,379,2020 Report Week 43
1384725,1159858,594190,043,043602,CBT,CHI,F30,11108,-11908,-17981,-12242,-30390,-607,-27873,-55601,-5,-15318,44838,-53509,9671,18407,-262,-38191,-98347,"T-NOTES, 6.5-10 YEAR",FINANCIAL INSTRUMENTS,"T-NOTES, 6.5-10 YEAR",Interest Rates - U.S. Treasury,16.2,25.7,25.5,35.0,11.6,16.8,19.4,25.9,UST 10Y NOTE,"(CONTRACTS OF $100,000 FACE VALUE)",170548,233902,31228,FutOnly,201027043602F,324135,576717,53106,10-YEAR U.S. TREASURY NOTES - CHICAGO BOARD OF TRADE,364447,394593,3153365,229867,108652,1119,43.9,36.8,18.8,5.4,7.4,1.0,10.3,18.3,1.7,11.6,12.5,7.3,3.4,0.0,88.4,87.5,100.0,2020-10-27T00:00:00.000,2788918,2758772,97,74,86,24,33,12,48,68,38,21,13,,378,262,255,2020 Report Week 43
933650,518444,242142,042,042601,CBT,CHI,F30,-18682,-548,3598,-4366,2405,-1441,45959,25289,2808,3139,-1590,31127,112,606,0,27988,32717,"T-NOTES, 1-2 YEAR",FINANCIAL INSTRUMENTS,"T-NOTES, 1-2 YEAR",Interest Rates - U.S. Treasury,15.2,33.5,25.0,49.2,13.6,30.3,22.1,43.8,UST 2Y NOTE,"(CONTRACTS OF $200,000 FACE VALUE)",28590,148574,9332,FutOnly,201027042601F,421993,891456,21991,2-YEAR U.S. TREASURY NOTES - CHICAGO BOARD OF TRADE,163455,97665,1994239,172237,63786,849,46.8,26.0,12.1,1.4,7.5,0.5,21.2,44.7,1.1,8.2,4.9,8.6,3.2,0.0,91.8,95.1,100.0,2020-10-27T00:00:00.000,1830784,1896574,99,27,64,8,28,6,60,33,19,20,6,,281,215,158,2020 Report Week 43
1168391,612368,285021,138,13874A,CME,CHI,F20,-23723,25167,-63,10536,-15719,-190,-10282,-5200,-2408,-7615,-7800,-26206,6615,-20917,924,-18591,-18406,,,S&P BROAD BASED STOCK INDICES,,13.9,19.3,21.0,29.7,12.9,19.3,19.0,29.0,E-MINI S&P 500,($50 X S&P 500 INDEX),272168,484214,27447,FutOnly,20110313874AF,206359,368107,39857,E-MINI S&P 500 STOCK INDEX - CHICAGO MERCANTILE EXCHANGE,257815,257643,2410740,147037,329438,6645,48.5,25.4,11.8,11.3,20.1,1.1,8.6,15.3,1.7,10.7,10.7,6.1,13.7,0.3,89.3,89.3,100.0,2020-11-03T00:00:00.000,2152925,2153097,154,93,120,37,37,21,50,107,50,36,36,8,550,368,381,2020 Report Week 44
1294482,1093048,594378,043,043602,CBT,CHI,F30,-90243,-66810,188,14283,20143,-17628,-6648,-11490,9653,2095,-8359,-76124,12515,-1482,-339,-78219,-67765,"T-NOTES, 6.5-10 YEAR",FINANCIAL INSTRUMENTS,"T-NOTES, 6.5-10 YEAR",Interest Rates - U.S. Treasury,16.5,25.3,25.5,33.5,11.8,15.9,19.4,23.6,UST 10Y NOTE,"(CONTRACTS OF $100,000 FACE VALUE)",184831,254045,13600,FutOnly,201103043602F,317487,565227,62759,10-YEAR U.S. TREASURY NOTES - CHICAGO BOARD OF TRADE,366542,386234,3077241,242382,107170,780,42.1,35.5,19.3,6.0,8.3,0.4,10.3,18.4,2.0,11.9,12.6,7.9,3.5,0.0,88.1,87.4,100.0,2020-11-03T00:00:00.000,2710699,2691007,95,73,88,19,36,13,47,71,38,19,13,,373,257,258,2020 Report Week 44
941385,518238,243158,042,042601,CBT,CHI,F30,7735,-206,1016,10231,-13412,4392,-73294,-35799,17962,-1776,-914,-28027,5632,-1141,75,-26251,-27113,"T-NOTES, 1-2 YEAR",FINANCIAL INSTRUMENTS,"T-NOTES, 1-2 YEAR",Interest Rates - U.S. Treasury,15.8,34.8,25.9,50.1,14.6,32.0,23.0,44.2,UST 2Y NOTE,"(CONTRACTS OF $200,000 FACE VALUE)",38821,135162,13724,FutOnly,201103042601F,348699,855657,39953,2-YEAR U.S. TREASURY NOTES - CHICAGO BOARD OF TRADE,161679,96751,1966212,177869,62645,924,47.9,26.4,12.4,2.0,6.9,0.7,17.7,43.5,2.0,8.2,4.9,9.0,3.2,0.0,91.8,95.1,100.0,2020-11-03T00:00:00.000,1804533,1869461,100,28,64,13,26,8,53,35,23,21,7,,283,219,162,2020 Report Week 44
1189251,554724,307424,138,13874A,CME,CHI,F20,20860,-57644,22403,4503,16794,13535,9776,8290,454,3443,19957,50002,-24873,26312,-99,46559,30045,,,S&P BROAD BASED STOCK INDICES,,12.9,20.1,21.1,30.2,11.1,20.0,18.3,29.4,E-MINI S&P 500,($50 X S&P 500 INDEX),276671,501008,40982,FutOnly,20111013874AF,216135,376397,40311,E-MINI S&P 500 STOCK INDEX - CHICAGO MERCANTILE EXCHANGE,261258,277600,2460742,122164,355750,6546,48.3,22.5,12.5,11.2,20.4,1.7,8.8,15.3,1.6,10.6,11.3,5.0,14.5,0.3,89.4,88.7,100.0,2020-11-10T00:00:00.000,2199484,2183142,150,88,119,35,34,19,65,89,47,35,33,7,529,374,347,2020 Report Week 45
1263308,1129652,640083,043,043602,CBT,CHI,F30,-31174,36604,45705,-35689,29939,13126,112509,-51793,38771,-3053,18814,129974,-11687,-2658,1466,133027,111160,"T-NOTES, 6.5-10 YEAR",FINANCIAL INSTRUMENTS,"T-NOTES, 6.5-10 YEAR",Interest Rates - U.S. Treasury,16.6,25.6,26.3,33.9,11.8,16.0,20.2,24.2,UST 10Y NOTE,"(CONTRACTS OF $100,000 FACE VALUE)",149142,283984,26726,FutOnly,201110043602F,429996,513434,101530,10-YEAR U.S. TREASURY NOTES - CHICAGO BOARD OF TRADE,363489,405048,3207215,230695,104512,2246,39.4,35.2,20.0,4.7,8.9,0.8,13.4,16.0,3.2,11.3,12.6,7.2,3.3,0.1,88.7,87.4,100.0,2020-11-10T00:00:00.000,2843726,2802167,96,75,92,19,35,15,52,59,38,17,15,4,368,256,261,2020 Report Week 45
921903,541270,248766,042,042601,CBT,CHI,F30,-19482,23032,5608,-6035,-29467,3868,60792,15940,11520,-6248,11203,40657,-9377,-1058,11,46905,29454,"T-NOTES, 1-2 YEAR",FINANCIAL INSTRUMENTS,"T-NOTES, 1-2 YEAR",Interest Rates - U.S. Treasury,15.1,36.6,24.3,51.5,13.9,33.5,22.2,45.1,UST 2Y NOTE,"(CONTRACTS OF $200,000 FACE VALUE)",32786,105695,17592,FutOnly,201110042601F,409491,871597,51473,2-YEAR U.S. TREASURY NOTES - CHICAGO BOARD OF TRADE,155431,107954,2006869,168492,61587,935,45.9,27.0,12.4,1.6,5.3,0.9,20.4,43.4,2.6,7.7,5.4,8.4,3.1,0.0,92.3,94.6,100.0,2020-11-10T00:00:00.000,1851438,1898915,98,28,65,10,22,8,54,32,22,20,6,,270,214,154,2020 Report Week 45
1206610,551377,316676,138,13874A,CME,CHI,F20,17359,-3347,9252,4415,18477,-3027,32841,19266,-91,11574,26801,74108,2462,7454,-677,62534,47307,,,S&P BROAD BASED STOCK INDICES,,13.0,19.3,21.8,29.1,11.3,19.2,19.1,28.6,E-MINI S&P 500,($50 X S&P 500 INDEX),281086,519485,37955,FutOnly,20111713874AF,248976,395663,40220,E-MINI S&P 500 STOCK INDEX - CHICAGO MERCANTILE EXCHANGE,272832,304401,2534850,124626,363204,5869,47.6,21.8,12.5,11.1,20.5,1.5,9.8,15.6,1.6,10.8,12.0,4.9,14.3,0.2,89.2,88.0,100.0,2020-11-17T00:00:00.000,2262018,2230449,155,87,118,34,38,21,60,97,54,37,32,7,542,379,363,2020 Report Week 46
1325443,1160991,617588,043,043602,CBT,CHI,F30,62135,31339,-22495,-11505,37062,16255,-8515,-35545,-4573,8020,15211,42234,4246,6314,-1334,34214,27023,"T-NOTES, 6.5-10 YEAR",FINANCIAL INSTRUMENTS,"T-NOTES, 6.5-10 YEAR",Interest Rates - U.S. Treasury,16.2,25.4,25.6,33.7,11.2,16.0,20.0,23.8,UST 10Y NOTE,"(CONTRACTS OF $100,000 FACE VALUE)",137637,321046,42981,FutOnly,201117043602F,421481,477889,96957,10-YEAR U.S. TREASURY NOTES - CHICAGO BOARD OF TRADE,371509,420259,3249449,234941,110826,912,40.8,35.7,19.0,4.2,9.9,1.3,13.0,14.7,3.0,11.4,12.9,7.2,3.4,0.0,88.6,87.1,100.0,2020-11-17T00:00:00.000,2877940,2829190,98,75,89,17,40,14,51,57,42,19,14,4,371,264,256,2020 Report Week 46
907379,575923,251823,042,042601,CBT,CHI,F30,-14524,34653,3057,-6696,26395,6013,10836,-57454,3950,5230,-4512,11310,3110,-1126,334,6080,15822,"T-NOTES, 1-2 YEAR",FINANCIAL INSTRUMENTS,"T-NOTES, 1-2 YEAR",Interest Rates - U.S. Treasury,15.2,36.6,24.4,50.9,14.1,32.9,22.2,44.9,UST 2Y NOTE,"(CONTRACTS OF $200,000 FACE VALUE)",26090,132090,23605,FutOnly,201117042601F,420327,814143,55423,2-YEAR U.S. TREASURY NOTES - CHICAGO BOARD OF TRADE,160661,103442,2018179,171602,60461,1269,45.0,28.5,12.5,1.3,6.5,1.2,20.8,40.3,2.7,8.0,5.1,8.5,3.0,0.1,92.0,94.9,100.0,2020-11-17T00:00:00.000,1857518,1914737,96,35,67,12,22,7,55,33,31,21,7,4,281,219,171,2020 Report Week 46
1228469,538062,299805,138,13874A,CME,CHI,F20,21859,-13315,-16871,1977,-13314,8514,17086,40161,-932,1097,6388,14471,-18458,3641,199,13374,8083,,,S&P BROAD BASED STOCK INDICES,,13.4,18.4,21.8,27.6,11.6,18.3,19.1,27.1,E-MINI S&P 500,($50 X S&P 500 INDEX),283063,506171,46469,FutOnly,20112413874AF,266062,435824,39288,E-MINI S&P 500 STOCK INDEX - CHICAGO MERCANTILE EXCHANGE,273929,310789,2549321,106168,366845,6068,48.2,21.1,11.8,11.1,19.9,1.8,10.4,17.1,1.5,10.7,12.2,4.2,14.4,0.2,89.3,87.8,100.0,2020-11-24T00:00:00.000,2275392,2238532,153,90,116,31,39,21,61,101,58,31,35,9,541,376,369,2020 Report Week 47
1329325,1119832,682238,043,043602,CBT,CHI,F30,3882,-41159,64650,32003,-2426,6412,5925,90748,64955,40976,29872,222412,-1494,4257,5103,181436,192540,"T-NOTES, 6.5-10 YEAR",FINANCIAL INSTRUMENTS,"T-NOTES, 6.5-10 YEAR",Interest Rates - U.S. Treasury,15.3,24.1,24.1,34.4,10.8,14.8,18.5,23.3,UST 10Y NOTE,"(CONTRACTS OF $100,000 FACE VALUE)",169640,318620,49393,FutOnly,201124043602F,427406,568637,161912,10-YEAR U.S. TREASURY NOTES - CHICAGO BOARD OF TRADE,412485,450131,3471861,233447,115083,6015,38.3,32.3,19.7,4.9,9.2,1.4,12.3,16.4,4.7,11.9,13.0,6.7,3.3,0.2,88.1,87.0,100.0,2020-11-24T00:00:00.000,3059376,3021730,91,72,88,20,32,20,46,65,48,17,12,4,356,259,257,2020 Report Week 47
823472,509593,262295,042,042601,CBT,CHI,F30,-83907,-66330,10472,1818,12705,12638,779,-35292,7022,10328,24053,-25003,3582,-2536,12265,-35331,-49056,"T-NOTES, 1-2 YEAR",FINANCIAL INSTRUMENTS,"T-NOTES, 1-2 YEAR",Interest Rates - U.S. Treasury,15.5,34.7,23.5,48.5,13.5,31.3,20.8,41.9,UST 2Y NOTE,"(CONTRACTS OF $200,000 FACE VALUE)",27908,144795,36243,FutOnly,201124042601F,421106,778851,62445,2-YEAR U.S. TREASURY NOTES - CHICAGO BOARD OF TRADE,170989,127495,1993176,175184,57925,13534,41.3,25.6,13.2,1.4,7.3,1.8,21.1,39.1,3.1,8.6,6.4,8.8,2.9,0.7,91.4,93.6,100.0,2020-11-24T00:00:00.000,1822187,1865681,91,30,69,14,25,16,48,34,27,22,6,4,271,216,171,2020 Report Week 47
1238745,535888,305730,138,13874A,CME,CHI,F20,10276,-2174,5925,24111,51608,-1146,18111,1876,3414,-2379,10690,68200,9688,-2193,200,70579,57510,,,S&P BROAD BASED STOCK INDICES,,13.5,17.7,22.6,27.0,11.9,17.7,19.9,26.6,E-MINI S&P 500,($50 X S&P 500 INDEX),307174,557779,45323,FutOnly,20120113874AF,284173,437700,42702,E-MINI S&P 500 STOCK INDEX - CHICAGO MERCANTILE EXCHANGE,271550,321479,2617521,115856,364652,6268,47.3,20.5,11.7,11.7,21.3,1.7,10.9,16.7,1.6,10.4,12.3,4.4,13.9,0.2,89.6,87.7,100.0,2020-12-01T00:00:00.000,2345971,2296042,154,90,115,33,36,24,64,99,61,34,32,11,542,387,366,2020 Report Week 48
1276487,1088389,633571,043,043602,CBT,CHI,F30,-52838,-31443,-48667,4592,-56508,-17895,-68557,-48983,-39095,-54586,-46219,-270558,12206,23970,-5718,-215972,-224339,"T-NOTES, 6.5-10 YEAR",FINANCIAL INSTRUMENTS,"T-NOTES, 6.5-10 YEAR",Interest Rates - U.S. Treasury,16.3,24.6,25.7,34.0,11.3,14.9,19.8,23.9,UST 10Y NOTE,"(CONTRACTS OF $100,000 FACE VALUE)",174232,262112,31498,FutOnly,201201043602F,358849,519654,122817,10-YEAR U.S. TREASURY NOTES - CHICAGO BOARD OF TRADE,357899,403912,3201303,245653,139053,297,39.9,34.0,19.8,5.4,8.2,1.0,11.2,16.2,3.8,11.2,12.6,7.7,4.3,0.0,88.8,87.4,100.0,2020-12-01T00:00:00.000,2843404,2797391,91,75,92,20,30,15,37,70,34,19,14,,356,243,255,2020 Report Week 48
808956,515160,261706,042,042601,CBT,CHI,F30,-14516,5567,-589,23557,-36153,-25926,-94012,-57475,8404,-17283,-18105,-138640,-5673,-1761,-12602,-121357,-120535,"T-NOTES, 1-2 YEAR",FINANCIAL INSTRUMENTS,"T-NOTES, 1-2 YEAR",Interest Rates - U.S. Treasury,16.5,36.8,25.3,50.6,14.4,32.0,22.0,42.9,UST 2Y NOTE,"(CONTRACTS OF $200,000 FACE VALUE)",51465,108642,10317,FutOnly,201201042601F,327094,721376,70849,2-YEAR U.S. TREASURY NOTES - CHICAGO BOARD OF TRADE,153706,109390,1854536,169511,56164,932,43.6,27.8,14.1,2.8,5.9,0.6,17.6,38.9,3.8,8.3,5.9,9.1,3.0,0.1,91.7,94.1,100.0,2020-12-01T00:00:00.000,1700830,1745146,92,31,65,15,18,8,47,33,28,20,6,,262,208,158,2020 Report Week 48
1276667,524444,305258,138,13874A,CME,CHI,F20,37922,-11444,-472,5773,25712,27601,9155,25270,18969,-830,6664,97592,-1941,3877,1415,98422,90928,,,S&P BROAD BASED STOCK INDICES,,13.3,17.9,21.9,26.9,11.4,17.9,18.9,25.6,E-MINI S&P 500,($50 X S&P 500 INDEX),312947,583491,72924,FutOnly,20120813874AF,293328,462970,61671,E-MINI S&P 500 STOCK INDEX - CHICAGO MERCANTILE EXCHANGE,270720,328143,2715113,113915,368529,7683,47.0,19.3,11.2,11.5,21.5,2.7,10.8,17.1,2.3,10.0,12.1,4.2,13.6,0.3,90.0,87.9,100.0,2020-12-08T00:00:00.000,2444393,2386970,157,88,113,34,39,27,63,101,57,32,34,11,549,383,374,2020 Report Week 49
1259607,1031278,647984,043,043602,CBT,CHI,F30,-16880,-57111,14413,7388,14218,180,22904,64031,-22811,-5773,-13943,2262,2362,2806,479,8035,16205,"T-NOTES, 6.5-10 YEAR",FINANCIAL INSTRUMENTS,"T-NOTES, 6.5-10 YEAR",Interest Rates - U.S. Treasury,16.4,23.8,25.7,33.3,11.5,14.6,19.7,23.5,UST 10Y NOTE,"(CONTRACTS OF $100,000 FACE VALUE)",181620,276330,31678,FutOnly,201208043602F,381753,583685,100006,10-YEAR U.S. TREASURY NOTES - CHICAGO BOARD OF TRADE,352126,389969,3203565,248015,141859,776,39.3,32.2,20.2,5.7,8.6,1.0,11.9,18.2,3.1,11.0,12.2,7.7,4.4,0.0,89.0,87.8,100.0,2020-12-08T00:00:00.000,2851439,2813596,89,73,89,18,36,14,46,71,32,19,13,,365,244,258,2020 Report Week 49
804810,547607,256399,042,042601,CBT,CHI,F30,-4146,32447,-5307,-5615,23040,5768,6317,-48860,-16454,12313,-1382,-6488,634,4258,2,-18801,-5106,"T-NOTES, 1-2 YEAR",FINANCIAL INSTRUMENTS,"T-NOTES, 1-2 YEAR",Interest Rates - U.S. Treasury,16.5,36.8,25.6,48.7,14.6,30.0,22.6,41.2,UST 2Y NOTE,"(CONTRACTS OF $200,000 FACE VALUE)",45850,131682,16085,FutOnly,201208042601F,333411,672516,54395,2-YEAR U.S. TREASURY NOTES - CHICAGO BOARD OF TRADE,166019,108008,1848048,170145,60422,934,43.5,29.6,13.9,2.5,7.1,0.9,18.0,36.4,2.9,9.0,5.8,9.2,3.3,0.1,91.0,94.2,100.0,2020-12-08T00:00:00.000,1682029,1740040,91,31,64,13,23,8,47,35,26,20,6,,266,203,164,2020 Report Week 49
1282792,533536,353680,138,13874A,CME,CHI,F20,6125,9092,48422,18664,43870,133743,3376,-36296,35167,25802,45788,284656,3968,-4519,9389,258854,238868,,,S&P BROAD BASED STOCK INDICES,,13.1,17.9,21.1,26.6,10.5,17.1,17.4,24.4,E-MINI S&P 500,($50 X S&P 500 INDEX),331611,627361,206667,FutOnly,20121513874AF,296704,426674,96838,E-MINI S&P 500 STOCK INDEX - CHICAGO MERCANTILE EXCHANGE,296522,373931,2999769,117883,364010,17072,42.8,17.8,11.8,11.1,20.9,6.9,9.9,14.2,3.2,9.9,12.5,3.9,12.1,0.6,90.1,87.5,100.0,2020-12-15T00:00:00.000,2703247,2625838,157,88,118,35,43,37,65,96,68,31,31,14,547,402,382,2020 Report Week 50
1286930,1137265,624702,043,043602,CBT,CHI,F30,27323,105987,-23282,-8854,-29290,18603,-6335,-50200,-21254,8717,-8349,-8331,-5241,-2538,1992,-17048,18,"T-NOTES, 6.5-10 YEAR",FINANCIAL INSTRUMENTS,"T-NOTES, 6.5-10 YEAR",Interest Rates - U.S. Treasury,16.6,24.1,26.0,33.1,11.7,14.7,20.1,23.4,UST 10Y NOTE,"(CONTRACTS OF $100,000 FACE VALUE)",172766,247040,50281,FutOnly,201215043602F,375418,533485,78752,10-YEAR U.S. TREASURY NOTES - CHICAGO BOARD OF TRADE,360843,381620,3195234,242774,139321,2768,40.3,35.6,19.6,5.4,7.7,1.6,11.7,16.7,2.5,11.3,11.9,7.6,4.4,0.1,88.7,88.1,100.0,2020-12-15T00:00:00.000,2834391,2813614,90,78,93,20,35,14,43,71,32,20,15,,372,247,267,2020 Report Week 50
835164,538861,256623,042,042601,CBT,CHI,F30,30354,-8746,224,-8135,6225,993,22706,48119,-2539,-4240,-8858,40431,1032,4977,36,44671,49289,"T-NOTES, 1-2 YEAR",FINANCIAL INSTRUMENTS,"T-NOTES, 1-2 YEAR",Interest Rates - U.S. Treasury,15.9,34.8,24.9,47.8,13.9,29.4,21.9,40.7,UST 2Y NOTE,"(CONTRACTS OF $200,000 FACE VALUE)",37715,137907,17078,FutOnly,201215042601F,356117,720635,51856,2-YEAR U.S. TREASURY NOTES - CHICAGO BOARD OF TRADE,161779,99150,1888479,171177,65399,970,44.2,28.5,13.6,2.0,7.3,0.9,18.9,38.2,2.7,8.6,5.3,9.1,3.5,0.1,91.4,94.7,100.0,2020-12-15T00:00:00.000,1726700,1789329,93,30,64,12,23,8,50,40,23,19,7,,274,203,169,2020 Report Week 50
1288749,535164,270999,138,13874A,CME,CHI,F20,5957,1628,-82681,-74743,38197,-187926,-59248,-40111,-74731,-41120,-150166,-523860,3870,-14832,-13238,-482740,-373694,,,S&P BROAD BASED STOCK INDICES,,14.3,22.5,23.7,31.7,12.4,22.4,21.5,31.2,E-MINI S&P 500,($50 X S&P 500 INDEX),256868,665558,18741,FutOnly,20122113874AF,237456,386563,22107,E-MINI S&P 500 STOCK INDEX - CHICAGO MERCANTILE EXCHANGE,255402,223765,2475909,121753,349178,3834,52.1,21.6,10.9,10.4,26.9,0.8,9.6,15.6,0.9,10.3,9.0,4.9,14.1,0.2,89.7,91.0,100.0,2020-12-21T00:00:00.000,2220507,2252144,160,85,111,36,35,15,65,86,43,31,27,7,525,365,336,2020 Report Week 51
1298462,1115122,609828,043,043602,CBT,CHI,F30,11532,-22143,-14874,5174,20580,-2057,-10702,-11701,-26069,-4170,13583,-42211,-1045,470,0,-38041,-55794,"T-NOTES, 6.5-10 YEAR",FINANCIAL INSTRUMENTS,"T-NOTES, 6.5-10 YEAR",Interest Rates - U.S. Treasury,17.0,23.9,26.6,32.4,11.9,14.2,20.6,22.4,UST 10Y NOTE,"(CONTRACTS OF $100,000 FACE VALUE)",177940,267620,48224,FutOnly,201221043602F,364716,521784,52683,10-YEAR U.S. TREASURY NOTES - CHICAGO BOARD OF TRADE,356673,395203,3153023,241729,139791,2768,41.2,35.4,19.3,5.6,8.5,1.5,11.6,16.5,1.7,11.3,12.5,7.7,4.4,0.1,88.7,87.5,100.0,2020-12-21T00:00:00.000,2796350,2757820,91,75,91,19,37,13,47,74,33,19,15,,377,250,267,2020 Report Week 51
859964,542891,257220,042,042601,CBT,CHI,F30,24800,4030,597,-15692,20239,-2302,-6189,-7135,-4081,6159,-2781,3854,561,-4714,1,-2305,6635,"T-NOTES, 1-2 YEAR",FINANCIAL INSTRUMENTS,"T-NOTES, 1-2 YEAR",Interest Rates - U.S. Treasury,16.2,35.2,25.4,48.2,14.1,29.2,22.5,41.2,UST 2Y NOTE,"(CONTRACTS OF $200,000 FACE VALUE)",22023,158146,14776,FutOnly,201221042601F,349928,713500,47775,2-YEAR U.S. TREASURY NOTES - CHICAGO BOARD OF TRADE,167938,96369,1892333,171738,60685,971,45.4,28.7,13.6,1.2,8.4,0.8,18.5,37.7,2.5,8.9,5.1,9.1,3.2,0.1,91.1,94.9,100.0,2020-12-21T00:00:00.000,1724395,1795964,92,31,64,8,27,7,45,43,22,20,7,,273,199,170,2020 Report Week 51
1298684,526947,277662,138,13874A,CME,CHI,F20,9935,-8217,6663,-6435,-6449,2688,4425,25740,3515,920,-5556,22996,1526,4853,-241,22076,28552,,,S&P BROAD BASED STOCK INDICES,,13.4,21.9,23.1,30.8,11.6,21.7,20.9,30.3,E-MINI S&P 500,($50 X S&P 500 INDEX),250433,659109,21429,FutOnly,20122913874AF,241881,412303,25622,E-MINI S&P 500 STOCK INDEX - CHICAGO MERCANTILE EXCHANGE,256322,218209,2498905,123279,354031,3593,52.0,21.1,11.1,10.0,26.4,0.9,9.7,16.5,1.0,10.3,8.7,4.9,14.2,0.1,89.7,91.3,100.0,2020-12-29T00:00:00.000,2242583,2280696,159,86,113,32,38,15,63,95,46,33,30,4,536,364,350,2020 Report Week 52
1340036,1143319,617120,043,043602,CBT,CHI,F30,41574,28197,7292,28373,-1532,-14289,19081,97818,-5902,15160,-4255,107719,17105,1065,-675,92559,111974,"T-NOTES, 6.5-10 YEAR",FINANCIAL INSTRUMENTS,"T-NOTES, 6.5-10 YEAR",Interest Rates - U.S. Treasury,16.7,22.6,26.3,32.6,11.8,13.7,20.5,23.0,UST 10Y NOTE,"(CONTRACTS OF $100,000 FACE VALUE)",206313,266088,33935,FutOnly,201229043602F,383797,619602,46781,10-YEAR U.S. TREASURY NOTES - CHICAGO BOARD OF TRADE,371833,390948,3260742,258834,140856,2093,41.1,35.1,18.9,6.3,8.2,1.0,11.8,19.0,1.4,11.4,12.0,7.9,4.3,0.1,88.6,88.0,100.0,2020-12-29T00:00:00.000,2888909,2869794,94,72,94,23,33,13,37,73,30,19,15,,366,243,262,2020 Report Week 52
846802,529273,263467,042,042601,CBT,CHI,F30,-13162,-13618,6247,17250,6837,-4858,29191,56042,-10689,2279,1128,30897,4649,-10182,-10,28618,29769,"T-NOTES, 1-2 YEAR",FINANCIAL INSTRUMENTS,"T-NOTES, 1-2 YEAR",Interest Rates - U.S. Treasury,16.1,34.6,25.1,47.9,13.9,28.9,22.2,41.2,UST 2Y NOTE,"(CONTRACTS OF $200,000 FACE VALUE)",39273,164983,9918,FutOnly,201229042601F,379119,769542,37086,2-YEAR U.S. TREASURY NOTES - CHICAGO BOARD OF TRADE,170217,97497,1923230,176387,50503,961,44.0,27.5,13.7,2.0,8.6,0.5,19.7,40.0,1.9,8.9,5.1,9.2,2.6,0.0,91.1,94.9,100.0,2020-12-29T00:00:00.000,1753013,1825733,94,30,64,9,29,9,49,40,20,21,7,,279,206,169,2020 Report Week 52
