asset_mgr_positions_long,asset_mgr_positions_short,asset_mgr_positions_spread,cftc_commodity_code,cftc_contract_market_code,cftc_market_code,cftc_region_code,cftc_subgroup_code,change_in_asset_mgr_long,change_in_asset_mgr_short,change_in_asset_mgr_spread,change_in_dealer_long_all,change_in_dealer_short_all,change_in_dealer_spread_all,change_in_lev_money_long,change_in_lev_money_short,change_in_lev_money_spread,change_in_nonrept_long_all,change_in_nonrept_short_all,change_in_open_interest_all,change_in_other_rept_long,change_in_other_rept_short,change_in_other_rept_spread,change_in_tot_rept_long_all,change_in_tot_rept_short,commodity,commodity_group_name,commodity_name,commodity_subgroup_name,conc_gross_le_4_tdr_long,conc_gross_le_4_tdr_short,conc_gross_le_8_tdr_long,conc_gross_le_8_tdr_short,conc_net_le_4_tdr_long_all,conc_net_le_4_tdr_short_all,conc_net_le_8_tdr_long_all,conc_net_le_8_tdr_short_all,contract_market_name,contract_units,dealer_positions_long_all,dealer_positions_short_all,dealer_positions_spread_all,futonly_or_combined,id,lev_money_positions_long,lev_money_positions_short,lev_money_positions_spread,market_and_exchange_names,nonrept_positions_long_all,nonrept_positions_short_all,open_interest_all,other_rept_positions_long,other_rept_positions_short,other_rept_positions_spread,pct_of_oi_asset_mgr_long,pct_of_oi_asset_mgr_short,pct_of_oi_asset_mgr_spread,pct_of_oi_dealer_long_all,pct_of_oi_dealer_short_all,pct_of_oi_dealer_spread_all,pct_of_oi_lev_money_long,pct_of_oi_lev_money_short,pct_of_oi_lev_money_spread,pct_of_oi_nonrept_long_all,pct_of_oi_nonrept_short_all,pct_of_oi_other_rept_long,pct_of_oi_other_rept_short,pct_of_oi_other_rept_spread,pct_of_oi_tot_rept_long_all,pct_of_oi_tot_rept_short,pct_of_open_interest_all,report_date_as_yyyy_mm_dd,tot_rept_positions_long_all,tot_rept_positions_short,traders_asset_mgr_long_all,traders_asset_mgr_short_all,traders_asset_mgr_spread,traders_dealer_long_all,traders_dealer_short_all,traders_dealer_spread_all,traders_lev_money_long_all,traders_lev_money_short_all,traders_lev_money_spread,traders_other_rept_long_all,traders_other_rept_short,traders_other_rept_spread,traders_tot_all,traders_tot_rept_long_all,traders_tot_rept_short_all,yyyy_report_week_ww
876879,509151,264067,042,042601,CBT,CHI,F30,30077,-20122,600,-7376,-24083,1320,-6371,82868,-15344,-898,-1370,5395,3394,-18467,-7,6293,6765,"T-NOTES, 1-2 YEAR",FINANCIAL INSTRUMENTS,"T-NOTES, 1-2 YEAR",Interest Rates - U.S. Treasury,17.5,34.1,26.1,48.4,15.1,30.1,22.9,42.3,UST 2Y NOTE,"(CONTRACTS OF $200,000 FACE VALUE)",31897,140900,11238,FutOnly,210105042601F,372748,852410,21742,2-YEAR U.S. TREASURY NOTES - CHICAGO BOARD OF TRADE,169319,96127,1928625,179781,32036,954,45.5,26.4,13.7,1.7,7.3,0.6,19.3,44.2,1.1,8.8,5.0,9.3,1.7,0.0,91.2,95.0,100.0,2021-01-05T00:00:00.000,1759306,1832498,92,29,64,12,29,7,53,40,21,23,6,,284,211,168,2021 Report Week 01
264466,107142,54682,138,13874+,CME,CHI,F20,4730,1753,-850,6707,5621,595,842,3369,689,6885,1913,16559,-3294,3214,256,9674,14646,S&P BROAD BASED STOCK INDICES,FINANCIAL INSTRUMENTS,S&P BROAD BASED STOCK INDICES,STOCK INDICES,13.7,19.6,23.6,28.9,12.5,19.5,21.5,28.1,S&P 500 Consolidated,(S&P 500 INDEX X $250.00),56793,135417,6981,FutOnly,21010513874+F,47873,86240,9290,S&P 500 Consolidated - CHICAGO MERCANTILE EXCHANGE,60701,48376,523123,21362,74020,975,50.6,20.5,10.5,10.9,25.9,1.3,9.2,16.5,1.8,11.6,9.2,4.1,14.1,0.2,88.4,90.8,100.0,2021-01-05T00:00:00.000,462422,474747,163,84,114,33,36,17,70,90,55,30,30,4,536,375,351,2021 Report Week 01
1289964,1093834,633460,043,043602,CBT,CHI,F30,-50072,-49485,16340,9513,-42515,-3372,-31326,-3900,14505,5702,28821,-39559,-850,46,1,-45261,-68380,"T-NOTES, 6.5-10 YEAR",FINANCIAL INSTRUMENTS,"T-NOTES, 6.5-10 YEAR",Interest Rates - U.S. Treasury,17.2,22.6,27.1,31.9,12.3,13.2,21.3,21.8,UST 10Y NOTE,"(CONTRACTS OF $100,000 FACE VALUE)",215826,223573,30563,FutOnly,210105043602F,352471,615702,61286,10-YEAR U.S. TREASURY NOTES - CHICAGO BOARD OF TRADE,377535,419769,3221183,257984,140902,2094,40.0,34.0,19.7,6.7,6.9,0.9,10.9,19.1,1.9,11.7,13.0,8.0,4.4,0.1,88.3,87.0,100.0,2021-01-05T00:00:00.000,2843648,2801414,88,76,93,22,32,11,41,75,31,19,15,,368,243,263,2021 Report Week 01
262560,100075,57195,138,13874+,CME,CHI,F20,-1906,-7067,2513,1968,10027,1138,3829,1857,-763,1696,6723,8542,408,-5546,-340,6846,1819,S&P BROAD BASED STOCK INDICES,FINANCIAL INSTRUMENTS,S&P BROAD BASED STOCK INDICES,STOCK INDICES,13.4,19.0,22.6,28.1,12.1,18.2,20.6,27.2,S&P 500 Consolidated,(S&P 500 INDEX X $250.00),58761,145444,8118,FutOnly,21011213874+F,51701,88097,8527,S&P 500 Consolidated - CHICAGO MERCANTILE EXCHANGE,62397,55099,531665,21769,68474,635,49.4,18.8,10.8,11.1,27.4,1.5,9.7,16.6,1.6,11.7,10.4,4.1,12.9,0.1,88.3,89.6,100.0,2021-01-12T00:00:00.000,469267,476566,166,81,112,32,40,16,67,88,48,33,27,6,534,374,342,2021 Report Week 02
1214100,1229373,713396,043,043602,CBT,CHI,F30,-75864,135539,79936,-19488,-33131,2448,98715,-106277,12609,-19252,50800,139294,61919,-901,-1729,158546,88494,"T-NOTES, 6.5-10 YEAR",FINANCIAL INSTRUMENTS,"T-NOTES, 6.5-10 YEAR",Interest Rates - U.S. Treasury,17.0,25.1,25.7,33.9,11.4,15.8,18.5,24.0,UST 10Y NOTE,"(CONTRACTS OF $100,000 FACE VALUE)",196338,190442,33011,FutOnly,210112043602F,451186,509425,73895,10-YEAR U.S. TREASURY NOTES - CHICAGO BOARD OF TRADE,358283,470569,3360477,319903,140001,365,36.1,36.6,21.2,5.8,5.7,1.0,13.4,15.2,2.2,10.7,14.0,9.5,4.2,0.0,89.3,86.0,100.0,2021-01-12T00:00:00.000,3002194,2889908,90,76,91,29,36,9,61,60,36,26,11,,389,275,252,2021 Report Week 02
880709,521771,268540,042,042601,CBT,CHI,F30,3830,12620,4473,9392,-6896,3333,15289,-3808,16510,-839,2130,46109,-6096,17530,217,46948,43979,"T-NOTES, 1-2 YEAR",FINANCIAL INSTRUMENTS,"T-NOTES, 1-2 YEAR",Interest Rates - U.S. Treasury,18.8,34.0,27.9,47.8,17.0,30.2,24.6,41.2,UST 2Y NOTE,"(CONTRACTS OF $200,000 FACE VALUE)",41289,134004,14571,FutOnly,210112042601F,388037,848602,38252,2-YEAR U.S. TREASURY NOTES - CHICAGO BOARD OF TRADE,168480,98257,1974734,173685,49566,1171,44.6,26.4,13.6,2.1,6.8,0.7,19.6,43.0,1.9,8.5,5.0,8.8,2.5,0.1,91.5,95.0,100.0,2021-01-12T00:00:00.000,1806254,1876477,92,31,67,8,27,8,54,36,26,20,10,4,278,208,175,2021 Report Week 02
858159,466094,274761,042,042601,CBT,CHI,F30,-22550,-55677,6221,19648,10584,1531,7709,55622,-15749,4601,1932,-2770,-4104,-7157,-77,-7371,-4702,"T-NOTES, 1-2 YEAR",FINANCIAL INSTRUMENTS,"T-NOTES, 1-2 YEAR",Interest Rates - U.S. Treasury,19.0,34.6,28.3,49.6,16.9,31.3,24.6,43.4,UST 2Y NOTE,"(CONTRACTS OF $200,000 FACE VALUE)",60937,144588,16102,FutOnly,210119042601F,395746,904224,22503,2-YEAR U.S. TREASURY NOTES - CHICAGO BOARD OF TRADE,173081,100189,1971964,169581,42409,1094,43.5,23.6,13.9,3.1,7.3,0.8,20.1,45.9,1.1,8.8,5.1,8.6,2.2,0.1,91.2,94.9,100.0,2021-01-19T00:00:00.000,1798883,1871775,89,29,68,12,26,9,51,37,23,21,8,4,273,205,172,2021 Report Week 03
268674,100559,56388,138,13874+,CME,CHI,F20,6114,484,-807,1581,5801,-1399,-2594,-2098,1992,-1690,-2579,3563,188,1990,179,5252,6141,S&P BROAD BASED STOCK INDICES,FINANCIAL INSTRUMENTS,S&P BROAD BASED STOCK INDICES,STOCK INDICES,12.9,18.9,22.1,28.1,11.8,18.0,20.1,27.2,S&P 500 Consolidated,(S&P 500 INDEX X $250.00),60342,151245,6719,FutOnly,21011913874+F,49107,85998,10518,S&P 500 Consolidated - CHICAGO MERCANTILE EXCHANGE,60708,52521,535228,21957,70464,814,50.2,18.8,10.5,11.3,28.3,1.3,9.2,16.1,2.0,11.3,9.8,4.1,13.2,0.2,88.7,90.2,100.0,2021-01-19T00:00:00.000,474520,482707,166,82,115,30,39,16,64,94,47,32,25,7,532,369,348,2021 Report Week 03
1210222,1210982,716134,043,043602,CBT,CHI,F30,-3878,-18391,2738,-19637,56189,510,62734,-49144,3598,-15959,-6701,8760,-21295,20012,-51,24719,15461,"T-NOTES, 6.5-10 YEAR",FINANCIAL INSTRUMENTS,"T-NOTES, 6.5-10 YEAR",Interest Rates - U.S. Treasury,17.1,24.9,26.0,34.1,11.3,15.7,19.2,23.6,UST 10Y NOTE,"(CONTRACTS OF $100,000 FACE VALUE)",176701,246631,33521,FutOnly,210119043602F,513920,460281,77493,10-YEAR U.S. TREASURY NOTES - CHICAGO BOARD OF TRADE,342324,463868,3369237,298608,160013,314,35.9,35.9,21.3,5.2,7.3,1.0,15.3,13.7,2.3,10.2,13.8,8.9,4.7,0.0,89.8,86.2,100.0,2021-01-19T00:00:00.000,3026913,2905369,88,77,90,25,42,10,53,65,42,24,17,,391,268,268,2021 Report Week 03
1329379,1266708,687802,043,043602,CBT,CHI,F30,119157,55726,-28332,12313,-27225,12435,-13581,34787,-13495,5711,12109,77839,-18583,29620,2214,72128,65730,"T-NOTES, 6.5-10 YEAR",FINANCIAL INSTRUMENTS,"T-NOTES, 6.5-10 YEAR",Interest Rates - U.S. Treasury,16.3,23.0,25.5,33.3,10.9,14.5,18.7,22.7,UST 10Y NOTE,"(CONTRACTS OF $100,000 FACE VALUE)",189014,219406,45956,FutOnly,210126043602F,500339,495068,63998,10-YEAR U.S. TREASURY NOTES - CHICAGO BOARD OF TRADE,348035,475977,3447076,280025,189633,2528,38.6,36.7,20.0,5.5,6.4,1.3,14.5,14.4,1.9,10.1,13.8,8.1,5.5,0.1,89.9,86.2,100.0,2021-01-26T00:00:00.000,3099041,2971099,93,80,93,24,40,14,44,70,35,16,20,,387,254,277,2021 Report Week 04
263087,95786,55261,138,13874+,CME,CHI,F20,-5587,-4773,-1127,16547,2566,1189,20,7003,855,-6220,-2907,4674,-1270,1601,267,10895,7581,S&P BROAD BASED STOCK INDICES,FINANCIAL INSTRUMENTS,S&P BROAD BASED STOCK INDICES,STOCK INDICES,12.9,19.5,21.3,28.4,11.6,18.7,19.5,27.5,S&P 500 Consolidated,(S&P 500 INDEX X $250.00),76889,153811,7909,FutOnly,21012613874+F,49127,93002,11374,S&P 500 Consolidated - CHICAGO MERCANTILE EXCHANGE,54487,49614,539902,20687,72065,1081,48.7,17.7,10.2,14.2,28.5,1.5,9.1,17.2,2.1,10.1,9.2,3.8,13.3,0.2,89.9,90.8,100.0,2021-01-26T00:00:00.000,485415,490288,170,75,117,31,37,16,68,95,53,35,27,7,539,384,348,2021 Report Week 04
932318,459083,279156,042,042601,CBT,CHI,F30,74159,-7011,4395,-2013,63551,-1161,70240,87632,2627,-3916,-426,152720,8472,3196,-83,156636,153146,"T-NOTES, 1-2 YEAR",FINANCIAL INSTRUMENTS,"T-NOTES, 1-2 YEAR",Interest Rates - U.S. Treasury,18.6,33.0,28.4,48.4,16.7,30.6,25.2,43.0,UST 2Y NOTE,"(CONTRACTS OF $200,000 FACE VALUE)",58924,208139,14941,FutOnly,210126042601F,465986,991856,25130,2-YEAR U.S. TREASURY NOTES - CHICAGO BOARD OF TRADE,169165,99763,2124684,178053,45605,1011,43.9,21.6,13.1,2.8,9.8,0.7,21.9,46.7,1.2,8.0,4.7,8.4,2.1,0.0,92.0,95.3,100.0,2021-01-26T00:00:00.000,1955519,2024921,96,28,69,10,33,9,54,37,20,25,7,4,290,216,176,2021 Report Week 04
1326981,1226516,737197,043,043602,CBT,CHI,F30,-2398,-40192,49395,-22918,96932,-21587,112026,-7611,16642,-8719,-380,123112,-1603,27639,2274,131831,123492,"T-NOTES, 6.5-10 YEAR",FINANCIAL INSTRUMENTS,"T-NOTES, 6.5-10 YEAR",Interest Rates - U.S. Treasury,15.9,20.9,25.0,31.3,10.5,12.3,18.2,19.6,UST 10Y NOTE,"(CONTRACTS OF $100,000 FACE VALUE)",166096,316338,24369,FutOnly,210202043602F,612365,487457,80640,10-YEAR U.S. TREASURY NOTES - CHICAGO BOARD OF TRADE,339316,475597,3570188,278422,217272,4802,37.2,34.4,20.6,4.7,8.9,0.7,17.2,13.7,2.3,9.5,13.3,7.8,6.1,0.1,90.5,86.7,100.0,2021-02-02T00:00:00.000,3230872,3094591,92,87,100,24,43,18,45,73,40,20,23,4,407,275,294,2021 Report Week 05
249900,99377,53772,138,13874+,CME,CHI,F20,-13186,3591,-1489,3806,-261,1582,7536,2532,2071,7100,3259,10219,2575,-1290,224,3119,6961,S&P BROAD BASED STOCK INDICES,FINANCIAL INSTRUMENTS,S&P BROAD BASED STOCK INDICES,STOCK INDICES,12.6,20.1,20.9,28.5,11.5,19.2,19.2,27.5,S&P 500 Consolidated,(S&P 500 INDEX X $250.00),80695,153550,9491,FutOnly,21020213874+F,56663,95534,13445,S&P 500 Consolidated - CHICAGO MERCANTILE EXCHANGE,61588,52872,550121,23262,70774,1305,45.4,18.1,9.8,14.7,27.9,1.7,10.3,17.4,2.4,11.2,9.6,4.2,12.9,0.2,88.8,90.4,100.0,2021-02-02T00:00:00.000,488534,497249,165,78,114,33,36,19,70,102,54,33,28,7,545,383,356,2021 Report Week 05
983022,461932,279473,042,042601,CBT,CHI,F30,50704,2849,317,7312,-28506,1490,-25034,54332,12393,-3257,2759,46988,2625,916,438,50245,44229,"T-NOTES, 1-2 YEAR",FINANCIAL INSTRUMENTS,"T-NOTES, 1-2 YEAR",Interest Rates - U.S. Treasury,19.3,33.1,28.4,48.7,17.5,31.3,25.2,43.6,UST 2Y NOTE,"(CONTRACTS OF $200,000 FACE VALUE)",66236,179633,16431,FutOnly,210202042601F,440952,1046188,37523,2-YEAR U.S. TREASURY NOTES - CHICAGO BOARD OF TRADE,165908,102522,2171672,180678,46521,1449,45.3,21.3,12.9,3.0,8.3,0.8,20.3,48.2,1.7,7.6,4.7,8.3,2.1,0.1,92.4,95.3,100.0,2021-02-02T00:00:00.000,2005764,2069150,98,27,69,11,34,8,55,36,23,26,8,5,295,223,177,2021 Report Week 05
1311480,1266867,768904,043,043602,CBT,CHI,F30,-15501,40351,31707,-2672,-35604,17795,-14547,-53728,15806,6812,36189,46467,8978,-4138,-1911,39655,10278,"T-NOTES, 6.5-10 YEAR",FINANCIAL INSTRUMENTS,"T-NOTES, 6.5-10 YEAR",Interest Rates - U.S. Treasury,15.6,20.7,24.2,32.0,9.8,13.4,17.3,20.3,UST 10Y NOTE,"(CONTRACTS OF $100,000 FACE VALUE)",163424,280734,42164,FutOnly,210209043602F,597818,433729,96446,10-YEAR U.S. TREASURY NOTES - CHICAGO BOARD OF TRADE,346128,511786,3616655,287400,213134,2891,36.3,35.0,21.3,4.5,7.8,1.2,16.5,12.0,2.7,9.6,14.2,7.9,5.9,0.1,90.4,85.8,100.0,2021-02-09T00:00:00.000,3270527,3104869,90,91,100,25,40,20,43,82,43,18,24,,413,272,306,2021 Report Week 06
248169,88000,56967,138,13874+,CME,CHI,F20,-1731,-11378,3194,-144,538,1677,-2537,808,2045,-1616,2254,-2865,-3076,-1326,-677,-1249,-5119,S&P BROAD BASED STOCK INDICES,FINANCIAL INSTRUMENTS,S&P BROAD BASED STOCK INDICES,STOCK INDICES,13.3,20.7,22.1,28.9,12.4,19.7,20.2,27.7,S&P 500 Consolidated,(S&P 500 INDEX X $250.00),80551,154088,11168,FutOnly,21020913874+F,54127,96342,15490,S&P 500 Consolidated - CHICAGO MERCANTILE EXCHANGE,59972,55126,547257,20186,69449,628,45.3,16.1,10.4,14.7,28.2,2.0,9.9,17.6,2.8,11.0,10.1,3.7,12.7,0.1,89.0,89.9,100.0,2021-02-09T00:00:00.000,487285,492130,165,80,113,34,35,17,78,97,56,31,29,5,549,385,355,2021 Report Week 06
970339,522662,295995,042,042601,CBT,CHI,F30,-12683,60730,16522,3955,-15373,-2000,45947,-1761,21646,5639,-3252,81144,1514,4028,604,75505,84396,"T-NOTES, 1-2 YEAR",FINANCIAL INSTRUMENTS,"T-NOTES, 1-2 YEAR",Interest Rates - U.S. Treasury,18.9,32.8,27.7,47.9,17.2,30.9,24.4,42.0,UST 2Y NOTE,"(CONTRACTS OF $200,000 FACE VALUE)",70191,164260,14431,FutOnly,210209042601F,486899,1044427,59169,2-YEAR U.S. TREASURY NOTES - CHICAGO BOARD OF TRADE,171547,99270,2252816,182192,50549,2053,43.1,23.2,13.1,3.1,7.3,0.6,21.6,46.4,2.6,7.6,4.4,8.1,2.2,0.1,92.4,95.6,100.0,2021-02-09T00:00:00.000,2081269,2153546,92,31,71,13,29,9,57,34,29,25,11,5,292,228,178,2021 Report Week 06
1246719,1254090,793872,043,043602,CBT,CHI,F30,-64761,-12777,24968,-1930,31074,-10698,-34794,-73444,49263,-3105,-1295,-11811,29217,-18931,29,-8706,-10516,"T-NOTES, 6.5-10 YEAR",FINANCIAL INSTRUMENTS,"T-NOTES, 6.5-10 YEAR",Interest Rates - U.S. Treasury,15.7,21.1,23.8,31.5,9.5,13.9,17.0,20.0,UST 10Y NOTE,"(CONTRACTS OF $100,000 FACE VALUE)",161494,311808,31466,FutOnly,210216043602F,563024,360285,145709,10-YEAR U.S. TREASURY NOTES - CHICAGO BOARD OF TRADE,343023,510491,3604844,316617,194203,2920,34.6,34.8,22.0,4.5,8.6,0.9,15.6,10.0,4.0,9.5,14.2,8.8,5.4,0.1,90.5,85.8,100.0,2021-02-16T00:00:00.000,3261821,3094353,90,91,101,22,44,21,52,74,58,22,20,,415,290,308,2021 Report Week 07
251878,87607,55472,138,13874+,CME,CHI,F20,3709,-392,-1494,185,748,2203,-1158,10031,375,1635,-482,5114,-294,-5829,-46,3479,5596,S&P BROAD BASED STOCK INDICES,FINANCIAL INSTRUMENTS,S&P BROAD BASED STOCK INDICES,STOCK INDICES,12.9,20.8,22.0,29.2,12.3,19.7,20.3,27.6,S&P 500 Consolidated,(S&P 500 INDEX X $250.00),80736,154835,13371,FutOnly,21021613874+F,52968,106373,15865,S&P 500 Consolidated - CHICAGO MERCANTILE EXCHANGE,61607,54645,552371,19892,63620,582,45.6,15.9,10.0,14.6,28.0,2.4,9.6,19.3,2.9,11.2,9.9,3.6,11.5,0.1,88.8,90.1,100.0,2021-02-16T00:00:00.000,490764,497726,160,82,109,34,38,23,71,103,57,29,23,,540,378,354,2021 Report Week 07
981078,528358,300288,042,042601,CBT,CHI,F30,10739,5696,4293,-24358,70757,14687,62908,-47103,33129,-5962,9566,90636,-3955,456,-845,96598,81070,"T-NOTES, 1-2 YEAR",FINANCIAL INSTRUMENTS,"T-NOTES, 1-2 YEAR",Interest Rates - U.S. Treasury,19.4,29.6,28.0,43.1,18.0,26.5,25.1,37.3,UST 2Y NOTE,"(CONTRACTS OF $200,000 FACE VALUE)",45833,235017,29118,FutOnly,210216042601F,549807,997324,92298,2-YEAR U.S. TREASURY NOTES - CHICAGO BOARD OF TRADE,165585,108836,2343452,178237,51005,1208,41.9,22.5,12.8,2.0,10.0,1.2,23.5,42.6,3.9,7.1,4.6,7.6,2.2,0.1,92.9,95.4,100.0,2021-02-16T00:00:00.000,2177867,2234616,93,31,70,9,37,11,57,40,36,24,11,4,302,233,190,2021 Report Week 07
1218916,1169811,878071,043,043602,CBT,CHI,F30,-27803,-84279,84199,-5811,-22990,30202,-4120,88762,236431,68095,84793,444516,40382,4457,22941,376421,359723,"T-NOTES, 6.5-10 YEAR",FINANCIAL INSTRUMENTS,"T-NOTES, 6.5-10 YEAR",Interest Rates - U.S. Treasury,19.0,22.3,27.2,33.8,8.9,12.7,16.0,18.2,UST 10Y NOTE,"(CONTRACTS OF $100,000 FACE VALUE)",155683,288818,61668,FutOnly,210223043602F,558904,449047,382140,10-YEAR U.S. TREASURY NOTES - CHICAGO BOARD OF TRADE,411118,595284,4049360,356999,198660,25861,30.1,28.9,21.7,3.8,7.1,1.5,13.8,11.1,9.4,10.2,14.7,8.8,4.9,0.6,89.8,85.3,100.0,2021-02-23T00:00:00.000,3638242,3454076,85,93,99,23,37,23,47,83,55,25,21,6,414,286,311,2021 Report Week 08
252308,90467,58177,138,13874+,CME,CHI,F20,430,2859,2705,-2622,11740,-2774,5966,-7538,2901,-2268,-1472,4278,-130,-4213,70,6546,5750,S&P BROAD BASED STOCK INDICES,FINANCIAL INSTRUMENTS,S&P BROAD BASED STOCK INDICES,STOCK INDICES,13.1,21.9,21.2,29.9,11.5,20.7,19.1,28.6,S&P 500 Consolidated,(S&P 500 INDEX X $250.00),78114,166576,10597,FutOnly,21022313874+F,58935,98835,18765,S&P 500 Consolidated - CHICAGO MERCANTILE EXCHANGE,59339,53173,556649,19762,59407,652,45.3,16.3,10.5,14.0,29.9,1.9,10.6,17.8,3.4,10.7,9.6,3.6,10.7,0.1,89.3,90.4,100.0,2021-02-23T00:00:00.000,497310,503476,160,82,107,34,39,19,77,94,59,31,25,5,542,380,352,2021 Report Week 08
961830,476462,293202,042,042601,CBT,CHI,F30,-19248,-51896,-7086,-1312,62457,-6340,60316,37297,2584,-19833,-32615,35552,-3288,1392,29759,55385,68167,"T-NOTES, 1-2 YEAR",FINANCIAL INSTRUMENTS,"T-NOTES, 1-2 YEAR",Interest Rates - U.S. Treasury,18.2,27.7,26.7,40.1,16.5,23.4,24.2,34.2,UST 2Y NOTE,"(CONTRACTS OF $200,000 FACE VALUE)",44521,297474,22778,FutOnly,210223042601F,610123,1034621,94882,2-YEAR U.S. TREASURY NOTES - CHICAGO BOARD OF TRADE,145752,76221,2379004,174949,52397,30967,40.4,20.0,12.3,1.9,12.5,1.0,25.6,43.5,4.0,6.1,3.2,7.4,2.2,1.3,93.9,96.8,100.0,2021-02-23T00:00:00.000,2233252,2302783,95,30,70,9,37,15,56,38,31,21,13,5,300,231,190,2021 Report Week 08
1136657,1214153,822850,043,043602,CBT,CHI,F30,-82259,44342,-55221,-46003,-54410,-15992,175013,-62978,-254462,-96498,-98273,-492484,-94305,27267,-22757,-395986,-394211,"T-NOTES, 6.5-10 YEAR",FINANCIAL INSTRUMENTS,"T-NOTES, 6.5-10 YEAR",Interest Rates - U.S. Treasury,18.4,24.2,28.1,33.0,11.1,15.3,19.0,21.8,UST 10Y NOTE,"(CONTRACTS OF $100,000 FACE VALUE)",109680,234408,45676,FutOnly,210302043602F,733917,386069,127678,10-YEAR U.S. TREASURY NOTES - CHICAGO BOARD OF TRADE,314620,497011,3556876,262694,225927,3104,32.0,34.1,23.1,3.1,6.6,1.3,20.6,10.9,3.6,8.8,14.0,7.4,6.4,0.1,91.2,86.0,100.0,2021-03-02T00:00:00.000,3242256,3059865,76,96,95,21,37,20,60,65,42,18,22,,395,259,296,2021 Report Week 09
236851,93835,64592,138,13874+,CME,CHI,F20,-15457,3368,6415,8013,2516,4260,7382,-7123,2126,13883,10198,28191,617,5480,951,14307,17993,S&P BROAD BASED STOCK INDICES,FINANCIAL INSTRUMENTS,S&P BROAD BASED STOCK INDICES,STOCK INDICES,13.2,22.5,21.1,30.3,11.8,21.0,17.6,28.6,S&P 500 Consolidated,(S&P 500 INDEX X $250.00),86127,169092,14857,FutOnly,21030213874+F,66317,91712,20891,S&P 500 Consolidated - CHICAGO MERCANTILE EXCHANGE,73222,63370,584840,20379,64887,1603,40.5,16.0,11.0,14.7,28.9,2.5,11.3,15.7,3.6,12.5,10.8,3.5,11.1,0.3,87.5,89.2,100.0,2021-03-02T00:00:00.000,511618,521469,160,84,110,37,36,15,80,97,60,32,26,9,552,391,355,2021 Report Week 09
946155,450671,320497,042,042601,CBT,CHI,F30,-15675,-25791,27295,52100,-45644,6900,-80548,293,-57857,7459,30915,-97636,-7580,-4017,-29730,-105095,-128551,"T-NOTES, 1-2 YEAR",FINANCIAL INSTRUMENTS,"T-NOTES, 1-2 YEAR",Interest Rates - U.S. Treasury,25.8,29.1,35.7,42.3,23.5,24.7,31.4,36.4,UST 2Y NOTE,"(CONTRACTS OF $200,000 FACE VALUE)",96621,251830,29678,FutOnly,210302042601F,529575,1034914,37025,2-YEAR U.S. TREASURY NOTES - CHICAGO BOARD OF TRADE,153211,107136,2281368,167369,48380,1237,41.5,19.8,14.0,4.2,11.0,1.3,23.2,45.4,1.6,6.7,4.7,7.3,2.1,0.1,93.3,95.3,100.0,2021-03-02T00:00:00.000,2128157,2174232,96,33,72,11,28,10,44,45,24,17,11,,285,207,187,2021 Report Week 09
231223,96187,71170,138,13874+,CME,CHI,F20,-5628,2352,6578,-543,1616,2357,2643,-7539,4027,-8772,-6896,789,363,-1471,-236,9561,7685,S&P BROAD BASED STOCK INDICES,FINANCIAL INSTRUMENTS,S&P BROAD BASED STOCK INDICES,STOCK INDICES,13.4,22.8,21.0,30.5,12.1,21.5,17.7,29.0,S&P 500 Consolidated,(S&P 500 INDEX X $250.00),85585,170709,17214,FutOnly,21030913874+F,68960,84172,24918,S&P 500 Consolidated - CHICAGO MERCANTILE EXCHANGE,64450,56474,585629,20742,63417,1367,39.5,16.4,12.2,14.6,29.1,2.9,11.8,14.4,4.3,11.0,9.6,3.5,10.8,0.2,89.0,90.4,100.0,2021-03-09T00:00:00.000,521179,529154,159,86,114,35,35,24,75,95,72,31,28,5,544,396,363,2021 Report Week 10
1213009,1286556,785814,043,043602,CBT,CHI,F30,76352,72403,-37036,40370,5129,-15673,111356,95255,-29218,-8706,13450,121246,-14590,18545,-1609,129952,107796,"T-NOTES, 6.5-10 YEAR",FINANCIAL INSTRUMENTS,"T-NOTES, 6.5-10 YEAR",Interest Rates - U.S. Treasury,18.3,24.4,29.1,33.2,12.5,16.4,20.5,22.4,UST 10Y NOTE,"(CONTRACTS OF $100,000 FACE VALUE)",150050,239537,30003,FutOnly,210309043602F,845273,481324,98460,10-YEAR U.S. TREASURY NOTES - CHICAGO BOARD OF TRADE,305914,510461,3678122,248104,244472,1495,33.0,35.0,21.4,4.1,6.5,0.8,23.0,13.1,2.7,8.3,13.9,6.7,6.6,0.0,91.7,86.1,100.0,2021-03-09T00:00:00.000,3372208,3167661,76,103,99,26,30,18,59,77,38,17,23,,411,268,300,2021 Report Week 10
949263,453253,329231,042,042601,CBT,CHI,F30,3108,2582,8734,71794,-66195,-3455,16178,154786,15691,3615,8826,114218,-1444,-6748,-3,110603,105392,"T-NOTES, 1-2 YEAR",FINANCIAL INSTRUMENTS,"T-NOTES, 1-2 YEAR",Interest Rates - U.S. Treasury,28.5,30.6,38.1,45.7,26.4,26.9,34.2,39.8,UST 2Y NOTE,"(CONTRACTS OF $200,000 FACE VALUE)",168415,185635,26223,FutOnly,210309042601F,545753,1189700,52716,2-YEAR U.S. TREASURY NOTES - CHICAGO BOARD OF TRADE,156826,115962,2395586,165925,41632,1234,39.6,18.9,13.7,7.0,7.7,1.1,22.8,49.7,2.2,6.5,4.8,6.9,1.7,0.1,93.5,95.2,100.0,2021-03-09T00:00:00.000,2238760,2279624,98,35,75,14,31,10,40,48,25,17,10,,293,211,195,2021 Report Week 10
228444,93144,83448,138,13874+,CME,CHI,F20,-2779,-3044,12278,4924,-4460,30859,-4524,2392,15608,2878,2059,58270,-983,2569,8,55392,56211,S&P BROAD BASED STOCK INDICES,FINANCIAL INSTRUMENTS,S&P BROAD BASED STOCK INDICES,STOCK INDICES,13.9,20.6,21.1,29.1,11.4,18.6,17.1,25.2,S&P 500 Consolidated,(S&P 500 INDEX X $250.00),90509,166249,48074,FutOnly,21031613874+F,64436,86564,40526,S&P 500 Consolidated - CHICAGO MERCANTILE EXCHANGE,67328,58533,643898,19759,65985,1375,35.5,14.5,13.0,14.1,25.8,7.5,10.0,13.4,6.3,10.5,9.1,3.1,10.2,0.2,89.5,90.9,100.0,2021-03-16T00:00:00.000,576571,585365,161,84,119,35,31,37,72,92,75,29,21,8,528,402,365,2021 Report Week 11
1319079,1408554,769786,043,043602,CBT,CHI,F30,106070,121998,-16028,19138,23251,-5404,-10285,8937,-18964,878,4488,127596,53440,10567,-1249,126718,123108,"T-NOTES, 6.5-10 YEAR",FINANCIAL INSTRUMENTS,"T-NOTES, 6.5-10 YEAR",Interest Rates - U.S. Treasury,18.6,23.9,27.7,33.0,11.8,15.4,19.4,22.2,UST 10Y NOTE,"(CONTRACTS OF $100,000 FACE VALUE)",169188,262788,24599,FutOnly,210316043602F,834988,490261,79496,10-YEAR U.S. TREASURY NOTES - CHICAGO BOARD OF TRADE,306792,514949,3805718,301544,255039,246,34.7,37.0,20.2,4.4,6.9,0.6,21.9,12.9,2.1,8.1,13.5,7.9,6.7,0.0,91.9,86.5,100.0,2021-03-16T00:00:00.000,3498926,3290769,81,97,98,25,31,13,62,70,39,18,27,,412,269,295,2021 Report Week 11
903362,477427,341109,042,042601,CBT,CHI,F30,-45901,24174,11878,-3704,5625,4558,36047,-86218,-13035,-17914,16353,-29423,-1335,7259,-17,-11509,-45776,"T-NOTES, 1-2 YEAR",FINANCIAL INSTRUMENTS,"T-NOTES, 1-2 YEAR",Interest Rates - U.S. Treasury,29.5,32.3,39.1,45.5,27.4,29.6,35.3,40.4,UST 2Y NOTE,"(CONTRACTS OF $200,000 FACE VALUE)",164711,191260,30781,FutOnly,210316042601F,581800,1103482,39681,2-YEAR U.S. TREASURY NOTES - CHICAGO BOARD OF TRADE,138912,132315,2366163,164590,48891,1217,38.2,20.2,14.4,7.0,8.1,1.3,24.6,46.6,1.7,5.9,5.6,7.0,2.1,0.1,94.1,94.4,100.0,2021-03-16T00:00:00.000,2227251,2233848,94,38,76,11,30,9,42,39,24,17,12,,283,207,187,2021 Report Week 11
916808,429541,335764,042,042601,CBT,CHI,F30,13446,-47886,-5345,4532,-30780,-1137,-74284,26405,-11389,3227,-5962,-67390,3982,9126,-422,-70617,-61428,"T-NOTES, 1-2 YEAR",FINANCIAL INSTRUMENTS,"T-NOTES, 1-2 YEAR",Interest Rates - U.S. Treasury,28.0,32.8,37.7,47.6,26.0,30.3,33.9,42.8,UST 2Y NOTE,"(CONTRACTS OF $200,000 FACE VALUE)",169243,160480,29644,FutOnly,210323042601F,507516,1129887,28292,2-YEAR U.S. TREASURY NOTES - CHICAGO BOARD OF TRADE,142139,126353,2298773,168572,58017,795,39.9,18.7,14.6,7.4,7.0,1.3,22.1,49.2,1.2,6.2,5.5,7.3,2.5,0.0,93.8,94.5,100.0,2021-03-23T00:00:00.000,2156634,2172420,98,33,76,12,31,10,41,41,21,19,12,,287,210,185,2021 Report Week 12
240772,93492,63942,138,13874+,CME,CHI,F20,12328,349,-19506,-13017,-7801,-44666,-25875,-7701,-31821,-13328,-15253,-135862,792,-8694,-768,-122534,-120609,S&P BROAD BASED STOCK INDICES,FINANCIAL INSTRUMENTS,S&P BROAD BASED STOCK INDICES,STOCK INDICES,15.0,22.6,23.1,31.2,13.3,22.0,19.4,30.6,S&P 500 Consolidated,(S&P 500 INDEX X $250.00),77492,158448,3408,FutOnly,21032313874+F,38561,78863,8705,S&P 500 Consolidated - CHICAGO MERCANTILE EXCHANGE,54000,43281,508037,20551,57291,607,47.4,18.4,12.6,15.3,31.2,0.7,7.6,15.5,1.7,10.6,8.5,4.0,11.3,0.1,89.4,91.5,100.0,2021-03-23T00:00:00.000,454037,464756,167,86,116,36,30,11,57,97,54,29,22,5,525,370,341,2021 Report Week 12
1358356,1405702,799123,043,043602,CBT,CHI,F30,39277,-2852,29337,-7815,28826,-6152,21770,48717,-8464,11173,-33857,76097,-3028,20543,-1,64924,109954,"T-NOTES, 6.5-10 YEAR",FINANCIAL INSTRUMENTS,"T-NOTES, 6.5-10 YEAR",Interest Rates - U.S. Treasury,18.9,24.0,28.4,33.1,12.2,15.7,20.1,22.6,UST 10Y NOTE,"(CONTRACTS OF $100,000 FACE VALUE)",161373,291614,18447,FutOnly,210323043602F,856758,538978,71032,10-YEAR U.S. TREASURY NOTES - CHICAGO BOARD OF TRADE,317965,481092,3881815,298516,275582,245,35.0,36.2,20.6,4.2,7.5,0.5,22.1,13.9,1.8,8.2,12.4,7.7,7.1,0.0,91.8,87.6,100.0,2021-03-23T00:00:00.000,3563850,3400723,81,99,96,29,31,9,63,70,39,21,24,,418,270,293,2021 Report Week 12
1479189,1362780,796012,043,043602,CBT,CHI,F30,120833,-42922,-3111,-42070,-45654,4925,-44730,132507,-7246,8639,1899,50792,13552,10394,0,42153,48893,"T-NOTES, 6.5-10 YEAR",FINANCIAL INSTRUMENTS,"T-NOTES, 6.5-10 YEAR",Interest Rates - U.S. Treasury,19.0,22.7,28.0,31.3,11.2,15.0,19.0,21.5,UST 10Y NOTE,"(CONTRACTS OF $100,000 FACE VALUE)",119303,245960,23372,FutOnly,210330043602F,812028,671485,63786,10-YEAR U.S. TREASURY NOTES - CHICAGO BOARD OF TRADE,326604,482991,3932607,312068,285976,245,37.6,34.7,20.2,3.0,6.3,0.6,20.6,17.1,1.6,8.3,12.3,7.9,7.3,0.0,91.7,87.7,100.0,2021-03-30T00:00:00.000,3606003,3449616,85,99,98,22,32,10,55,85,38,20,27,,425,262,310,2021 Report Week 13
243991,90179,63242,138,13874+,CME,CHI,F20,3220,-3314,-699,-4289,-4793,7942,4922,4228,5521,4257,10655,20986,107,1442,5,16729,10331,S&P BROAD BASED STOCK INDICES,FINANCIAL INSTRUMENTS,S&P BROAD BASED STOCK INDICES,STOCK INDICES,13.7,22.0,21.8,29.8,12.2,21.1,18.4,28.4,S&P 500 Consolidated,(S&P 500 INDEX X $250.00),73204,153655,11349,FutOnly,21033013874+F,43483,83091,14227,S&P 500 Consolidated - CHICAGO MERCANTILE EXCHANGE,58257,53935,529023,20658,58733,612,46.1,17.0,12.0,13.8,29.0,2.1,8.2,15.7,2.7,11.0,10.2,3.9,11.1,0.1,89.0,89.8,100.0,2021-03-30T00:00:00.000,470766,475088,169,84,117,33,31,17,66,94,53,29,18,4,524,379,336,2021 Report Week 13
957797,448244,318836,042,042601,CBT,CHI,F30,40989,18703,-16928,2024,11817,-4986,2520,9190,-491,1451,-7427,27858,3273,17974,6,26407,35285,"T-NOTES, 1-2 YEAR",FINANCIAL INSTRUMENTS,"T-NOTES, 1-2 YEAR",Interest Rates - U.S. Treasury,27.3,33.5,36.5,47.5,25.3,31.1,32.8,42.6,UST 2Y NOTE,"(CONTRACTS OF $200,000 FACE VALUE)",171267,172297,24658,FutOnly,210330042601F,510036,1139077,27801,2-YEAR U.S. TREASURY NOTES - CHICAGO BOARD OF TRADE,143590,118926,2326631,171845,75991,801,41.2,19.3,13.7,7.4,7.4,1.1,21.9,49.0,1.2,6.2,5.1,7.4,3.3,0.0,93.8,94.9,100.0,2021-03-30T00:00:00.000,2183041,2207705,98,34,77,13,33,10,42,47,19,18,14,,299,211,195,2021 Report Week 13
1466667,1388633,795780,043,043602,CBT,CHI,F30,-12522,25853,-232,-5477,22978,-3999,17632,-96009,-6586,-12657,43525,-11633,12151,2780,57,1024,-55158,"T-NOTES, 6.5-10 YEAR",FINANCIAL INSTRUMENTS,"T-NOTES, 6.5-10 YEAR",Interest Rates - U.S. Treasury,19.9,22.2,29.3,30.6,11.8,14.7,20.0,20.7,UST 10Y NOTE,"(CONTRACTS OF $100,000 FACE VALUE)",113826,268938,19373,FutOnly,210406043602F,829660,575476,57200,10-YEAR U.S. TREASURY NOTES - CHICAGO BOARD OF TRADE,313947,526516,3920974,324219,288756,302,37.4,35.4,20.3,2.9,6.9,0.5,21.2,14.7,1.5,8.0,13.4,8.3,7.4,0.0,92.0,86.6,100.0,2021-04-06T00:00:00.000,3607027,3394458,82,103,99,22,35,10,57,82,42,18,27,,426,264,316,2021 Report Week 14
249806,89674,59437,138,13874+,CME,CHI,F20,5814,-505,-3806,2991,-5489,4678,-259,9893,5916,6379,8059,20422,-1295,1672,3,14042,12363,S&P BROAD BASED STOCK INDICES,FINANCIAL INSTRUMENTS,S&P BROAD BASED STOCK INDICES,STOCK INDICES,13.5,20.8,21.5,28.4,12.1,19.2,18.3,26.1,S&P 500 Consolidated,(S&P 500 INDEX X $250.00),76194,148166,16027,FutOnly,21040613874+F,43224,92984,20143,S&P 500 Consolidated - CHICAGO MERCANTILE EXCHANGE,64636,61994,549444,19363,60405,615,45.5,16.3,10.8,13.9,27.0,2.9,7.9,16.9,3.7,11.8,11.3,3.5,11.0,0.1,88.2,88.7,100.0,2021-04-06T00:00:00.000,484808,487451,168,88,111,34,31,15,66,92,58,27,21,5,528,377,340,2021 Report Week 14
949409,476638,305662,042,042601,CBT,CHI,F30,-8388,28394,-13174,11073,-30170,-3434,12446,11562,-9305,-912,2709,-14960,-3895,-2171,629,-14048,-17669,"T-NOTES, 1-2 YEAR",FINANCIAL INSTRUMENTS,"T-NOTES, 1-2 YEAR",Interest Rates - U.S. Treasury,27.0,33.3,36.3,47.0,25.3,31.6,32.9,42.5,UST 2Y NOTE,"(CONTRACTS OF $200,000 FACE VALUE)",182340,142127,21224,FutOnly,210406042601F,522482,1150639,18496,2-YEAR U.S. TREASURY NOTES - CHICAGO BOARD OF TRADE,142678,121635,2311671,167950,73820,1430,41.1,20.6,13.2,7.9,6.1,0.9,22.6,49.8,0.8,6.2,5.3,7.3,3.2,0.1,93.8,94.7,100.0,2021-04-06T00:00:00.000,2168993,2190036,98,37,78,15,30,8,44,51,19,19,13,,307,212,202,2021 Report Week 14
1516848,1361773,759098,043,043602,CBT,CHI,F30,50181,-26860,-36682,6413,-12634,4137,8787,19660,248,-5303,12680,-24028,-51829,15403,20,-18725,-36708,"T-NOTES, 6.5-10 YEAR",FINANCIAL INSTRUMENTS,"T-NOTES, 6.5-10 YEAR",Interest Rates - U.S. Treasury,20.4,20.8,29.2,29.0,11.6,14.0,20.1,20.1,UST 10Y NOTE,"(CONTRACTS OF $100,000 FACE VALUE)",120239,256304,23510,FutOnly,210413043602F,838447,595136,57448,10-YEAR U.S. TREASURY NOTES - CHICAGO BOARD OF TRADE,308644,539196,3896946,272390,304159,322,38.9,34.9,19.5,3.1,6.6,0.6,21.5,15.3,1.5,7.9,13.8,7.0,7.8,0.0,92.1,86.2,100.0,2021-04-13T00:00:00.000,3588302,3357750,79,103,97,26,39,13,57,86,39,20,29,,439,267,323,2021 Report Week 15
251651,87743,56853,138,13874+,CME,CHI,F20,1845,-1931,-2584,-5135,222,10129,1061,2492,6462,-722,-1018,11192,159,-2556,-24,11914,12210,S&P BROAD BASED STOCK INDICES,FINANCIAL INSTRUMENTS,S&P BROAD BASED STOCK INDICES,STOCK INDICES,13.2,21.4,20.9,29.1,10.7,20.0,17.2,26.8,S&P 500 Consolidated,(S&P 500 INDEX X $250.00),71059,148388,26156,FutOnly,21041313874+F,44285,95476,26604,S&P 500 Consolidated - CHICAGO MERCANTILE EXCHANGE,63914,60975,560636,19522,57849,592,44.9,15.7,10.1,12.7,26.5,4.7,7.9,17.0,4.7,11.4,10.9,3.5,10.3,0.1,88.6,89.1,100.0,2021-04-13T00:00:00.000,496722,499661,171,88,112,32,33,18,73,94,61,26,25,5,542,387,351,2021 Report Week 15
948807,470501,304888,042,042601,CBT,CHI,F30,-602,-6137,-774,-6932,23430,-7145,-13513,-28370,-1952,1419,-3161,-26491,2975,-2415,33,-27910,-23330,"T-NOTES, 1-2 YEAR",FINANCIAL INSTRUMENTS,"T-NOTES, 1-2 YEAR",Interest Rates - U.S. Treasury,27.3,30.0,36.7,45.0,25.7,27.6,33.7,41.0,UST 2Y NOTE,"(CONTRACTS OF $200,000 FACE VALUE)",175408,165557,14079,FutOnly,210413042601F,508969,1122269,16544,2-YEAR U.S. TREASURY NOTES - CHICAGO BOARD OF TRADE,144097,118474,2285180,170925,71405,1463,41.5,20.6,13.3,7.7,7.2,0.6,22.3,49.1,0.7,6.3,5.2,7.5,3.1,0.1,93.7,94.8,100.0,2021-04-13T00:00:00.000,2141083,2166706,98,37,79,14,32,8,46,48,20,20,14,,309,214,204,2021 Report Week 15
1462447,1325347,751559,043,043602,CBT,CHI,F30,-54401,-36426,-7539,32732,17930,7658,87164,5873,13375,-6216,2585,-3438,-76228,-6911,17,2778,-6023,"T-NOTES, 6.5-10 YEAR",FINANCIAL INSTRUMENTS,"T-NOTES, 6.5-10 YEAR",Interest Rates - U.S. Treasury,20.0,20.3,29.9,28.9,12.3,13.5,20.9,20.3,UST 10Y NOTE,"(CONTRACTS OF $100,000 FACE VALUE)",152971,274234,31168,FutOnly,210420043602F,925611,601009,70823,10-YEAR U.S. TREASURY NOTES - CHICAGO BOARD OF TRADE,302428,541781,3893508,196162,297248,339,37.6,34.0,19.3,3.9,7.0,0.8,23.8,15.4,1.8,7.8,13.9,5.0,7.6,0.0,92.2,86.1,100.0,2021-04-20T00:00:00.000,3591080,3351727,83,104,101,22,38,15,55,80,46,19,28,,429,273,320,2021 Report Week 16
254824,87282,54464,138,13874+,CME,CHI,F20,3173,-461,-2389,-7842,5862,6769,2605,-2493,5360,1083,-737,9188,431,-2719,-2,8104,9925,S&P BROAD BASED STOCK INDICES,FINANCIAL INSTRUMENTS,S&P BROAD BASED STOCK INDICES,STOCK INDICES,12.8,21.9,20.5,29.3,10.3,20.6,16.3,27.2,S&P 500 Consolidated,(S&P 500 INDEX X $250.00),63217,154250,32924,FutOnly,21042013874+F,46890,92983,31964,S&P 500 Consolidated - CHICAGO MERCANTILE EXCHANGE,64997,60238,569824,19953,55130,590,44.7,15.3,9.6,11.1,27.1,5.8,8.2,16.3,5.6,11.4,10.6,3.5,9.7,0.1,88.6,89.4,100.0,2021-04-20T00:00:00.000,504827,509586,171,88,113,33,34,22,63,92,57,31,23,,535,379,351,2021 Report Week 16
932549,438562,318457,042,042601,CBT,CHI,F30,-16258,-31939,13569,-12632,16378,-586,-352,-14340,6351,-5556,-2898,-19518,-4061,-6060,7,-13962,-16620,"T-NOTES, 1-2 YEAR",FINANCIAL INSTRUMENTS,"T-NOTES, 1-2 YEAR",Interest Rates - U.S. Treasury,27.7,28.2,36.7,43.0,25.9,25.1,33.6,38.4,UST 2Y NOTE,"(CONTRACTS OF $200,000 FACE VALUE)",162776,181935,13493,FutOnly,210420042601F,508617,1107929,22895,2-YEAR U.S. TREASURY NOTES - CHICAGO BOARD OF TRADE,138541,115576,2265662,166864,65345,1470,41.2,19.4,14.1,7.2,8.0,0.6,22.4,48.9,1.0,6.1,5.1,7.4,2.9,0.1,93.9,94.9,100.0,2021-04-20T00:00:00.000,2127121,2150086,99,35,78,10,36,8,45,52,22,20,14,,311,211,210,2021 Report Week 16
1542599,1361699,752023,043,043602,CBT,CHI,F30,80152,36352,464,17434,-24821,-7612,-31882,16449,36457,2105,27441,101087,-3733,8655,7702,98982,73646,"T-NOTES, 6.5-10 YEAR",FINANCIAL INSTRUMENTS,"T-NOTES, 6.5-10 YEAR",Interest Rates - U.S. Treasury,19.9,20.0,29.9,28.3,12.6,13.3,21.1,20.3,UST 10Y NOTE,"(CONTRACTS OF $100,000 FACE VALUE)",170405,249413,23556,FutOnly,210427043602F,893729,617458,107280,10-YEAR U.S. TREASURY NOTES - CHICAGO BOARD OF TRADE,304533,569222,3994595,192429,305903,8041,38.6,34.1,18.8,4.3,6.2,0.6,22.4,15.5,2.7,7.6,14.2,4.8,7.7,0.2,92.4,85.8,100.0,2021-04-27T00:00:00.000,3690062,3425373,85,103,100,23,33,15,54,83,51,19,27,5,427,276,322,2021 Report Week 17
254883,86397,53800,138,13874+,CME,CHI,F20,58,-885,-663,-2397,-2826,3397,296,-770,5382,5670,7225,11293,-977,-95,527,5623,4068,S&P BROAD BASED STOCK INDICES,FINANCIAL INSTRUMENTS,S&P BROAD BASED STOCK INDICES,STOCK INDICES,12.0,21.7,19.9,29.4,10.1,20.2,15.7,26.7,S&P 500 Consolidated,(S&P 500 INDEX X $250.00),60820,151423,36322,FutOnly,21042713874+F,47186,92213,37346,S&P 500 Consolidated - CHICAGO MERCANTILE EXCHANGE,70667,67463,581117,18976,55035,1117,43.9,14.9,9.3,10.5,26.1,6.3,8.1,15.9,6.4,12.2,11.6,3.3,9.5,0.2,87.8,88.4,100.0,2021-04-27T00:00:00.000,510450,513654,169,84,110,35,31,22,61,91,59,35,22,6,528,383,342,2021 Report Week 17
923051,445929,316779,042,042601,CBT,CHI,F30,-9498,7367,-1678,15438,7696,6741,10787,14774,5802,3974,-4254,28798,-2777,-7659,9,24824,33052,"T-NOTES, 1-2 YEAR",FINANCIAL INSTRUMENTS,"T-NOTES, 1-2 YEAR",Interest Rates - U.S. Treasury,27.5,29.0,36.2,43.5,25.7,26.5,33.3,38.9,UST 2Y NOTE,"(CONTRACTS OF $200,000 FACE VALUE)",178214,189631,20234,FutOnly,210427042601F,519404,1122703,28697,2-YEAR U.S. TREASURY NOTES - CHICAGO BOARD OF TRADE,142515,111322,2294460,164087,57686,1479,40.2,19.4,13.8,7.8,8.3,0.9,22.6,48.9,1.3,6.2,4.9,7.2,2.5,0.1,93.8,95.1,100.0,2021-04-27T00:00:00.000,2151945,2183138,100,35,76,12,36,7,47,53,19,20,12,,315,214,205,2021 Report Week 17
956050,442213,317528,042,042601,CBT,CHI,F30,32999,-3716,749,1455,6459,-1993,17065,48230,15410,7268,1939,67930,-5068,807,45,60662,65991,"T-NOTES, 1-2 YEAR",FINANCIAL INSTRUMENTS,"T-NOTES, 1-2 YEAR",Interest Rates - U.S. Treasury,26.4,28.5,34.8,42.8,24.7,25.7,32.0,38.1,UST 2Y NOTE,"(CONTRACTS OF $200,000 FACE VALUE)",179669,196090,18241,FutOnly,210504042601F,536469,1170933,44107,2-YEAR U.S. TREASURY NOTES - CHICAGO BOARD OF TRADE,149783,113261,2362390,159019,58493,1524,40.5,18.7,13.4,7.6,8.3,0.8,22.7,49.6,1.9,6.3,4.8,6.7,2.5,0.1,93.7,95.2,100.0,2021-05-04T00:00:00.000,2212607,2249129,102,33,76,12,33,9,46,52,23,21,12,,311,222,199,2021 Report Week 18
261139,84323,51960,138,13874+,CME,CHI,F20,6256,-2074,-1841,-4840,4998,5287,-1143,572,1382,-9995,-12296,-2547,1432,510,916,7448,9749,S&P BROAD BASED STOCK INDICES,FINANCIAL INSTRUMENTS,S&P BROAD BASED STOCK INDICES,STOCK INDICES,13.4,21.9,21.3,29.6,10.9,20.5,16.9,26.9,S&P 500 Consolidated,(S&P 500 INDEX X $250.00),55980,156421,41609,FutOnly,21050413874+F,46043,92785,38728,S&P 500 Consolidated - CHICAGO MERCANTILE EXCHANGE,60672,55167,578570,20408,55545,2033,45.1,14.6,9.0,9.7,27.0,7.2,8.0,16.0,6.7,10.5,9.5,3.5,9.6,0.4,89.5,90.5,100.0,2021-05-04T00:00:00.000,517899,523404,168,84,111,37,30,23,60,99,58,30,26,8,534,383,351,2021 Report Week 18
1512597,1417881,791091,043,043602,CBT,CHI,F30,-30002,56182,39068,-6528,17931,5959,250577,79638,-15772,32097,-626,265155,-4982,88037,-5262,233058,265781,"T-NOTES, 6.5-10 YEAR",FINANCIAL INSTRUMENTS,"T-NOTES, 6.5-10 YEAR",Interest Rates - U.S. Treasury,19.4,19.0,29.6,26.8,13.0,12.9,21.4,19.8,UST 10Y NOTE,"(CONTRACTS OF $100,000 FACE VALUE)",163877,267344,29515,FutOnly,210504043602F,1144306,697096,91508,10-YEAR U.S. TREASURY NOTES - CHICAGO BOARD OF TRADE,336630,568596,4259750,187447,393940,2779,35.5,33.3,18.6,3.8,6.3,0.7,26.9,16.4,2.1,7.9,13.3,4.4,9.2,0.1,92.1,86.7,100.0,2021-05-04T00:00:00.000,3923120,3691154,82,109,103,18,43,20,54,90,47,17,27,,440,270,343,2021 Report Week 18
257014,84098,52603,138,13874+,CME,CHI,F20,-4125,-225,643,-5694,2740,-1313,1947,-8198,-1843,2590,-621,-9973,-790,231,-1389,-12563,-9353,S&P BROAD BASED STOCK INDICES,FINANCIAL INSTRUMENTS,S&P BROAD BASED STOCK INDICES,STOCK INDICES,13.1,22.1,21.1,30.1,11.0,20.8,16.5,27.3,S&P 500 Consolidated,(S&P 500 INDEX X $250.00),50286,159161,40296,FutOnly,21051113874+F,47990,84587,36885,S&P 500 Consolidated - CHICAGO MERCANTILE EXCHANGE,63261,54546,568597,19618,55777,644,45.2,14.8,9.3,8.8,28.0,7.1,8.4,14.9,6.5,11.1,9.6,3.5,9.8,0.1,88.9,90.4,100.0,2021-05-11T00:00:00.000,505336,514051,167,88,111,38,29,22,71,92,54,32,23,6,540,390,343,2021 Report Week 19
1491054,1485992,777601,043,043602,CBT,CHI,F30,-21543,68111,-13490,562,-83064,5476,55264,-2702,16071,-3963,14507,35026,-3572,29896,221,38989,20519,"T-NOTES, 6.5-10 YEAR",FINANCIAL INSTRUMENTS,"T-NOTES, 6.5-10 YEAR",Interest Rates - U.S. Treasury,19.5,19.8,30.6,27.8,13.0,13.7,22.6,20.4,UST 10Y NOTE,"(CONTRACTS OF $100,000 FACE VALUE)",164439,184280,34991,FutOnly,210511043602F,1199570,694394,107579,10-YEAR U.S. TREASURY NOTES - CHICAGO BOARD OF TRADE,332667,583103,4294776,183875,423836,3000,34.7,34.6,18.1,3.8,4.3,0.8,27.9,16.2,2.5,7.7,13.6,4.3,9.9,0.1,92.3,86.4,100.0,2021-05-11T00:00:00.000,3962109,3711673,77,109,100,21,35,18,50,89,51,15,31,,427,267,332,2021 Report Week 19
995733,452332,321089,042,042601,CBT,CHI,F30,39683,10119,3561,17245,3204,666,-133388,-84370,-1404,5281,-1014,-66170,2186,3068,0,-71451,-65156,"T-NOTES, 1-2 YEAR",FINANCIAL INSTRUMENTS,"T-NOTES, 1-2 YEAR",Interest Rates - U.S. Treasury,22.9,28.9,31.2,42.2,21.0,25.5,28.4,37.3,UST 2Y NOTE,"(CONTRACTS OF $200,000 FACE VALUE)",196914,199294,18907,FutOnly,210511042601F,403081,1086563,42703,2-YEAR U.S. TREASURY NOTES - CHICAGO BOARD OF TRADE,155064,112247,2296220,161205,61561,1524,43.4,19.7,14.0,8.6,8.7,0.8,17.6,47.3,1.9,6.8,4.9,7.0,2.7,0.1,93.2,95.1,100.0,2021-05-11T00:00:00.000,2141156,2183973,103,35,77,12,31,6,47,52,25,24,13,,317,225,202,2021 Report Week 19
974794,475880,319864,042,042601,CBT,CHI,F30,-20939,23548,-1225,5597,1081,-7444,-1597,-32357,14958,-3344,-1749,-10769,2086,-8720,1139,-7425,-9020,"T-NOTES, 1-2 YEAR",FINANCIAL INSTRUMENTS,"T-NOTES, 1-2 YEAR",Interest Rates - U.S. Treasury,22.9,29.4,31.3,42.2,21.2,25.3,28.7,36.8,UST 2Y NOTE,"(CONTRACTS OF $200,000 FACE VALUE)",202511,200375,11463,FutOnly,210518042601F,401484,1054206,57661,2-YEAR U.S. TREASURY NOTES - CHICAGO BOARD OF TRADE,151720,110498,2285451,163291,52841,2663,42.7,20.8,14.0,8.9,8.8,0.5,17.6,46.1,2.5,6.6,4.8,7.1,2.3,0.1,93.4,95.2,100.0,2021-05-18T00:00:00.000,2133731,2174953,102,38,80,11,34,7,51,50,24,25,12,,323,232,205,2021 Report Week 20
251935,85120,52217,138,13874+,CME,CHI,F20,-5079,1022,-386,-5042,-4412,-1618,650,-2963,-4094,8086,5582,-7302,-293,-906,473,-15388,-12884,S&P BROAD BASED STOCK INDICES,FINANCIAL INSTRUMENTS,S&P BROAD BASED STOCK INDICES,STOCK INDICES,12.7,22.0,21.0,29.8,11.1,20.7,16.1,27.2,S&P 500 Consolidated,(S&P 500 INDEX X $250.00),45245,154749,38678,FutOnly,21051813874+F,48639,81625,32791,S&P 500 Consolidated - CHICAGO MERCANTILE EXCHANGE,71347,60128,561295,19325,54870,1117,44.9,15.2,9.3,8.1,27.6,6.9,8.7,14.5,5.8,12.7,10.7,3.4,9.8,0.2,87.3,89.3,100.0,2021-05-18T00:00:00.000,489948,501167,172,87,109,36,31,24,71,92,57,32,21,13,542,398,347,2021 Report Week 20
1499109,1466466,799957,043,043602,CBT,CHI,F30,8055,-19526,22356,-15004,31370,2271,-85106,22443,11052,-9112,-7111,-72043,-6575,-134918,20,-62931,-64932,"T-NOTES, 6.5-10 YEAR",FINANCIAL INSTRUMENTS,"T-NOTES, 6.5-10 YEAR",Interest Rates - U.S. Treasury,19.5,20.0,31.0,28.0,12.5,13.0,22.4,19.7,UST 10Y NOTE,"(CONTRACTS OF $100,000 FACE VALUE)",149435,215650,37262,FutOnly,210518043602F,1114464,716837,118631,10-YEAR U.S. TREASURY NOTES - CHICAGO BOARD OF TRADE,323555,575992,4222733,177300,288918,3020,35.5,34.7,18.9,3.5,5.1,0.9,26.4,17.0,2.8,7.7,13.6,4.2,6.8,0.1,92.3,86.4,100.0,2021-05-18T00:00:00.000,3899178,3646741,77,105,103,24,37,16,51,97,52,16,27,,434,267,341,2021 Report Week 20
1500436,1524087,831599,043,043602,CBT,CHI,F30,1327,57621,31642,9011,24532,8301,79407,-34883,71580,64172,91121,280060,-4159,11367,18779,215888,188939,"T-NOTES, 6.5-10 YEAR",FINANCIAL INSTRUMENTS,"T-NOTES, 6.5-10 YEAR",Interest Rates - U.S. Treasury,19.1,19.9,29.7,27.4,12.4,13.8,21.2,19.7,UST 10Y NOTE,"(CONTRACTS OF $100,000 FACE VALUE)",158446,240182,45563,FutOnly,210525043602F,1193871,681954,190211,10-YEAR U.S. TREASURY NOTES - CHICAGO BOARD OF TRADE,387727,667113,4502793,173141,300285,21799,33.3,33.8,18.5,3.5,5.3,1.0,26.5,15.1,4.2,8.6,14.8,3.8,6.7,0.5,91.4,85.2,100.0,2021-05-25T00:00:00.000,4115066,3835680,79,100,100,21,33,20,55,90,70,15,26,8,422,285,335,2021 Report Week 21
257414,87419,52222,138,13874+,CME,CHI,F20,5479,2299,5,2338,6789,6374,3513,-4083,7354,1916,4843,26803,-561,2837,385,24887,21960,S&P BROAD BASED STOCK INDICES,FINANCIAL INSTRUMENTS,S&P BROAD BASED STOCK INDICES,STOCK INDICES,12.7,21.2,20.9,30.0,10.6,19.9,15.5,26.1,S&P 500 Consolidated,(S&P 500 INDEX X $250.00),47583,161538,45052,FutOnly,21052513874+F,52153,77542,40145,S&P 500 Consolidated - CHICAGO MERCANTILE EXCHANGE,73263,64971,588098,18764,57707,1502,43.8,14.9,8.9,8.1,27.5,7.7,8.9,13.2,6.8,12.5,11.0,3.2,9.8,0.3,87.5,89.0,100.0,2021-05-25T00:00:00.000,514835,523127,168,91,108,40,31,26,69,85,59,30,21,13,536,398,344,2021 Report Week 21
931843,429737,317324,042,042601,CBT,CHI,F30,-42951,-46143,-2540,-16504,-1255,14742,-4742,-9846,37191,30918,17730,34348,-2385,3850,20619,3430,16618,"T-NOTES, 1-2 YEAR",FINANCIAL INSTRUMENTS,"T-NOTES, 1-2 YEAR",Interest Rates - U.S. Treasury,22.1,29.4,30.5,42.4,19.8,25.9,26.8,36.0,UST 2Y NOTE,"(CONTRACTS OF $200,000 FACE VALUE)",186007,199120,26205,FutOnly,210525042601F,396742,1044360,94852,2-YEAR U.S. TREASURY NOTES - CHICAGO BOARD OF TRADE,182638,128228,2319799,160906,56691,23282,40.2,18.5,13.7,8.0,8.6,1.1,17.1,45.0,4.1,7.9,5.5,6.9,2.4,1.0,92.1,94.5,100.0,2021-05-25T00:00:00.000,2137161,2191571,99,33,76,9,31,16,50,46,33,24,15,4,308,236,201,2021 Report Week 21
1552204,1597728,742463,043,043602,CBT,CHI,F30,51768,73641,-89136,-17765,-20532,-18165,121470,67820,-119626,-69272,-83657,-126706,32954,81883,-18934,-57434,-43049,"T-NOTES, 6.5-10 YEAR",FINANCIAL INSTRUMENTS,"T-NOTES, 6.5-10 YEAR",Interest Rates - U.S. Treasury,20.6,20.9,31.0,28.8,13.6,14.6,22.7,21.5,UST 10Y NOTE,"(CONTRACTS OF $100,000 FACE VALUE)",140681,219650,27398,FutOnly,210601043602F,1315341,749774,70585,10-YEAR U.S. TREASURY NOTES - CHICAGO BOARD OF TRADE,318455,583456,4376087,206095,382168,2865,35.5,36.5,17.0,3.2,5.0,0.6,30.1,17.1,1.6,7.3,13.3,4.7,8.7,0.1,92.7,86.7,100.0,2021-06-01T00:00:00.000,4057632,3792631,75,106,102,18,37,16,56,87,45,19,28,,426,262,330,2021 Report Week 22
254254,82698,54674,138,13874+,CME,CHI,F20,-3160,-4721,2452,-654,-2291,3866,2316,2777,-5852,5813,4542,6086,1692,5699,-387,273,1543,S&P BROAD BASED STOCK INDICES,FINANCIAL INSTRUMENTS,S&P BROAD BASED STOCK INDICES,STOCK INDICES,12.4,21.9,20.7,30.9,10.3,20.4,15.2,26.7,S&P 500 Consolidated,(S&P 500 INDEX X $250.00),46929,159247,48918,FutOnly,21060113874+F,54469,80319,34293,S&P 500 Consolidated - CHICAGO MERCANTILE EXCHANGE,79076,69514,594184,20456,63406,1114,42.8,13.9,9.2,7.9,26.8,8.2,9.2,13.5,5.8,13.3,11.7,3.4,10.7,0.2,86.7,88.3,100.0,2021-06-01T00:00:00.000,515108,524670,172,84,106,38,29,27,71,90,61,33,19,12,536,402,340,2021 Report Week 22
970527,454724,300581,042,042601,CBT,CHI,F30,38684,24987,-16743,-14596,-32451,-4149,20833,23180,-30291,-25931,-10434,-64015,-9743,3965,-22079,-38084,-53581,"T-NOTES, 1-2 YEAR",FINANCIAL INSTRUMENTS,"T-NOTES, 1-2 YEAR",Interest Rates - U.S. Treasury,20.9,32.4,29.4,46.4,19.0,29.0,26.3,40.1,UST 2Y NOTE,"(CONTRACTS OF $200,000 FACE VALUE)",171411,166669,22056,FutOnly,210601042601F,417575,1067540,64561,2-YEAR U.S. TREASURY NOTES - CHICAGO BOARD OF TRADE,156707,117794,2255784,151163,60656,1203,43.0,20.2,13.3,7.6,7.4,1.0,18.5,47.3,2.9,6.9,5.2,6.7,2.7,0.1,93.1,94.8,100.0,2021-06-01T00:00:00.000,2099077,2137990,105,33,75,11,33,12,50,46,32,24,13,,315,236,200,2021 Report Week 22
1594436,1579155,754190,043,043602,CBT,CHI,F30,42232,-18573,11727,3007,39011,447,-3163,28741,5194,-8824,-263,45223,-5397,-21061,0,54047,45486,"T-NOTES, 6.5-10 YEAR",FINANCIAL INSTRUMENTS,"T-NOTES, 6.5-10 YEAR",Interest Rates - U.S. Treasury,19.9,21.3,30.6,28.9,13.3,15.0,22.6,21.3,UST 10Y NOTE,"(CONTRACTS OF $100,000 FACE VALUE)",143688,258661,27845,FutOnly,210608043602F,1312178,778515,75779,10-YEAR U.S. TREASURY NOTES - CHICAGO BOARD OF TRADE,309631,583193,4421310,200698,361107,2865,36.1,35.7,17.1,3.2,5.9,0.6,29.7,17.6,1.7,7.0,13.2,4.5,8.2,0.1,93.0,86.8,100.0,2021-06-08T00:00:00.000,4111679,3838117,77,109,103,19,45,17,60,95,53,19,30,,454,276,354,2021 Report Week 23
258828,84488,53876,138,13874+,CME,CHI,F20,4574,1789,-798,-2437,14,3257,-1112,-7288,9828,-110,2272,12588,-277,3850,-336,12698,10317,S&P BROAD BASED STOCK INDICES,FINANCIAL INSTRUMENTS,S&P BROAD BASED STOCK INDICES,STOCK INDICES,11.8,20.8,20.3,30.2,10.1,19.3,15.0,25.5,S&P 500 Consolidated,(S&P 500 INDEX X $250.00),44492,159262,52175,FutOnly,21060813874+F,53357,73031,44121,S&P 500 Consolidated - CHICAGO MERCANTILE EXCHANGE,78966,71785,606772,20179,67256,778,42.7,13.9,8.9,7.3,26.2,8.6,8.8,12.0,7.3,13.0,11.8,3.3,11.1,0.1,87.0,88.2,100.0,2021-06-08T00:00:00.000,527806,534987,173,85,107,35,31,28,71,88,68,31,20,9,535,398,349,2021 Report Week 23
940651,448647,290051,042,042601,CBT,CHI,F30,-29876,-6077,-10530,-87267,-33307,503,10549,-58102,-13033,2663,-2850,-121812,5167,1572,12,-124475,-118962,"T-NOTES, 1-2 YEAR",FINANCIAL INSTRUMENTS,"T-NOTES, 1-2 YEAR",Interest Rates - U.S. Treasury,18.4,33.1,26.9,47.2,16.3,29.9,23.8,41.1,UST 2Y NOTE,"(CONTRACTS OF $200,000 FACE VALUE)",84144,133362,22559,FutOnly,210608042601F,428124,1009438,51528,2-YEAR U.S. TREASURY NOTES - CHICAGO BOARD OF TRADE,159370,114944,2133972,156330,62228,1215,44.1,21.0,13.6,3.9,6.2,1.1,20.1,47.3,2.4,7.5,5.4,7.3,2.9,0.1,92.5,94.6,100.0,2021-06-08T00:00:00.000,1974602,2019028,102,34,73,14,32,8,52,45,26,24,14,,317,231,195,2021 Report Week 23
1596564,1597719,752822,043,043602,CBT,CHI,F30,2128,18564,-1368,30150,-17393,-358,-87269,53826,-10563,8667,-20560,-22296,36227,-44534,90,-30963,-1736,"T-NOTES, 6.5-10 YEAR",FINANCIAL INSTRUMENTS,"T-NOTES, 6.5-10 YEAR",Interest Rates - U.S. Treasury,19.7,21.5,30.4,29.2,12.9,15.3,22.6,21.1,UST 10Y NOTE,"(CONTRACTS OF $100,000 FACE VALUE)",173838,241268,27487,FutOnly,210615043602F,1224909,832341,65216,10-YEAR U.S. TREASURY NOTES - CHICAGO BOARD OF TRADE,318298,562633,4399014,236925,316573,2955,36.3,36.3,17.1,4.0,5.5,0.6,27.8,18.9,1.5,7.2,12.8,5.4,7.2,0.1,92.8,87.2,100.0,2021-06-15T00:00:00.000,4080716,3836381,78,113,102,25,39,15,58,96,46,22,31,4,462,280,349,2021 Report Week 24
272582,81521,63774,138,13874+,CME,CHI,F20,13754,-2967,9898,-1185,7458,21561,-3123,4984,10271,6492,4442,59746,-338,1683,2417,53255,55305,S&P BROAD BASED STOCK INDICES,FINANCIAL INSTRUMENTS,S&P BROAD BASED STOCK INDICES,STOCK INDICES,11.5,19.1,20.4,29.5,9.5,17.4,14.5,23.5,S&P 500 Consolidated,(S&P 500 INDEX X $250.00),43307,166720,73736,FutOnly,21061513874+F,50233,78015,54392,S&P 500 Consolidated - CHICAGO MERCANTILE EXCHANGE,85458,76227,666519,19841,68938,3195,40.9,12.2,9.6,6.5,25.0,11.1,7.5,11.7,8.2,12.8,11.4,3.0,10.3,0.5,87.2,88.6,100.0,2021-06-15T00:00:00.000,581061,590291,171,81,108,36,34,34,73,91,75,30,21,14,538,407,362,2021 Report Week 24
939608,435439,288035,042,042601,CBT,CHI,F30,-1043,-13208,-2016,-4738,-9043,320,-2228,-10530,805,1509,4764,-12317,-4925,16592,-1,-13826,-17081,"T-NOTES, 1-2 YEAR",FINANCIAL INSTRUMENTS,"T-NOTES, 1-2 YEAR",Interest Rates - U.S. Treasury,18.6,33.4,26.9,46.1,16.3,29.8,23.6,40.3,UST 2Y NOTE,"(CONTRACTS OF $200,000 FACE VALUE)",79406,124319,22879,FutOnly,210615042601F,425896,998908,52333,2-YEAR U.S. TREASURY NOTES - CHICAGO BOARD OF TRADE,160879,119708,2121655,151405,78820,1214,44.3,20.5,13.6,3.7,5.9,1.1,20.1,47.1,2.5,7.6,5.6,7.1,3.7,0.1,92.4,94.4,100.0,2021-06-15T00:00:00.000,1960776,2001947,106,30,72,15,29,10,50,50,27,24,13,,317,234,194,2021 Report Week 24
1590114,1524980,768585,043,043602,CBT,CHI,F30,-6450,-72739,15763,1360,9987,2613,-81245,-83638,-3521,-15118,1407,-130447,-43755,-225,-94,-115329,-131854,"T-NOTES, 6.5-10 YEAR",FINANCIAL INSTRUMENTS,"T-NOTES, 6.5-10 YEAR",Interest Rates - U.S. Treasury,20.5,20.5,31.3,27.3,12.8,13.7,23.0,19.5,UST 10Y NOTE,"(CONTRACTS OF $100,000 FACE VALUE)",175198,251255,30100,FutOnly,210622043602F,1143664,748703,61695,10-YEAR U.S. TREASURY NOTES - CHICAGO BOARD OF TRADE,303180,564040,4268567,193170,316348,2861,37.3,35.7,18.0,4.1,5.9,0.7,26.8,17.5,1.4,7.1,13.2,4.5,7.4,0.1,92.9,86.8,100.0,2021-06-22T00:00:00.000,3965387,3704527,78,114,109,24,41,12,58,89,43,18,32,,454,276,345,2021 Report Week 25
275604,81961,52499,138,13874+,CME,CHI,F20,3022,440,-11275,-9850,-13577,-46679,-15773,-5666,-38756,-29333,-26516,-146679,3763,-2851,-1798,-117346,-120162,S&P BROAD BASED STOCK INDICES,FINANCIAL INSTRUMENTS,S&P BROAD BASED STOCK INDICES,STOCK INDICES,13.7,21.4,23.3,31.3,12.9,20.5,20.0,28.9,S&P 500 Consolidated,(S&P 500 INDEX X $250.00),33457,153143,27057,FutOnly,21062213874+F,34461,72349,15635,S&P 500 Consolidated - CHICAGO MERCANTILE EXCHANGE,56125,49711,519840,23604,66088,1398,53.0,15.8,10.1,6.4,29.5,5.2,6.6,13.9,3.0,10.8,9.6,4.5,12.7,0.3,89.2,90.4,100.0,2021-06-22T00:00:00.000,463715,470129,174,79,104,31,29,16,61,90,56,33,24,6,521,369,334,2021 Report Week 25
883256,473159,305685,042,042601,CBT,CHI,F30,-56352,37720,17650,3245,-15239,-1165,-14440,-181955,19841,-20587,7723,-67024,-15242,48375,26,-46437,-74747,"T-NOTES, 1-2 YEAR",FINANCIAL INSTRUMENTS,"T-NOTES, 1-2 YEAR",Interest Rates - U.S. Treasury,19.3,30.6,27.6,41.8,16.7,26.1,24.0,35.9,UST 2Y NOTE,"(CONTRACTS OF $200,000 FACE VALUE)",82651,109080,21714,FutOnly,210622042601F,411456,816953,72174,2-YEAR U.S. TREASURY NOTES - CHICAGO BOARD OF TRADE,140292,127431,2054631,136163,127195,1240,43.0,23.0,14.9,4.0,5.3,1.1,20.0,39.8,3.5,6.8,6.2,6.6,6.2,0.1,93.2,93.8,100.0,2021-06-22T00:00:00.000,1914339,1927200,94,38,74,15,31,7,46,54,26,20,15,,313,216,206,2021 Report Week 25
270225,76894,53172,138,13874+,CME,CHI,F20,-5379,-5067,672,671,-3588,2313,4520,6719,1781,2435,4238,6937,-520,-576,444,4502,2699,S&P BROAD BASED STOCK INDICES,FINANCIAL INSTRUMENTS,S&P BROAD BASED STOCK INDICES,STOCK INDICES,12.8,21.6,22.1,31.3,11.8,20.2,19.0,28.4,S&P 500 Consolidated,(S&P 500 INDEX X $250.00),34129,149555,29369,FutOnly,21062913874+F,38980,79068,17416,S&P 500 Consolidated - CHICAGO MERCANTILE EXCHANGE,58560,53949,526777,23084,65512,1842,51.3,14.6,10.1,6.5,28.4,5.6,7.4,15.0,3.3,11.1,10.2,4.4,12.4,0.3,88.9,89.8,100.0,2021-06-29T00:00:00.000,468217,472828,169,79,103,33,30,20,66,93,53,34,19,8,523,374,333,2021 Report Week 26
834507,523345,307312,042,042601,CBT,CHI,F30,-48749,50186,1627,-2404,25491,3684,32013,-118382,23688,-1166,6823,-4553,-13246,2330,0,-3387,-11376,"T-NOTES, 1-2 YEAR",FINANCIAL INSTRUMENTS,"T-NOTES, 1-2 YEAR",Interest Rates - U.S. Treasury,19.3,29.1,27.9,40.2,16.9,24.1,24.5,33.7,UST 2Y NOTE,"(CONTRACTS OF $200,000 FACE VALUE)",80247,134571,25398,FutOnly,210629042601F,443469,698571,95862,2-YEAR U.S. TREASURY NOTES - CHICAGO BOARD OF TRADE,139126,134254,2050078,122917,129525,1240,40.7,25.5,15.0,3.9,6.6,1.2,21.6,34.1,4.7,6.8,6.5,6.0,6.3,0.1,93.2,93.5,100.0,2021-06-29T00:00:00.000,1910952,1915824,88,46,75,15,33,10,45,49,26,19,15,,310,211,212,2021 Report Week 26
1591702,1520664,764873,043,043602,CBT,CHI,F30,1588,-4316,-3712,2743,-6995,-6777,36,-21735,24486,14687,-1643,27721,-5361,48382,31,13034,29364,"T-NOTES, 6.5-10 YEAR",FINANCIAL INSTRUMENTS,"T-NOTES, 6.5-10 YEAR",Interest Rates - U.S. Treasury,20.3,19.9,30.1,27.4,12.6,13.5,21.7,20.0,UST 10Y NOTE,"(CONTRACTS OF $100,000 FACE VALUE)",177941,244260,23323,FutOnly,210629043602F,1143700,726968,86181,10-YEAR U.S. TREASURY NOTES - CHICAGO BOARD OF TRADE,317867,562397,4296288,187809,364730,2892,37.0,35.4,17.8,4.1,5.7,0.5,26.6,16.9,2.0,7.4,13.1,4.4,8.5,0.1,92.6,86.9,100.0,2021-06-29T00:00:00.000,3978421,3733891,79,112,107,21,34,13,58,86,42,17,30,,437,275,327,2021 Report Week 26
857702,545275,319493,042,042601,CBT,CHI,F30,23195,21930,12181,-10824,28337,-1157,30446,7800,-26352,1853,9020,30122,1038,-21379,-258,28269,21102,"T-NOTES, 1-2 YEAR",FINANCIAL INSTRUMENTS,"T-NOTES, 1-2 YEAR",Interest Rates - U.S. Treasury,19.6,27.9,28.2,38.5,17.2,23.0,24.7,32.7,UST 2Y NOTE,"(CONTRACTS OF $200,000 FACE VALUE)",69423,162908,24241,FutOnly,210706042601F,473915,706371,69510,2-YEAR U.S. TREASURY NOTES - CHICAGO BOARD OF TRADE,140979,143274,2080200,123955,108146,982,41.2,26.2,15.4,3.3,7.8,1.2,22.8,34.0,3.3,6.8,6.9,6.0,5.2,0.0,93.2,93.1,100.0,2021-07-06T00:00:00.000,1939221,1936926,87,50,75,13,35,8,41,52,23,19,14,,311,203,215,2021 Report Week 27
271623,79349,51946,138,13874+,CME,CHI,F20,1398,2455,-1226,3041,-852,-296,2996,3500,3282,-1468,-1256,8389,1610,3731,-949,9858,9645,S&P BROAD BASED STOCK INDICES,FINANCIAL INSTRUMENTS,S&P BROAD BASED STOCK INDICES,STOCK INDICES,12.9,21.7,22.3,31.2,12.0,20.2,19.4,28.3,S&P 500 Consolidated,(S&P 500 INDEX X $250.00),37170,148703,29074,FutOnly,21070613874+F,41976,82568,20698,S&P 500 Consolidated - CHICAGO MERCANTILE EXCHANGE,57092,52693,535166,24694,69243,894,50.8,14.8,9.7,6.9,27.8,5.4,7.8,15.4,3.9,10.7,9.8,4.6,12.9,0.2,89.3,90.2,100.0,2021-07-06T00:00:00.000,478074,482474,167,80,101,33,30,21,64,94,49,31,20,7,519,369,328,2021 Report Week 27
1546299,1446466,781100,043,043602,CBT,CHI,F30,-45403,-74198,16227,22985,15289,-2184,-10818,-46098,-4803,19250,28469,-25225,-20470,42082,-9,-44475,-53694,"T-NOTES, 6.5-10 YEAR",FINANCIAL INSTRUMENTS,"T-NOTES, 6.5-10 YEAR",Interest Rates - U.S. Treasury,20.9,20.3,31.2,28.1,13.4,13.9,22.6,20.8,UST 10Y NOTE,"(CONTRACTS OF $100,000 FACE VALUE)",200926,259549,21139,FutOnly,210706043602F,1132882,680870,81378,10-YEAR U.S. TREASURY NOTES - CHICAGO BOARD OF TRADE,337117,590866,4271063,167339,406812,2883,36.2,33.9,18.3,4.7,6.1,0.5,26.5,15.9,1.9,7.9,13.8,3.9,9.5,0.1,92.1,86.2,100.0,2021-07-06T00:00:00.000,3933946,3680197,76,111,107,20,38,12,56,86,42,20,27,,434,272,326,2021 Report Week 27
272487,78856,51107,138,13874+,CME,CHI,F20,864,-493,-839,1060,3065,2497,6,-1866,1973,1538,3588,7863,-794,-1621,1559,6325,4275,S&P BROAD BASED STOCK INDICES,FINANCIAL INSTRUMENTS,S&P BROAD BASED STOCK INDICES,STOCK INDICES,12.5,21.7,22.2,31.4,11.8,20.4,18.9,28.6,S&P 500 Consolidated,(S&P 500 INDEX X $250.00),38230,151768,31571,FutOnly,21071313874+F,41983,80703,22671,S&P 500 Consolidated - CHICAGO MERCANTILE EXCHANGE,58630,56281,543030,23900,67622,2452,50.2,14.5,9.4,7.0,27.9,5.8,7.7,14.9,4.2,10.8,10.4,4.4,12.5,0.5,89.2,89.6,100.0,2021-07-13T00:00:00.000,484400,486748,167,78,104,34,29,23,71,92,55,29,22,11,522,382,333,2021 Report Week 28
1536285,1412270,794606,043,043602,CBT,CHI,F30,-10014,-34196,13506,-54694,26158,32219,-85323,-48217,18128,-7629,-21175,-115791,-19524,-99754,-2460,-108162,-94616,"T-NOTES, 6.5-10 YEAR",FINANCIAL INSTRUMENTS,"T-NOTES, 6.5-10 YEAR",Interest Rates - U.S. Treasury,21.4,20.3,30.7,27.4,14.3,13.7,22.2,18.6,UST 10Y NOTE,"(CONTRACTS OF $100,000 FACE VALUE)",146232,285707,53358,FutOnly,210713043602F,1047559,632653,99506,10-YEAR U.S. TREASURY NOTES - CHICAGO BOARD OF TRADE,329488,569691,4155272,147815,307058,423,37.0,34.0,19.1,3.5,6.9,1.3,25.2,15.2,2.4,7.9,13.7,3.6,7.4,0.0,92.1,86.3,100.0,2021-07-13T00:00:00.000,3825784,3585581,82,109,112,19,40,12,57,86,40,16,34,,443,278,331,2021 Report Week 28
812966,505217,325642,042,042601,CBT,CHI,F30,-44736,-40058,6149,7054,-19512,-12557,-19404,2440,-6189,-1088,-5915,-73993,-2475,2396,-747,-72905,-68078,"T-NOTES, 1-2 YEAR",FINANCIAL INSTRUMENTS,"T-NOTES, 1-2 YEAR",Interest Rates - U.S. Treasury,18.5,28.2,27.3,39.2,15.5,23.4,23.3,33.7,UST 2Y NOTE,"(CONTRACTS OF $200,000 FACE VALUE)",76477,143396,11684,FutOnly,210713042601F,454511,708811,63321,2-YEAR U.S. TREASURY NOTES - CHICAGO BOARD OF TRADE,139891,137359,2006207,121480,110542,235,40.5,25.2,16.2,3.8,7.1,0.6,22.7,35.3,3.2,7.0,6.8,6.1,5.5,0.0,93.0,93.2,100.0,2021-07-13T00:00:00.000,1866316,1868848,89,47,74,14,34,10,42,53,25,18,14,,311,206,215,2021 Report Week 28
847821,492353,321752,042,042601,CBT,CHI,F30,34855,-12864,-3890,-12841,16274,3629,-9069,107,-4761,4510,-4237,6871,-5501,12674,-61,2361,11108,"T-NOTES, 1-2 YEAR",FINANCIAL INSTRUMENTS,"T-NOTES, 1-2 YEAR",Interest Rates - U.S. Treasury,18.6,28.4,27.6,39.2,15.6,23.7,23.7,33.3,UST 2Y NOTE,"(CONTRACTS OF $200,000 FACE VALUE)",63636,159670,15313,FutOnly,210720042601F,445442,708918,58560,2-YEAR U.S. TREASURY NOTES - CHICAGO BOARD OF TRADE,144401,133122,2013078,115979,123216,174,42.1,24.5,16.0,3.2,7.9,0.8,22.1,35.2,2.9,7.2,6.6,5.8,6.1,0.0,92.8,93.4,100.0,2021-07-20T00:00:00.000,1868677,1879956,91,42,73,13,33,9,38,51,22,17,15,,300,199,206,2021 Report Week 29
271902,82987,52109,138,13874+,CME,CHI,F20,-585,4131,1002,1462,5699,884,1975,-2543,4050,70,1233,8208,961,-4636,-1611,8138,6975,S&P BROAD BASED STOCK INDICES,FINANCIAL INSTRUMENTS,S&P BROAD BASED STOCK INDICES,STOCK INDICES,13.1,21.6,21.8,30.9,12.3,20.5,19.0,28.0,S&P 500 Consolidated,(S&P 500 INDEX X $250.00),39692,157466,32454,FutOnly,21072013874+F,43957,78160,26721,S&P 500 Consolidated - CHICAGO MERCANTILE EXCHANGE,58700,57514,551237,24861,62986,841,49.3,15.1,9.5,7.2,28.6,5.9,8.0,14.2,4.8,10.6,10.4,4.5,11.4,0.2,89.4,89.6,100.0,2021-07-20T00:00:00.000,492537,493724,165,78,101,32,34,23,76,85,54,34,21,10,525,381,332,2021 Report Week 29
1483273,1445189,788090,043,043602,CBT,CHI,F30,-53012,32919,-6516,13275,-4761,1297,33412,-4686,2640,3507,17166,-4586,238,-43218,573,-8093,-21752,"T-NOTES, 6.5-10 YEAR",FINANCIAL INSTRUMENTS,"T-NOTES, 6.5-10 YEAR",Interest Rates - U.S. Treasury,20.8,20.7,29.9,27.8,13.7,14.1,22.0,19.0,UST 10Y NOTE,"(CONTRACTS OF $100,000 FACE VALUE)",159507,280946,54655,FutOnly,210720043602F,1080971,627967,102146,10-YEAR U.S. TREASURY NOTES - CHICAGO BOARD OF TRADE,332995,586857,4150686,148053,263840,996,35.7,34.8,19.0,3.8,6.8,1.3,26.0,15.1,2.5,8.0,14.1,3.6,6.4,0.0,92.0,85.9,100.0,2021-07-20T00:00:00.000,3817691,3563829,78,117,114,24,36,12,56,89,42,19,28,,447,280,337,2021 Report Week 29
1475304,1490893,790293,043,043602,CBT,CHI,F30,-7969,45704,2203,23521,-37086,-20318,-124715,-51421,-1782,34446,-18020,-78949,15627,1733,38,-113395,-60929,"T-NOTES, 6.5-10 YEAR",FINANCIAL INSTRUMENTS,"T-NOTES, 6.5-10 YEAR",Interest Rates - U.S. Treasury,20.9,21.7,29.7,28.7,13.6,15.4,21.6,20.3,UST 10Y NOTE,"(CONTRACTS OF $100,000 FACE VALUE)",183028,243860,34337,FutOnly,210727043602F,956256,576546,100364,10-YEAR U.S. TREASURY NOTES - CHICAGO BOARD OF TRADE,367441,568837,4071737,163680,265573,1034,36.2,36.6,19.4,4.5,6.0,0.8,23.5,14.2,2.5,9.0,14.0,4.0,6.5,0.0,91.0,86.0,100.0,2021-07-27T00:00:00.000,3704296,3502900,84,115,113,20,36,15,60,84,43,16,28,4,443,283,335,2021 Report Week 30
264355,80263,51079,138,13874+,CME,CHI,F20,-7547,-2724,-1030,-3086,-5903,5561,-3923,-202,8271,6228,4206,9220,4681,974,64,2992,5013,S&P BROAD BASED STOCK INDICES,FINANCIAL INSTRUMENTS,S&P BROAD BASED STOCK INDICES,STOCK INDICES,12.3,21.5,20.7,30.2,11.4,20.1,18.0,26.7,S&P 500 Consolidated,(S&P 500 INDEX X $250.00),36605,151564,38016,FutOnly,21072713874+F,40035,77958,34992,S&P 500 Consolidated - CHICAGO MERCANTILE EXCHANGE,64928,61720,560457,29541,63960,905,47.2,14.3,9.1,6.5,27.0,6.8,7.1,13.9,6.2,11.6,11.0,5.3,11.4,0.2,88.4,89.0,100.0,2021-07-27T00:00:00.000,495529,498737,166,76,100,32,32,26,67,87,54,30,19,11,509,372,328,2021 Report Week 30
839558,520436,329833,042,042601,CBT,CHI,F30,-8263,28083,8081,-6545,-6961,-4026,-20937,-49501,-5175,-3235,-231,-37394,-1470,-11840,4176,-34159,-37163,"T-NOTES, 1-2 YEAR",FINANCIAL INSTRUMENTS,"T-NOTES, 1-2 YEAR",Interest Rates - U.S. Treasury,18.8,29.0,27.8,39.9,15.7,24.1,23.8,33.8,UST 2Y NOTE,"(CONTRACTS OF $200,000 FACE VALUE)",57091,152709,11287,FutOnly,210727042601F,424505,659417,53385,2-YEAR U.S. TREASURY NOTES - CHICAGO BOARD OF TRADE,141166,132891,1975684,114509,111376,4350,42.5,26.3,16.7,2.9,7.7,0.6,21.5,33.4,2.7,7.1,6.7,5.8,5.6,0.2,92.9,93.3,100.0,2021-07-27T00:00:00.000,1834518,1842793,93,46,75,16,32,9,40,48,23,17,17,,309,207,212,2021 Report Week 30
1530141,1509186,774332,043,043602,CBT,CHI,F30,54837,18293,-15961,21666,25637,2198,1300,-20112,62,-1057,-6105,26077,-41115,17918,4147,27134,32182,"T-NOTES, 6.5-10 YEAR",FINANCIAL INSTRUMENTS,"T-NOTES, 6.5-10 YEAR",Interest Rates - U.S. Treasury,21.1,21.5,29.9,28.9,14.2,15.3,21.9,20.4,UST 10Y NOTE,"(CONTRACTS OF $100,000 FACE VALUE)",204694,269497,36535,FutOnly,210803043602F,957556,556434,100426,10-YEAR U.S. TREASURY NOTES - CHICAGO BOARD OF TRADE,366384,562732,4097814,122565,283491,5181,37.3,36.8,18.9,5.0,6.6,0.9,23.4,13.6,2.5,8.9,13.7,3.0,6.9,0.1,91.1,86.3,100.0,2021-08-03T00:00:00.000,3731430,3535082,81,116,112,19,43,13,58,83,46,16,33,5,449,282,343,2021 Report Week 31
261605,79817,50854,138,13874+,CME,CHI,F20,-2750,-446,-225,-1287,-4468,4096,4079,1897,3301,3513,2406,8425,-2456,1709,154,4912,6018,S&P BROAD BASED STOCK INDICES,FINANCIAL INSTRUMENTS,S&P BROAD BASED STOCK INDICES,STOCK INDICES,11.5,21.2,20.2,30.3,10.8,19.5,17.1,26.1,S&P 500 Consolidated,(S&P 500 INDEX X $250.00),35318,147096,42112,FutOnly,21080313874+F,44114,79855,38293,S&P 500 Consolidated - CHICAGO MERCANTILE EXCHANGE,68441,64127,568882,27086,65669,1059,46.0,14.0,8.9,6.2,25.9,7.4,7.8,14.0,6.7,12.0,11.3,4.8,11.5,0.2,88.0,88.7,100.0,2021-08-03T00:00:00.000,500441,504755,166,75,104,32,32,26,70,88,59,28,23,8,514,378,333,2021 Report Week 31
836389,518211,337916,042,042601,CBT,CHI,F30,-3169,-2225,8083,-11053,2016,-1182,5736,2924,-722,6552,-3306,12283,6787,5444,1251,5731,15589,"T-NOTES, 1-2 YEAR",FINANCIAL INSTRUMENTS,"T-NOTES, 1-2 YEAR",Interest Rates - U.S. Treasury,17.9,29.6,26.7,40.2,14.8,24.5,22.3,33.9,UST 2Y NOTE,"(CONTRACTS OF $200,000 FACE VALUE)",46038,154725,10105,FutOnly,210803042601F,430241,662341,52663,2-YEAR U.S. TREASURY NOTES - CHICAGO BOARD OF TRADE,147718,129585,1987967,121296,116820,5601,42.1,26.1,17.0,2.3,7.8,0.5,21.6,33.3,2.6,7.4,6.5,6.1,5.9,0.3,92.6,93.5,100.0,2021-08-03T00:00:00.000,1840249,1858382,96,44,79,13,32,9,38,46,22,17,18,,304,204,213,2021 Report Week 31
1503966,1470217,799843,043,043602,CBT,CHI,F30,-26175,-38969,25511,-15205,-25416,-3916,-96184,1610,15556,4621,20961,-21418,71532,-19597,2842,-26039,-42379,"T-NOTES, 6.5-10 YEAR",FINANCIAL INSTRUMENTS,"T-NOTES, 6.5-10 YEAR",Interest Rates - U.S. Treasury,20.3,20.9,29.1,27.8,13.2,13.6,20.8,19.0,UST 10Y NOTE,"(CONTRACTS OF $100,000 FACE VALUE)",189489,244081,32619,FutOnly,210810043602F,861372,558044,115982,10-YEAR U.S. TREASURY NOTES - CHICAGO BOARD OF TRADE,371005,583693,4076396,194097,263894,8023,36.9,36.1,19.6,4.6,6.0,0.8,21.1,13.7,2.8,9.1,14.3,4.8,6.5,0.2,90.9,85.7,100.0,2021-08-10T00:00:00.000,3705391,3492703,79,122,114,22,37,12,57,92,54,18,33,5,460,292,353,2021 Report Week 32
260706,75801,50153,138,13874+,CME,CHI,F20,-899,-4016,-701,-495,-1795,948,-137,691,4625,1099,2857,4303,-496,1334,359,3204,1446,S&P BROAD BASED STOCK INDICES,FINANCIAL INSTRUMENTS,S&P BROAD BASED STOCK INDICES,STOCK INDICES,11.4,21.2,19.7,30.6,10.6,19.3,16.8,25.6,S&P 500 Consolidated,(S&P 500 INDEX X $250.00),34824,145301,43060,FutOnly,21081013874+F,43976,80546,42919,S&P 500 Consolidated - CHICAGO MERCANTILE EXCHANGE,69539,66984,573185,26589,67003,1418,45.5,13.2,8.7,6.1,25.3,7.5,7.7,14.1,7.5,12.1,11.7,4.6,11.7,0.2,87.9,88.3,100.0,2021-08-10T00:00:00.000,503645,506201,170,75,102,31,33,29,68,97,57,29,21,11,524,384,339,2021 Report Week 32
823571,511808,342013,042,042601,CBT,CHI,F30,-12818,-6403,4097,5242,-16627,3607,25498,567,-15946,1290,8158,-23206,-35192,-1675,1016,-24496,-31364,"T-NOTES, 1-2 YEAR",FINANCIAL INSTRUMENTS,"T-NOTES, 1-2 YEAR",Interest Rates - U.S. Treasury,18.8,29.8,27.5,40.5,15.6,24.6,22.7,34.1,UST 2Y NOTE,"(CONTRACTS OF $200,000 FACE VALUE)",51280,138098,13712,FutOnly,210810042601F,455739,662908,36717,2-YEAR U.S. TREASURY NOTES - CHICAGO BOARD OF TRADE,149008,137743,1964761,86104,115145,6617,41.9,26.0,17.4,2.6,7.0,0.7,23.2,33.7,1.9,7.6,7.0,4.4,5.9,0.3,92.4,93.0,100.0,2021-08-10T00:00:00.000,1815753,1827018,95,44,79,17,28,10,40,43,26,18,19,4,304,213,210,2021 Report Week 32
1512565,1420969,798898,043,043602,CBT,CHI,F30,8599,-49248,-945,-18129,31478,14818,-39359,-15569,12013,-6529,-8611,-8667,18905,5437,1960,-2138,-56,"T-NOTES, 6.5-10 YEAR",FINANCIAL INSTRUMENTS,"T-NOTES, 6.5-10 YEAR",Interest Rates - U.S. Treasury,21.0,20.4,29.8,27.0,13.7,13.0,21.6,17.5,UST 10Y NOTE,"(CONTRACTS OF $100,000 FACE VALUE)",171360,275559,47437,FutOnly,210817043602F,822013,542475,127995,10-YEAR U.S. TREASURY NOTES - CHICAGO BOARD OF TRADE,364476,575082,4067729,213002,269331,9983,37.2,34.9,19.6,4.2,6.8,1.2,20.2,13.3,3.1,9.0,14.1,5.2,6.6,0.2,91.0,85.9,100.0,2021-08-17T00:00:00.000,3703253,3492647,82,118,114,19,38,17,54,87,51,20,32,6,450,293,345,2021 Report Week 33
261174,79188,53759,138,13874+,CME,CHI,F20,468,3387,3605,1215,-1137,1234,-2088,-6511,6375,-1100,204,8190,-1888,665,369,9291,7987,S&P BROAD BASED STOCK INDICES,FINANCIAL INSTRUMENTS,S&P BROAD BASED STOCK INDICES,STOCK INDICES,11.9,20.8,20.7,30.2,11.2,19.0,17.7,25.1,S&P 500 Consolidated,(S&P 500 INDEX X $250.00),36039,144164,44294,FutOnly,21081713874+F,41888,74035,49294,S&P 500 Consolidated - CHICAGO MERCANTILE EXCHANGE,68439,67187,581375,24701,67668,1787,44.9,13.6,9.2,6.2,24.8,7.6,7.2,12.7,8.5,11.8,11.6,4.2,11.6,0.3,88.2,88.4,100.0,2021-08-17T00:00:00.000,512936,514188,165,79,102,33,34,30,69,93,59,30,23,11,526,388,340,2021 Report Week 33
793160,540997,345803,042,042601,CBT,CHI,F30,-30411,29189,3790,-5033,3021,6227,14727,-38679,6344,4075,2239,7710,13334,922,-5343,3635,5471,"T-NOTES, 1-2 YEAR",FINANCIAL INSTRUMENTS,"T-NOTES, 1-2 YEAR",Interest Rates - U.S. Treasury,18.7,30.7,27.3,41.0,15.4,25.1,22.6,34.3,UST 2Y NOTE,"(CONTRACTS OF $200,000 FACE VALUE)",46247,141119,19939,FutOnly,210817042601F,470466,624229,43061,2-YEAR U.S. TREASURY NOTES - CHICAGO BOARD OF TRADE,153083,139982,1972471,99438,116067,1274,40.2,27.4,17.5,2.3,7.2,1.0,23.9,31.6,2.2,7.8,7.1,5.0,5.9,0.1,92.2,92.9,100.0,2021-08-17T00:00:00.000,1819388,1832489,93,45,77,11,34,12,45,38,30,17,17,,300,209,212,2021 Report Week 33
1490032,1376296,828690,043,043602,CBT,CHI,F30,-22533,-44673,29792,14064,-23617,5491,-21402,44146,63163,21221,17939,107805,14821,12376,3188,86584,89866,"T-NOTES, 6.5-10 YEAR",FINANCIAL INSTRUMENTS,"T-NOTES, 6.5-10 YEAR",Interest Rates - U.S. Treasury,20.1,19.4,29.3,26.2,12.9,12.2,21.2,16.6,UST 10Y NOTE,"(CONTRACTS OF $100,000 FACE VALUE)",185424,251942,52928,FutOnly,210824043602F,800611,586621,191158,10-YEAR U.S. TREASURY NOTES - CHICAGO BOARD OF TRADE,385697,593021,4175534,227823,281707,13171,35.7,33.0,19.8,4.4,6.0,1.3,19.2,14.0,4.6,9.2,14.2,5.5,6.7,0.3,90.8,85.8,100.0,2021-08-24T00:00:00.000,3789837,3582513,85,115,117,20,42,23,55,88,59,18,33,6,456,307,354,2021 Report Week 34
257648,80491,51704,138,13874+,CME,CHI,F20,-3527,1303,-2055,2506,-3231,2687,3029,964,4104,5847,6337,10973,-1665,816,48,5126,4635,S&P BROAD BASED STOCK INDICES,FINANCIAL INSTRUMENTS,S&P BROAD BASED STOCK INDICES,STOCK INDICES,11.5,20.5,19.6,30.8,10.5,18.6,16.5,24.6,S&P 500 Consolidated,(S&P 500 INDEX X $250.00),38545,140932,46981,FutOnly,21082413874+F,44917,74999,53398,S&P 500 Consolidated - CHICAGO MERCANTILE EXCHANGE,74286,73525,592348,23036,68484,1835,43.5,13.6,8.7,6.5,23.8,7.9,7.6,12.7,9.0,12.5,12.4,3.9,11.6,0.3,87.5,87.6,100.0,2021-08-24T00:00:00.000,518062,518823,167,75,99,31,32,30,66,95,58,29,25,11,520,380,338,2021 Report Week 34
770211,518863,345137,042,042601,CBT,CHI,F30,-22949,-22134,-666,21024,-28437,10372,-32598,10339,91960,3519,6430,81282,-1093,1705,11713,77763,74852,"T-NOTES, 1-2 YEAR",FINANCIAL INSTRUMENTS,"T-NOTES, 1-2 YEAR",Interest Rates - U.S. Treasury,18.0,28.8,27.0,39.3,14.6,23.3,21.3,32.4,UST 2Y NOTE,"(CONTRACTS OF $200,000 FACE VALUE)",67271,112682,30311,FutOnly,210824042601F,437868,634568,135021,2-YEAR U.S. TREASURY NOTES - CHICAGO BOARD OF TRADE,156602,146412,2053753,98345,117772,12987,37.5,25.3,16.8,3.3,5.5,1.5,21.3,30.9,6.6,7.6,7.1,4.8,5.7,0.6,92.4,92.9,100.0,2021-08-24T00:00:00.000,1897151,1907341,90,42,75,14,32,18,49,45,38,20,16,6,309,226,220,2021 Report Week 34
755829,510091,328346,042,042601,CBT,CHI,F30,-14382,-8772,-16791,-12656,20826,-3641,48786,-309,-74197,-14155,-11879,-102340,-7293,434,-8011,-88185,-90461,"T-NOTES, 1-2 YEAR",FINANCIAL INSTRUMENTS,"T-NOTES, 1-2 YEAR",Interest Rates - U.S. Treasury,21.1,29.3,29.0,39.0,17.3,23.7,23.7,32.2,UST 2Y NOTE,"(CONTRACTS OF $200,000 FACE VALUE)",54615,133508,26670,FutOnly,210831042601F,486654,634259,60824,2-YEAR U.S. TREASURY NOTES - CHICAGO BOARD OF TRADE,142447,134533,1951413,91052,118206,4976,38.7,26.1,16.8,2.8,6.8,1.4,24.9,32.5,3.1,7.3,6.9,4.7,6.1,0.3,92.7,93.1,100.0,2021-08-31T00:00:00.000,1808966,1816880,91,46,75,14,30,16,42,45,28,19,18,,305,211,215,2021 Report Week 35
258921,76576,52496,138,13874+,CME,CHI,F20,1273,-3915,792,1346,4836,3188,-3568,-1702,1073,2238,1803,8945,2206,2473,398,6707,7143,S&P BROAD BASED STOCK INDICES,FINANCIAL INSTRUMENTS,S&P BROAD BASED STOCK INDICES,STOCK INDICES,11.6,20.5,19.9,30.7,10.3,18.5,16.2,24.5,S&P 500 Consolidated,(S&P 500 INDEX X $250.00),39891,145768,50168,FutOnly,21083113874+F,41349,73297,54470,S&P 500 Consolidated - CHICAGO MERCANTILE EXCHANGE,76524,75328,601293,25241,70957,2233,43.1,12.7,8.7,6.6,24.2,8.3,6.9,12.2,9.1,12.7,12.5,4.2,11.8,0.4,87.3,87.5,100.0,2021-08-31T00:00:00.000,524769,525965,167,75,100,32,34,30,59,98,58,32,23,15,520,382,341,2021 Report Week 35
1478799,1346863,784122,043,043602,CBT,CHI,F30,-11233,-29433,-44568,36391,-5570,-7733,-27452,-85217,-45718,-45231,-34753,-229077,-97712,9736,14179,-183846,-194324,"T-NOTES, 6.5-10 YEAR",FINANCIAL INSTRUMENTS,"T-NOTES, 6.5-10 YEAR",Interest Rates - U.S. Treasury,19.8,20.0,28.9,26.1,11.9,12.4,20.0,16.3,UST 10Y NOTE,"(CONTRACTS OF $100,000 FACE VALUE)",221815,246372,45195,FutOnly,210831043602F,773159,501404,145440,10-YEAR U.S. TREASURY NOTES - CHICAGO BOARD OF TRADE,340466,558268,3946457,130111,291443,27350,37.5,34.1,19.9,5.6,6.2,1.1,19.6,12.7,3.7,8.6,14.1,3.3,7.4,0.7,91.4,85.9,100.0,2021-08-31T00:00:00.000,3605991,3388189,79,121,114,22,36,23,60,85,42,16,32,6,451,290,346,2021 Report Week 35
258845,74384,54558,138,13874+,CME,CHI,F20,-76,-2192,2062,1954,6447,3175,2556,-1239,4076,-1544,-3280,9859,-1134,2020,-1209,11403,13139,S&P BROAD BASED STOCK INDICES,FINANCIAL INSTRUMENTS,S&P BROAD BASED STOCK INDICES,STOCK INDICES,11.4,20.4,19.3,30.5,10.1,18.5,16.4,24.3,S&P 500 Consolidated,(S&P 500 INDEX X $250.00),41844,152215,53343,FutOnly,21090713874+F,43905,72058,58546,S&P 500 Consolidated - CHICAGO MERCANTILE EXCHANGE,74980,72047,611152,24107,72976,1024,42.4,12.2,8.9,6.8,24.9,8.7,7.2,11.8,9.6,12.3,11.8,3.9,11.9,0.2,87.7,88.2,100.0,2021-09-07T00:00:00.000,536172,539105,165,76,105,31,35,33,68,92,62,32,27,12,526,390,348,2021 Report Week 36
1487545,1359428,781843,043,043602,CBT,CHI,F30,8746,12565,-2279,-16863,-30484,331,-58001,6123,-22587,4405,13161,-41621,61851,-1227,-17224,-46026,-54782,"T-NOTES, 6.5-10 YEAR",FINANCIAL INSTRUMENTS,"T-NOTES, 6.5-10 YEAR",Interest Rates - U.S. Treasury,20.1,20.2,29.5,26.3,12.0,12.5,20.1,16.4,UST 10Y NOTE,"(CONTRACTS OF $100,000 FACE VALUE)",204952,215888,45526,FutOnly,210907043602F,715158,507527,122853,10-YEAR U.S. TREASURY NOTES - CHICAGO BOARD OF TRADE,344871,571429,3904836,191962,290216,10126,38.1,34.8,20.0,5.2,5.5,1.2,18.3,13.0,3.1,8.8,14.6,4.9,7.4,0.3,91.2,85.4,100.0,2021-09-07T00:00:00.000,3559965,3333407,81,119,112,23,37,18,59,85,43,18,30,5,452,290,340,2021 Report Week 36
770427,501245,327336,042,042601,CBT,CHI,F30,14598,-8846,-1010,4206,-2587,-8846,-4684,31833,-11513,892,1302,-343,9729,3039,-3715,-1235,-1645,"T-NOTES, 1-2 YEAR",FINANCIAL INSTRUMENTS,"T-NOTES, 1-2 YEAR",Interest Rates - U.S. Treasury,20.8,29.5,29.3,39.1,17.1,24.1,23.6,32.6,UST 2Y NOTE,"(CONTRACTS OF $200,000 FACE VALUE)",58821,130921,17824,FutOnly,210907042601F,481970,666092,49311,2-YEAR U.S. TREASURY NOTES - CHICAGO BOARD OF TRADE,143339,135835,1951070,100781,121245,1261,39.5,25.7,16.8,3.0,6.7,0.9,24.7,34.1,2.5,7.3,7.0,5.2,6.2,0.1,92.7,93.0,100.0,2021-09-07T00:00:00.000,1807731,1815235,95,40,77,16,30,14,47,41,27,18,18,,305,218,207,2021 Report Week 36
789101,515285,324919,042,042601,CBT,CHI,F30,18674,14040,-2417,-17543,3394,3142,-19186,-30846,-10986,4217,-4508,-22484,687,4769,928,-26701,-17976,"T-NOTES, 1-2 YEAR",FINANCIAL INSTRUMENTS,"T-NOTES, 1-2 YEAR",Interest Rates - U.S. Treasury,21.0,30.8,30.3,41.0,17.4,25.8,24.7,34.6,UST 2Y NOTE,"(CONTRACTS OF $200,000 FACE VALUE)",41278,134315,20966,FutOnly,210914042601F,462784,635246,38325,2-YEAR U.S. TREASURY NOTES - CHICAGO BOARD OF TRADE,147556,131327,1928586,101468,126014,2189,40.9,26.7,16.8,2.1,7.0,1.1,24.0,32.9,2.0,7.7,6.8,5.3,6.5,0.1,92.3,93.2,100.0,2021-09-14T00:00:00.000,1781030,1797259,95,42,79,13,32,10,47,48,26,18,16,,311,213,215,2021 Report Week 37
248621,74916,72165,138,13874+,CME,CHI,F20,-10224,532,17607,-462,11,8188,1348,-7934,14336,12599,7637,44773,287,3301,1094,32174,37136,S&P BROAD BASED STOCK INDICES,FINANCIAL INSTRUMENTS,S&P BROAD BASED STOCK INDICES,STOCK INDICES,12.2,19.3,20.1,28.7,8.8,17.0,14.1,23.0,S&P 500 Consolidated,(S&P 500 INDEX X $250.00),41383,152226,61531,FutOnly,21091413874+F,45253,64125,72882,S&P 500 Consolidated - CHICAGO MERCANTILE EXCHANGE,87579,79685,655925,24394,76277,2118,37.9,11.4,11.0,6.3,23.2,9.4,6.9,9.8,11.1,13.4,12.1,3.7,11.6,0.3,86.6,87.9,100.0,2021-09-14T00:00:00.000,568346,576240,165,74,106,32,33,40,75,83,84,33,28,11,524,408,357,2021 Report Week 37
1456964,1396191,791320,043,043602,CBT,CHI,F30,-30581,36763,9477,3216,21172,-7447,71991,-13188,-22252,13589,8049,38074,497,5916,-416,24485,30025,"T-NOTES, 6.5-10 YEAR",FINANCIAL INSTRUMENTS,"T-NOTES, 6.5-10 YEAR",Interest Rates - U.S. Treasury,19.4,20.9,28.3,27.2,11.7,13.3,19.1,17.5,UST 10Y NOTE,"(CONTRACTS OF $100,000 FACE VALUE)",208168,237060,38079,FutOnly,210914043602F,787149,494339,100601,10-YEAR U.S. TREASURY NOTES - CHICAGO BOARD OF TRADE,358460,579478,3942910,192459,296132,9710,37.0,35.4,20.1,5.3,6.0,1.0,20.0,12.5,2.6,9.1,14.7,4.9,7.5,0.2,90.9,85.3,100.0,2021-09-14T00:00:00.000,3584450,3363432,83,123,117,15,42,16,65,85,40,14,35,6,462,288,353,2021 Report Week 37
1458078,1409497,788616,043,043602,CBT,CHI,F30,1114,13306,-2704,3785,-9478,3119,66591,3883,-858,-21031,-12668,-8608,-58558,-3142,-66,12423,4060,"T-NOTES, 6.5-10 YEAR",FINANCIAL INSTRUMENTS,"T-NOTES, 6.5-10 YEAR",Interest Rates - U.S. Treasury,19.7,21.1,29.0,28.0,11.9,14.1,20.1,18.4,UST 10Y NOTE,"(CONTRACTS OF $100,000 FACE VALUE)",211953,227582,41198,FutOnly,210921043602F,853740,498222,99743,10-YEAR U.S. TREASURY NOTES - CHICAGO BOARD OF TRADE,337429,566810,3934302,133901,292990,9644,37.1,35.8,20.0,5.4,5.8,1.0,21.7,12.7,2.5,8.6,14.4,3.4,7.4,0.2,91.4,85.6,100.0,2021-09-21T00:00:00.000,3596873,3367492,83,121,115,18,40,12,55,84,41,17,30,6,448,281,341,2021 Report Week 38
248087,76872,60000,138,13874+,CME,CHI,F20,-534,1956,-12165,-4435,-4406,-49249,-6313,-16,-64652,-30832,-34365,-165289,4384,-899,-1494,-134457,-130924,S&P BROAD BASED STOCK INDICES,FINANCIAL INSTRUMENTS,S&P BROAD BASED STOCK INDICES,STOCK INDICES,15.4,23.5,22.2,31.7,13.6,22.3,19.6,30.3,S&P 500 Consolidated,(S&P 500 INDEX X $250.00),36948,147820,12282,FutOnly,21092113874+F,38940,64109,8230,S&P 500 Consolidated - CHICAGO MERCANTILE EXCHANGE,56747,45320,490636,28778,75379,624,50.6,15.7,12.2,7.5,30.1,2.5,7.9,13.1,1.7,11.6,9.2,5.9,15.4,0.1,88.4,90.8,100.0,2021-09-21T00:00:00.000,433889,445317,163,80,104,29,32,19,68,84,49,37,30,8,523,372,331,2021 Report Week 38
774547,536575,320465,042,042601,CBT,CHI,F30,-14554,21290,-4454,1167,2694,3665,12047,-24692,-13457,3503,1962,-2760,9869,10778,-546,-6263,-4722,"T-NOTES, 1-2 YEAR",FINANCIAL INSTRUMENTS,"T-NOTES, 1-2 YEAR",Interest Rates - U.S. Treasury,21.0,30.8,29.8,40.8,17.5,26.5,24.3,35.2,UST 2Y NOTE,"(CONTRACTS OF $200,000 FACE VALUE)",42445,137009,24631,FutOnly,210921042601F,474831,610554,24868,2-YEAR U.S. TREASURY NOTES - CHICAGO BOARD OF TRADE,151059,133289,1925826,111337,136792,1643,40.2,27.9,16.6,2.2,7.1,1.3,24.7,31.7,1.3,7.8,6.9,5.8,7.1,0.1,92.2,93.1,100.0,2021-09-21T00:00:00.000,1774767,1792537,92,44,78,11,31,12,43,50,24,17,20,,308,205,220,2021 Report Week 38
1389618,1488527,810077,043,043602,CBT,CHI,F30,-68460,79030,21461,-4484,-48039,1798,96803,9018,36436,-21526,39008,120811,59655,-17029,-872,142337,81803,"T-NOTES, 6.5-10 YEAR",FINANCIAL INSTRUMENTS,"T-NOTES, 6.5-10 YEAR",Interest Rates - U.S. Treasury,19.3,20.3,28.9,28.4,12.2,13.6,21.4,18.9,UST 10Y NOTE,"(CONTRACTS OF $100,000 FACE VALUE)",207469,179543,42996,FutOnly,210928043602F,950543,507240,136179,10-YEAR U.S. TREASURY NOTES - CHICAGO BOARD OF TRADE,315903,605818,4055113,193556,275961,8772,34.3,36.7,20.0,5.1,4.4,1.1,23.4,12.5,3.4,7.8,14.9,4.8,6.8,0.2,92.2,85.1,100.0,2021-09-28T00:00:00.000,3739210,3449295,82,116,110,21,33,10,58,87,43,17,25,4,439,284,322,2021 Report Week 39
238327,74614,61818,138,13874+,CME,CHI,F20,-9760,-2258,1818,174,-781,2719,10501,-5923,187,-2567,3070,839,-2340,1898,108,3406,-2232,S&P BROAD BASED STOCK INDICES,FINANCIAL INSTRUMENTS,S&P BROAD BASED STOCK INDICES,STOCK INDICES,14.3,24.1,21.2,33.0,12.7,22.9,18.9,31.7,S&P 500 Consolidated,(S&P 500 INDEX X $250.00),37122,147039,15001,FutOnly,21092813874+F,49440,58186,8417,S&P 500 Consolidated - CHICAGO MERCANTILE EXCHANGE,54180,48390,491475,26437,77277,732,48.5,15.2,12.6,7.6,29.9,3.1,10.1,11.8,1.7,11.0,9.8,5.4,15.7,0.1,89.0,90.2,100.0,2021-09-28T00:00:00.000,437295,443085,162,77,100,33,29,20,67,87,52,34,29,9,518,373,326,2021 Report Week 39
682020,556844,328845,042,042601,CBT,CHI,F30,-92527,20269,8380,27326,-36256,-1330,-32684,-111224,28669,-9369,8862,-79394,-7893,3202,34,-70025,-88256,"T-NOTES, 1-2 YEAR",FINANCIAL INSTRUMENTS,"T-NOTES, 1-2 YEAR",Interest Rates - U.S. Treasury,18.0,31.3,26.4,40.9,14.0,25.6,20.8,33.6,UST 2Y NOTE,"(CONTRACTS OF $200,000 FACE VALUE)",69771,100753,23301,FutOnly,210928042601F,442147,499330,53537,2-YEAR U.S. TREASURY NOTES - CHICAGO BOARD OF TRADE,141690,142151,1846432,103444,139994,1677,36.9,30.2,17.8,3.8,5.5,1.3,23.9,27.0,2.9,7.7,7.7,5.6,7.6,0.1,92.3,92.3,100.0,2021-09-28T00:00:00.000,1704742,1704281,89,47,78,19,28,12,48,40,28,18,20,,309,219,210,2021 Report Week 39
1434196,1439474,827998,043,043602,CBT,CHI,F30,44578,-49053,17921,-19118,23476,-14394,82170,-12491,-23710,-26206,17922,8839,-50462,51108,-1940,35045,-9083,"T-NOTES, 6.5-10 YEAR",FINANCIAL INSTRUMENTS,"T-NOTES, 6.5-10 YEAR",Interest Rates - U.S. Treasury,21.4,19.8,31.8,28.2,14.5,12.9,24.1,19.0,UST 10Y NOTE,"(CONTRACTS OF $100,000 FACE VALUE)",188351,203019,28602,FutOnly,211005043602F,1032713,494749,112469,10-YEAR U.S. TREASURY NOTES - CHICAGO BOARD OF TRADE,289697,623740,4063952,143094,327069,6832,35.3,35.4,20.4,4.6,5.0,0.7,25.4,12.2,2.8,7.1,15.3,3.5,8.0,0.2,92.9,84.7,100.0,2021-10-05T00:00:00.000,3774255,3440212,80,118,115,20,36,8,54,83,43,16,25,4,432,270,332,2021 Report Week 40
238054,79117,60827,138,13874+,CME,CHI,F20,-273,4503,-992,1847,-1750,-1135,759,454,-1537,-1496,-530,-4004,-1179,-3020,2,-2508,-3474,S&P BROAD BASED STOCK INDICES,FINANCIAL INSTRUMENTS,S&P BROAD BASED STOCK INDICES,STOCK INDICES,13.8,25.4,20.9,34.9,12.2,23.8,18.3,32.4,S&P 500 Consolidated,(S&P 500 INDEX X $250.00),38969,145289,13866,FutOnly,21100513874+F,50199,58640,6881,S&P 500 Consolidated - CHICAGO MERCANTILE EXCHANGE,52684,47860,487471,25258,74257,734,48.8,16.2,12.5,8.0,29.8,2.8,10.3,12.0,1.4,10.8,9.8,5.2,15.2,0.2,89.2,90.2,100.0,2021-10-05T00:00:00.000,434787,439611,162,82,103,33,34,20,73,86,53,32,29,6,531,376,337,2021 Report Week 40
677147,554801,322398,042,042601,CBT,CHI,F30,-4873,-2043,-6447,-10457,-3357,4896,-33149,-53567,-6313,-5629,5123,-72958,-9780,-10044,-1206,-67329,-78081,"T-NOTES, 1-2 YEAR",FINANCIAL INSTRUMENTS,"T-NOTES, 1-2 YEAR",Interest Rates - U.S. Treasury,18.4,32.5,27.4,42.1,15.3,25.6,22.0,33.8,UST 2Y NOTE,"(CONTRACTS OF $200,000 FACE VALUE)",59314,97396,28197,FutOnly,211005042601F,408998,445763,47224,2-YEAR U.S. TREASURY NOTES - CHICAGO BOARD OF TRADE,136061,147274,1773474,93664,129950,471,38.2,31.3,18.2,3.3,5.5,1.6,23.1,25.1,2.7,7.7,8.3,5.3,7.3,0.0,92.3,91.7,100.0,2021-10-05T00:00:00.000,1637413,1626200,87,51,77,17,32,10,40,42,25,15,17,,301,202,214,2021 Report Week 40
1379450,1482359,846348,043,043602,CBT,CHI,F30,-54746,42885,18350,29005,11037,-1324,26277,-43464,10549,10989,-3854,38762,1644,6565,-1982,27773,42616,"T-NOTES, 6.5-10 YEAR",FINANCIAL INSTRUMENTS,"T-NOTES, 6.5-10 YEAR",Interest Rates - U.S. Treasury,22.3,20.0,32.6,28.2,15.5,13.4,25.1,19.4,UST 10Y NOTE,"(CONTRACTS OF $100,000 FACE VALUE)",217356,214056,27278,FutOnly,211012043602F,1058990,451285,123018,10-YEAR U.S. TREASURY NOTES - CHICAGO BOARD OF TRADE,300686,619886,4102714,144738,333634,4850,33.6,36.1,20.6,5.3,5.2,0.7,25.8,11.0,3.0,7.3,15.1,3.5,8.1,0.1,92.7,84.9,100.0,2021-10-12T00:00:00.000,3802028,3482828,75,119,109,23,38,9,55,84,45,16,25,,435,271,330,2021 Report Week 41
229000,81504,60676,138,13874+,CME,CHI,F20,-9054,2386,-150,669,-1642,-712,1214,-2885,-880,-191,-2244,-6838,1858,-1119,408,-6647,-4594,S&P BROAD BASED STOCK INDICES,FINANCIAL INSTRUMENTS,S&P BROAD BASED STOCK INDICES,STOCK INDICES,13.4,26.5,20.2,36.5,11.8,24.9,17.9,33.3,S&P 500 Consolidated,(S&P 500 INDEX X $250.00),39638,143647,13155,FutOnly,21101213874+F,51414,55755,6000,S&P 500 Consolidated - CHICAGO MERCANTILE EXCHANGE,52492,45615,480633,27116,73139,1142,47.6,17.0,12.6,8.2,29.9,2.7,10.7,11.6,1.2,10.9,9.5,5.6,15.2,0.2,89.1,90.5,100.0,2021-10-12T00:00:00.000,428140,435017,161,82,103,32,35,19,77,81,57,34,28,8,530,381,336,2021 Report Week 41
653774,597277,326340,042,042601,CBT,CHI,F30,-23373,42476,3942,37092,13930,-2860,40399,-46553,21927,-7321,1375,71796,943,36512,1047,79117,70421,"T-NOTES, 1-2 YEAR",FINANCIAL INSTRUMENTS,"T-NOTES, 1-2 YEAR",Interest Rates - U.S. Treasury,18.1,29.6,27.1,38.8,15.4,23.0,22.2,30.4,UST 2Y NOTE,"(CONTRACTS OF $200,000 FACE VALUE)",96406,111326,25337,FutOnly,211012042601F,449397,399210,69151,2-YEAR U.S. TREASURY NOTES - CHICAGO BOARD OF TRADE,128740,148649,1845270,94607,166462,1518,35.4,32.4,17.7,5.2,6.0,1.4,24.4,21.6,3.7,7.0,8.1,5.1,9.0,0.1,93.0,91.9,100.0,2021-10-12T00:00:00.000,1716530,1696621,87,56,79,18,37,10,48,38,31,15,18,,317,216,224,2021 Report Week 41
1426251,1499102,867465,043,043602,CBT,CHI,F30,46801,16743,21117,30898,-17736,-3735,-107778,-2026,10500,-5495,-5851,-7414,1158,-25546,-880,-1919,-1563,"T-NOTES, 6.5-10 YEAR",FINANCIAL INSTRUMENTS,"T-NOTES, 6.5-10 YEAR",Interest Rates - U.S. Treasury,22.3,20.0,32.4,27.5,15.1,12.5,24.0,17.9,UST 10Y NOTE,"(CONTRACTS OF $100,000 FACE VALUE)",248254,196320,23543,FutOnly,211019043602F,951212,449259,133518,10-YEAR U.S. TREASURY NOTES - CHICAGO BOARD OF TRADE,295191,614035,4095300,145896,308088,3970,34.8,36.6,21.2,6.1,4.8,0.6,23.2,11.0,3.3,7.2,15.0,3.6,7.5,0.1,92.8,85.0,100.0,2021-10-19T00:00:00.000,3800109,3481265,77,124,108,26,38,10,60,85,44,16,27,,453,283,335,2021 Report Week 42
234592,77130,59904,138,13874+,CME,CHI,F20,5592,-4373,-772,339,-13212,1443,-5772,8748,-326,-856,2489,-3315,-3148,2502,185,-2459,-5804,S&P BROAD BASED STOCK INDICES,FINANCIAL INSTRUMENTS,S&P BROAD BASED STOCK INDICES,STOCK INDICES,13.7,26.5,20.6,35.9,11.9,24.4,18.2,32.4,S&P 500 Consolidated,(S&P 500 INDEX X $250.00),39976,130435,14597,FutOnly,21101913874+F,45642,64503,5674,S&P 500 Consolidated - CHICAGO MERCANTILE EXCHANGE,51636,48105,477317,23968,75641,1327,49.1,16.2,12.6,8.4,27.3,3.1,9.6,13.5,1.2,10.8,10.1,5.0,15.8,0.3,89.2,89.9,100.0,2021-10-19T00:00:00.000,425682,429213,167,75,98,30,33,22,71,88,56,31,31,9,526,375,336,2021 Report Week 42
670320,687211,332274,042,042601,CBT,CHI,F30,16546,89934,5934,-7433,11315,-5848,125800,1456,7853,639,20376,146419,4190,16661,-1262,145780,126043,"T-NOTES, 1-2 YEAR",FINANCIAL INSTRUMENTS,"T-NOTES, 1-2 YEAR",Interest Rates - U.S. Treasury,19.8,28.1,27.8,38.3,16.8,23.0,23.0,31.6,UST 2Y NOTE,"(CONTRACTS OF $200,000 FACE VALUE)",88973,122641,19489,FutOnly,211019042601F,575197,400666,77004,2-YEAR U.S. TREASURY NOTES - CHICAGO BOARD OF TRADE,129379,169025,1991689,98797,183123,256,33.7,34.5,16.7,4.5,6.2,1.0,28.9,20.1,3.9,6.5,8.5,5.0,9.2,0.0,93.5,91.5,100.0,2021-10-19T00:00:00.000,1862310,1822664,83,55,80,17,31,10,49,34,33,15,21,,305,208,222,2021 Report Week 42
1467415,1378168,840195,043,043602,CBT,CHI,F30,41164,-120934,-27270,-14902,-21541,9426,-90676,86450,-19166,-7762,64,-95073,6937,-9278,7176,-87311,-95137,"T-NOTES, 6.5-10 YEAR",FINANCIAL INSTRUMENTS,"T-NOTES, 6.5-10 YEAR",Interest Rates - U.S. Treasury,22.4,19.4,32.5,26.0,15.2,11.6,24.1,16.2,UST 10Y NOTE,"(CONTRACTS OF $100,000 FACE VALUE)",233352,174779,32969,FutOnly,211026043602F,860536,535709,114352,10-YEAR U.S. TREASURY NOTES - CHICAGO BOARD OF TRADE,287429,614099,4000227,152833,298810,11146,36.7,34.5,21.0,5.8,4.4,0.8,21.5,13.4,2.9,7.2,15.4,3.8,7.5,0.3,92.8,84.6,100.0,2021-10-26T00:00:00.000,3712798,3386128,79,116,109,22,34,14,52,87,48,15,27,5,432,276,332,2021 Report Week 43
233225,73374,61911,138,13874+,CME,CHI,F20,-1367,-3756,2007,-1489,5856,-781,1152,-3535,2314,3319,840,3644,-948,1261,-563,325,2804,S&P BROAD BASED STOCK INDICES,FINANCIAL INSTRUMENTS,S&P BROAD BASED STOCK INDICES,STOCK INDICES,13.5,26.5,20.6,36.0,11.7,25.1,18.2,32.6,S&P 500 Consolidated,(S&P 500 INDEX X $250.00),38487,136291,13816,FutOnly,21102613874+F,46794,60969,7988,S&P 500 Consolidated - CHICAGO MERCANTILE EXCHANGE,54955,48945,480961,23020,76902,764,48.5,15.3,12.9,8.0,28.3,2.9,9.7,12.7,1.7,11.4,10.2,4.8,16.0,0.2,88.6,89.8,100.0,2021-10-26T00:00:00.000,426006,432016,166,72,105,31,34,22,71,93,58,31,34,9,533,381,346,2021 Report Week 43
634530,750561,364157,042,042601,CBT,CHI,F30,-35790,63350,31883,-20255,3002,-75,43046,-81276,21214,8980,11804,37390,-11872,-12771,259,28410,25586,"T-NOTES, 1-2 YEAR",FINANCIAL INSTRUMENTS,"T-NOTES, 1-2 YEAR",Interest Rates - U.S. Treasury,20.5,28.4,30.0,38.2,17.7,23.0,24.6,30.9,UST 2Y NOTE,"(CONTRACTS OF $200,000 FACE VALUE)",68718,125643,19414,FutOnly,211026042601F,618243,319390,98218,2-YEAR U.S. TREASURY NOTES - CHICAGO BOARD OF TRADE,138359,180829,2029079,86925,170352,515,31.3,37.0,17.9,3.4,6.2,1.0,30.5,15.7,4.8,6.8,8.9,4.3,8.4,0.0,93.2,91.1,100.0,2021-10-26T00:00:00.000,1890720,1848250,81,62,82,13,31,11,44,38,31,17,21,4,307,206,229,2021 Report Week 43
639119,813205,383112,042,042601,CBT,CHI,F30,4589,62644,18955,3580,26930,-1053,8297,-86492,-3620,-10730,-45,23454,2452,5151,984,34184,23499,"T-NOTES, 1-2 YEAR",FINANCIAL INSTRUMENTS,"T-NOTES, 1-2 YEAR",Interest Rates - U.S. Treasury,18.9,27.3,29.5,36.7,15.6,20.8,23.2,28.9,UST 2Y NOTE,"(CONTRACTS OF $200,000 FACE VALUE)",72298,152573,18361,FutOnly,211102042601F,626540,232898,94598,2-YEAR U.S. TREASURY NOTES - CHICAGO BOARD OF TRADE,127629,180784,2052533,89377,175503,1499,31.1,39.6,18.7,3.5,7.4,0.9,30.5,11.3,4.6,6.2,8.8,4.4,8.6,0.1,93.8,91.2,100.0,2021-11-02T00:00:00.000,1924904,1871749,81,65,77,13,34,10,44,40,30,16,24,,317,200,236,2021 Report Week 44
229398,76854,60146,138,13874+,CME,CHI,F20,-3828,3479,-1765,-3077,-3237,5626,5072,-1532,879,226,-1488,5425,2099,3269,195,5199,6913,S&P BROAD BASED STOCK INDICES,FINANCIAL INSTRUMENTS,S&P BROAD BASED STOCK INDICES,STOCK INDICES,13.1,26.0,20.1,35.3,11.3,24.2,18.1,31.8,S&P 500 Consolidated,(S&P 500 INDEX X $250.00),35410,133054,19442,FutOnly,21110213874+F,51865,59437,8867,S&P 500 Consolidated - CHICAGO MERCANTILE EXCHANGE,55181,47457,486386,25119,80171,959,47.2,15.8,12.4,7.3,27.4,4.0,10.7,12.2,1.8,11.3,9.8,5.2,16.5,0.2,88.7,90.2,100.0,2021-11-02T00:00:00.000,431206,438929,166,70,102,31,35,23,78,87,63,33,35,10,535,382,351,2021 Report Week 44
1545546,1328035,850685,043,043602,CBT,CHI,F30,78131,-50133,10490,3168,24480,9556,-118467,-36264,-3456,6663,17935,-26239,-10317,3160,-2007,-32902,-44174,"T-NOTES, 6.5-10 YEAR",FINANCIAL INSTRUMENTS,"T-NOTES, 6.5-10 YEAR",Interest Rates - U.S. Treasury,21.1,18.6,30.4,25.2,12.8,10.2,21.5,15.2,UST 10Y NOTE,"(CONTRACTS OF $100,000 FACE VALUE)",236520,199259,42525,FutOnly,211102043602F,742069,499445,110896,10-YEAR U.S. TREASURY NOTES - CHICAGO BOARD OF TRADE,294092,632034,3973988,142516,301970,9139,38.9,33.4,21.4,6.0,5.0,1.1,18.7,12.6,2.8,7.4,15.9,3.6,7.6,0.2,92.6,84.1,100.0,2021-11-02T00:00:00.000,3679896,3341954,79,114,107,21,41,16,56,82,60,16,30,5,439,285,342,2021 Report Week 44
228216,77703,61099,138,13874+,CME,CHI,F20,-1182,850,953,1114,-2403,923,1480,1304,-44,-593,-741,1175,-1030,781,-447,1767,1916,S&P BROAD BASED STOCK INDICES,FINANCIAL INSTRUMENTS,S&P BROAD BASED STOCK INDICES,STOCK INDICES,13.1,24.9,20.3,34.1,11.3,23.4,18.1,31.2,S&P 500 Consolidated,(S&P 500 INDEX X $250.00),36524,130651,20365,FutOnly,21110913874+F,53345,60741,8823,S&P 500 Consolidated - CHICAGO MERCANTILE EXCHANGE,54588,46715,487561,24089,80952,512,46.8,15.9,12.5,7.5,26.8,4.2,10.9,12.5,1.8,11.2,9.6,4.9,16.6,0.1,88.8,90.4,100.0,2021-11-09T00:00:00.000,432973,440845,164,74,104,33,34,26,77,89,61,28,37,10,537,383,355,2021 Report Week 45
1535479,1304469,841774,043,043602,CBT,CHI,F30,-10067,-23566,-8911,-24619,-29138,758,-45853,-19329,-323,9847,-23180,-90505,-11747,12774,410,-100352,-67325,"T-NOTES, 6.5-10 YEAR",FINANCIAL INSTRUMENTS,"T-NOTES, 6.5-10 YEAR",Interest Rates - U.S. Treasury,21.7,19.2,30.8,25.8,13.3,11.1,21.3,16.0,UST 10Y NOTE,"(CONTRACTS OF $100,000 FACE VALUE)",211901,170121,43283,FutOnly,211109043602F,696216,480116,110573,10-YEAR U.S. TREASURY NOTES - CHICAGO BOARD OF TRADE,303939,608854,3883483,130769,314744,9549,39.5,33.6,21.7,5.5,4.4,1.1,17.9,12.4,2.8,7.8,15.7,3.4,8.1,0.2,92.2,84.3,100.0,2021-11-09T00:00:00.000,3579544,3274629,79,117,107,19,41,13,58,78,61,13,32,5,437,284,339,2021 Report Week 45
631723,811402,385166,042,042601,CBT,CHI,F30,-7396,-1803,2054,-15181,10880,-3163,8963,-39717,-5867,-3156,-4735,-38770,-14993,3612,-31,-35614,-34035,"T-NOTES, 1-2 YEAR",FINANCIAL INSTRUMENTS,"T-NOTES, 1-2 YEAR",Interest Rates - U.S. Treasury,19.7,27.0,31.0,35.8,16.9,20.6,24.1,28.1,UST 2Y NOTE,"(CONTRACTS OF $200,000 FACE VALUE)",57117,163453,15198,FutOnly,211109042601F,635503,193181,88731,2-YEAR U.S. TREASURY NOTES - CHICAGO BOARD OF TRADE,124473,176049,2013763,74384,179115,1468,31.4,40.3,19.1,2.8,8.1,0.8,31.6,9.6,4.4,6.2,8.7,3.7,8.9,0.1,93.8,91.3,100.0,2021-11-09T00:00:00.000,1889290,1837714,82,68,80,9,34,11,46,43,31,17,27,,326,205,245,2021 Report Week 45
595347,777324,396029,042,042601,CBT,CHI,F30,-36376,-34078,10863,1897,12144,-783,30557,-7193,5891,-2821,3659,2599,-7754,10971,1125,5420,-1060,"T-NOTES, 1-2 YEAR",FINANCIAL INSTRUMENTS,"T-NOTES, 1-2 YEAR",Interest Rates - U.S. Treasury,20.8,25.9,32.3,34.9,18.0,19.5,24.6,27.4,UST 2Y NOTE,"(CONTRACTS OF $200,000 FACE VALUE)",59014,175597,14415,FutOnly,211116042601F,666060,185988,94622,2-YEAR U.S. TREASURY NOTES - CHICAGO BOARD OF TRADE,121652,179708,2016362,66630,190086,2593,29.5,38.6,19.6,2.9,8.7,0.7,33.0,9.2,4.7,6.0,8.9,3.3,9.4,0.1,94.0,91.1,100.0,2021-11-16T00:00:00.000,1894710,1836654,82,69,86,12,34,12,52,40,39,16,27,,332,214,257,2021 Report Week 46
230048,75121,61306,138,13874+,CME,CHI,F20,1832,-2582,207,672,3226,2900,-3586,-2329,954,47,84,3418,537,1102,-144,3371,3334,S&P BROAD BASED STOCK INDICES,FINANCIAL INSTRUMENTS,S&P BROAD BASED STOCK INDICES,STOCK INDICES,13.1,24.8,19.9,34.2,11.4,22.9,17.9,31.3,S&P 500 Consolidated,(S&P 500 INDEX X $250.00),37196,133877,23265,FutOnly,21111613874+F,49759,58411,9777,S&P 500 Consolidated - CHICAGO MERCANTILE EXCHANGE,54634,46800,490979,24626,82053,367,46.9,15.3,12.5,7.6,27.3,4.7,10.1,11.9,2.0,11.1,9.5,5.0,16.7,0.1,88.9,90.5,100.0,2021-11-16T00:00:00.000,436344,444179,163,76,106,32,36,28,78,87,65,32,32,10,536,391,354,2021 Report Week 46
1490284,1346305,870787,043,043602,CBT,CHI,F30,-45195,41836,29013,-11824,-7863,1502,95024,17367,13848,-10418,-10883,88909,17129,4259,-170,99327,99792,"T-NOTES, 6.5-10 YEAR",FINANCIAL INSTRUMENTS,"T-NOTES, 6.5-10 YEAR",Interest Rates - U.S. Treasury,21.3,18.8,31.3,25.5,13.2,11.1,21.9,16.0,UST 10Y NOTE,"(CONTRACTS OF $100,000 FACE VALUE)",200077,162258,44785,FutOnly,211116043602F,791240,497483,124421,10-YEAR U.S. TREASURY NOTES - CHICAGO BOARD OF TRADE,293521,597971,3972392,147898,319003,9379,37.5,33.9,21.9,5.0,4.1,1.1,19.9,12.5,3.1,7.4,15.1,3.7,8.0,0.2,92.6,84.9,100.0,2021-11-16T00:00:00.000,3678871,3374421,79,118,104,24,30,16,58,78,61,18,26,5,432,293,325,2021 Report Week 46
1469821,1334286,880293,043,043602,CBT,CHI,F30,-20463,-12019,9506,-35439,19432,14146,38083,-36244,98562,57102,55474,152494,-23402,-10762,14399,95392,97020,"T-NOTES, 6.5-10 YEAR",FINANCIAL INSTRUMENTS,"T-NOTES, 6.5-10 YEAR",Interest Rates - U.S. Treasury,21.8,18.5,31.5,24.8,14.1,11.1,22.3,15.5,UST 10Y NOTE,"(CONTRACTS OF $100,000 FACE VALUE)",164638,181690,58931,FutOnly,211123043602F,829323,461239,222983,10-YEAR U.S. TREASURY NOTES - CHICAGO BOARD OF TRADE,350623,653445,4124886,124496,308241,23778,35.6,32.3,21.3,4.0,4.4,1.4,20.1,11.2,5.4,8.5,15.8,3.0,7.5,0.6,91.5,84.2,100.0,2021-11-23T00:00:00.000,3774263,3471441,78,108,101,22,35,23,56,83,68,20,23,6,427,292,333,2021 Report Week 47
229643,75512,61360,138,13874+,CME,CHI,F20,-405,391,53,-1806,817,1843,1895,-6250,374,-108,2579,85,-1857,183,95,193,-2495,S&P BROAD BASED STOCK INDICES,FINANCIAL INSTRUMENTS,S&P BROAD BASED STOCK INDICES,STOCK INDICES,13.2,24.5,19.9,34.0,11.5,22.9,17.7,31.3,S&P 500 Consolidated,(S&P 500 INDEX X $250.00),35390,134694,25109,FutOnly,21112313874+F,51654,52161,10151,S&P 500 Consolidated - CHICAGO MERCANTILE EXCHANGE,54526,49379,491063,22769,82236,462,46.8,15.4,12.5,7.2,27.4,5.1,10.5,10.6,2.1,11.1,10.1,4.6,16.7,0.1,88.9,89.9,100.0,2021-11-23T00:00:00.000,436537,441684,158,78,105,30,37,32,81,79,70,29,32,7,524,387,351,2021 Report Week 47
560930,652709,395718,042,042601,CBT,CHI,F30,-34417,-124615,-311,-3065,14510,31406,-34638,27084,122711,17282,11145,116358,15329,32367,2061,99076,105213,"T-NOTES, 1-2 YEAR",FINANCIAL INSTRUMENTS,"T-NOTES, 1-2 YEAR",Interest Rates - U.S. Treasury,21.7,24.0,33.6,32.9,16.7,17.6,22.7,23.6,UST 2Y NOTE,"(CONTRACTS OF $200,000 FACE VALUE)",55949,190107,45821,FutOnly,211123042601F,631422,213072,217333,2-YEAR U.S. TREASURY NOTES - CHICAGO BOARD OF TRADE,138934,190853,2132720,81959,222453,4654,26.3,30.6,18.6,2.6,8.9,2.1,29.6,10.0,10.2,6.5,8.9,3.8,10.4,0.2,93.5,91.1,100.0,2021-11-23T00:00:00.000,1993786,1941867,77,67,85,15,30,17,45,45,38,14,28,,322,213,252,2021 Report Week 47
1525779,1307229,809306,043,043602,CBT,CHI,F30,55958,-27057,-70987,-40427,-20605,-9120,-99340,26554,-119623,-52681,-101236,-321761,15250,1104,-791,-269080,-220525,"T-NOTES, 6.5-10 YEAR",FINANCIAL INSTRUMENTS,"T-NOTES, 6.5-10 YEAR",Interest Rates - U.S. Treasury,23.3,20.0,33.0,26.4,15.1,12.2,24.0,17.2,UST 10Y NOTE,"(CONTRACTS OF $100,000 FACE VALUE)",124211,161085,49811,FutOnly,211130043602F,729983,487793,103360,10-YEAR U.S. TREASURY NOTES - CHICAGO BOARD OF TRADE,297942,552209,3803125,139746,309345,22987,40.1,34.4,21.3,3.3,4.2,1.3,19.2,12.8,2.7,7.8,14.5,3.7,8.1,0.6,92.2,85.5,100.0,2021-11-30T00:00:00.000,3505183,3250916,82,106,101,19,32,17,52,74,46,17,30,6,413,273,310,2021 Report Week 48
222129,85787,63666,138,13874+,CME,CHI,F20,-7514,10275,2306,1042,-2657,475,11960,-171,1179,952,3507,11079,620,-3894,59,10128,7572,S&P BROAD BASED STOCK INDICES,FINANCIAL INSTRUMENTS,S&P BROAD BASED STOCK INDICES,STOCK INDICES,13.1,23.4,19.8,32.6,11.6,22.2,17.7,29.5,S&P 500 Consolidated,(S&P 500 INDEX X $250.00),36432,132036,25584,FutOnly,21113013874+F,63614,51990,11330,S&P 500 Consolidated - CHICAGO MERCANTILE EXCHANGE,55478,52886,502143,23389,78342,521,44.2,17.1,12.7,7.3,26.3,5.1,12.7,10.4,2.3,11.0,10.5,4.7,15.6,0.1,89.0,89.5,100.0,2021-11-30T00:00:00.000,446665,449256,152,85,111,35,34,35,75,85,65,29,30,8,525,384,360,2021 Report Week 48
595407,611851,390077,042,042601,CBT,CHI,F30,34477,-40858,-5641,-3737,-40613,-34032,-150552,-57672,-144438,-13267,-14421,-343524,-27326,-6841,992,-330257,-329103,"T-NOTES, 1-2 YEAR",FINANCIAL INSTRUMENTS,"T-NOTES, 1-2 YEAR",Interest Rates - U.S. Treasury,20.4,26.0,29.9,34.0,14.8,18.0,20.6,24.8,UST 2Y NOTE,"(CONTRACTS OF $200,000 FACE VALUE)",52212,149494,11789,FutOnly,211130042601F,480870,155400,72895,2-YEAR U.S. TREASURY NOTES - CHICAGO BOARD OF TRADE,125667,176432,1789196,54633,215612,5646,33.3,34.2,21.8,2.9,8.4,0.7,26.9,8.7,4.1,7.0,9.9,3.1,12.1,0.3,93.0,90.1,100.0,2021-11-30T00:00:00.000,1663529,1612764,78,69,82,13,25,8,50,41,30,14,25,4,315,203,236,2021 Report Week 48
1543499,1369621,779282,043,043602,CBT,CHI,F30,17720,62392,-30024,46446,-25510,6554,-57143,-11241,12676,-11939,5713,-14763,2420,-33850,-1473,-2824,-20476,"T-NOTES, 6.5-10 YEAR",FINANCIAL INSTRUMENTS,"T-NOTES, 6.5-10 YEAR",Interest Rates - U.S. Treasury,23.4,20.5,32.4,27.2,15.6,13.4,23.8,18.4,UST 10Y NOTE,"(CONTRACTS OF $100,000 FACE VALUE)",170657,135575,56365,FutOnly,211207043602F,672840,476552,116036,10-YEAR U.S. TREASURY NOTES - CHICAGO BOARD OF TRADE,286003,557922,3788362,142166,275495,21514,40.7,36.2,20.6,4.5,3.6,1.5,17.8,12.6,3.1,7.5,14.7,3.8,7.3,0.6,92.5,85.3,100.0,2021-12-07T00:00:00.000,3502359,3230440,82,104,101,23,29,16,49,79,50,17,30,4,414,276,309,2021 Report Week 49
216969,87181,61159,138,13874+,CME,CHI,F20,-5160,1394,-2507,3067,322,8470,-6101,2141,1364,-2738,-3653,734,4283,-6853,56,3472,4387,S&P BROAD BASED STOCK INDICES,FINANCIAL INSTRUMENTS,S&P BROAD BASED STOCK INDICES,STOCK INDICES,12.9,24.6,19.1,33.7,10.8,22.0,15.8,29.0,S&P 500 Consolidated,(S&P 500 INDEX X $250.00),39499,132358,34054,FutOnly,21120713874+F,57513,54131,12694,S&P 500 Consolidated - CHICAGO MERCANTILE EXCHANGE,52740,49234,502877,27671,71488,577,43.1,17.3,12.2,7.9,26.3,6.8,11.4,10.8,2.5,10.5,9.8,5.5,14.2,0.1,89.5,90.2,100.0,2021-12-07T00:00:00.000,450137,453643,154,83,108,36,33,36,73,81,68,27,32,10,520,383,359,2021 Report Week 49
580764,636849,415167,042,042601,CBT,CHI,F30,-14643,24998,25090,6141,5439,-1398,44551,-5846,35992,3101,6698,98758,-163,7698,87,95657,92060,"T-NOTES, 1-2 YEAR",FINANCIAL INSTRUMENTS,"T-NOTES, 1-2 YEAR",Interest Rates - U.S. Treasury,18.1,24.4,28.8,32.1,13.3,15.7,19.5,22.3,UST 2Y NOTE,"(CONTRACTS OF $200,000 FACE VALUE)",58353,154933,10391,FutOnly,211207042601F,525421,149554,108887,2-YEAR U.S. TREASURY NOTES - CHICAGO BOARD OF TRADE,128768,183130,1887954,54470,223310,5733,30.8,33.7,22.0,3.1,8.2,0.6,27.8,7.9,5.8,6.8,9.7,2.9,11.8,0.3,93.2,90.3,100.0,2021-12-07T00:00:00.000,1759186,1704824,73,82,83,14,31,8,42,47,34,14,27,4,330,203,256,2021 Report Week 49
1516490,1334189,780724,043,043602,CBT,CHI,F30,-27009,-35432,1442,7193,21518,-14341,11864,32968,-12560,12282,-1326,-18777,2350,-11048,2,-31059,-17451,"T-NOTES, 6.5-10 YEAR",FINANCIAL INSTRUMENTS,"T-NOTES, 6.5-10 YEAR",Interest Rates - U.S. Treasury,23.3,20.8,32.4,27.4,15.2,13.1,23.8,18.0,UST 10Y NOTE,"(CONTRACTS OF $100,000 FACE VALUE)",177850,157093,42024,FutOnly,211214043602F,684704,509520,103476,10-YEAR U.S. TREASURY NOTES - CHICAGO BOARD OF TRADE,298285,556596,3769585,144516,264447,21516,40.2,35.4,20.7,4.7,4.2,1.1,18.2,13.5,2.7,7.9,14.8,3.8,7.0,0.6,92.1,85.2,100.0,2021-12-14T00:00:00.000,3471300,3212989,84,103,104,22,36,16,46,78,50,18,25,4,415,277,312,2021 Report Week 50
210547,93598,68482,138,13874+,CME,CHI,F20,-6422,6417,7323,3043,-5,274,4567,-988,23432,12344,8697,48050,697,109,2792,35706,39353,S&P BROAD BASED STOCK INDICES,FINANCIAL INSTRUMENTS,S&P BROAD BASED STOCK INDICES,STOCK INDICES,12.7,22.4,19.9,30.2,10.8,20.7,15.7,26.9,S&P 500 Consolidated,(S&P 500 INDEX X $250.00),42542,132353,34328,FutOnly,21121413874+F,62081,53143,36126,S&P 500 Consolidated - CHICAGO MERCANTILE EXCHANGE,65084,57931,550927,28368,71598,3369,38.2,17.0,12.4,7.7,24.0,6.2,11.3,9.6,6.6,11.8,10.5,5.1,13.0,0.6,88.2,89.5,100.0,2021-12-14T00:00:00.000,485843,492996,149,81,102,32,34,39,73,79,83,31,33,13,512,393,356,2021 Report Week 50
612878,666325,409603,042,042601,CBT,CHI,F30,32114,29476,-5564,-4962,-1475,599,72544,23811,-1723,-7992,9430,77188,-7864,22598,36,85180,67758,"T-NOTES, 1-2 YEAR",FINANCIAL INSTRUMENTS,"T-NOTES, 1-2 YEAR",Interest Rates - U.S. Treasury,17.6,24.0,29.5,31.3,15.3,15.6,22.5,21.8,UST 2Y NOTE,"(CONTRACTS OF $200,000 FACE VALUE)",53391,153458,10990,FutOnly,211214042601F,597965,173365,107164,2-YEAR U.S. TREASURY NOTES - CHICAGO BOARD OF TRADE,120776,192560,1965142,46606,245908,5769,31.2,33.9,20.8,2.7,7.8,0.6,30.4,8.8,5.5,6.1,9.8,2.4,12.5,0.3,93.9,90.2,100.0,2021-12-14T00:00:00.000,1844366,1772582,77,84,84,14,28,9,39,53,28,8,31,4,334,196,263,2021 Report Week 50
1559638,1339321,768455,043,043602,CBT,CHI,F30,43148,5132,-12269,9213,6386,-5113,-15501,48350,13191,3199,-21848,28682,-5463,-3424,-1723,25483,50530,"T-NOTES, 6.5-10 YEAR",FINANCIAL INSTRUMENTS,"T-NOTES, 6.5-10 YEAR",Interest Rates - U.S. Treasury,23.1,20.5,32.1,27.0,15.1,13.5,23.6,18.4,UST 10Y NOTE,"(CONTRACTS OF $100,000 FACE VALUE)",187063,163479,36911,FutOnly,211221043602F,669203,557870,116667,10-YEAR U.S. TREASURY NOTES - CHICAGO BOARD OF TRADE,301484,534748,3798267,139053,261023,19793,41.1,35.3,20.2,4.9,4.3,1.0,17.6,14.7,3.1,7.9,14.1,3.7,6.9,0.5,92.1,85.9,100.0,2021-12-21T00:00:00.000,3496783,3263519,90,104,106,22,37,13,46,84,52,19,21,4,425,283,317,2021 Report Week 51
217686,84022,55179,138,13874+,CME,CHI,F20,7139,-9576,-13303,-9332,-1885,-28948,-9654,1376,-29583,-11979,-12987,-98502,-72,-827,-2769,-86523,-85515,S&P BROAD BASED STOCK INDICES,FINANCIAL INSTRUMENTS,S&P BROAD BASED STOCK INDICES,STOCK INDICES,14.8,25.6,23.2,34.3,13.1,25.3,20.8,32.7,S&P 500 Consolidated,(S&P 500 INDEX X $250.00),33210,130468,5380,FutOnly,21122113874+F,52426,54519,6543,S&P 500 Consolidated - CHICAGO MERCANTILE EXCHANGE,53105,44944,452425,28297,70771,600,48.1,18.6,12.2,7.3,28.8,1.2,11.6,12.1,1.4,11.7,9.9,6.3,15.6,0.1,88.3,90.1,100.0,2021-12-21T00:00:00.000,399320,407481,153,75,100,30,29,17,72,69,51,34,27,5,489,348,314,2021 Report Week 51
645154,650944,400153,042,042601,CBT,CHI,F30,32276,-15381,-9450,-5365,24442,-1209,-24509,-2588,13978,2095,-722,4960,-6602,-7856,3746,2865,5682,"T-NOTES, 1-2 YEAR",FINANCIAL INSTRUMENTS,"T-NOTES, 1-2 YEAR",Interest Rates - U.S. Treasury,17.2,23.6,28.7,30.8,15.3,16.3,23.5,22.9,UST 2Y NOTE,"(CONTRACTS OF $200,000 FACE VALUE)",48026,177900,9781,FutOnly,211221042601F,573456,170777,121142,2-YEAR U.S. TREASURY NOTES - CHICAGO BOARD OF TRADE,122871,191838,1970102,40004,238052,9515,32.7,33.0,20.3,2.4,9.0,0.5,29.1,8.7,6.1,6.2,9.7,2.0,12.1,0.5,93.8,90.3,100.0,2021-12-21T00:00:00.000,1847231,1778264,81,78,81,13,37,8,42,47,30,7,29,4,334,194,263,2021 Report Week 51
1593764,1379451,762196,043,043602,CBT,CHI,F30,34126,40130,-6259,17844,-11020,-8113,-44345,27810,-697,-9568,2337,48115,64449,3249,678,57683,45778,"T-NOTES, 6.5-10 YEAR",FINANCIAL INSTRUMENTS,"T-NOTES, 6.5-10 YEAR",Interest Rates - U.S. Treasury,22.7,21.5,32.4,27.3,14.8,14.2,24.3,19.0,UST 10Y NOTE,"(CONTRACTS OF $100,000 FACE VALUE)",204907,152459,28798,FutOnly,211228043602F,624858,585680,115970,10-YEAR U.S. TREASURY NOTES - CHICAGO BOARD OF TRADE,291916,537085,3846382,203502,264272,20471,41.4,35.9,19.8,5.3,4.0,0.7,16.2,15.2,3.0,7.6,14.0,5.3,6.9,0.5,92.4,86.0,100.0,2021-12-28T00:00:00.000,3554466,3309297,91,104,105,19,35,12,37,84,48,19,22,4,412,270,311,2021 Report Week 52
223273,76055,55061,138,13874+,CME,CHI,F20,5588,-7967,-117,-466,-6807,1062,-1413,15948,20,-1172,93,5146,1698,2969,-53,6318,5053,S&P BROAD BASED STOCK INDICES,FINANCIAL INSTRUMENTS,S&P BROAD BASED STOCK INDICES,STOCK INDICES,14.4,24.8,22.2,32.8,12.7,24.3,20.0,31.2,S&P 500 Consolidated,(S&P 500 INDEX X $250.00),32744,123660,6442,FutOnly,21122813874+F,51013,70467,6563,S&P 500 Consolidated - CHICAGO MERCANTILE EXCHANGE,51933,45036,457570,29995,73740,546,48.8,16.6,12.0,7.2,27.0,1.4,11.1,15.4,1.4,11.3,9.8,6.6,16.1,0.1,88.7,90.2,100.0,2021-12-28T00:00:00.000,405638,412534,159,72,96,32,29,17,65,79,48,36,26,4,498,350,313,2021 Report Week 52
641164,659302,404970,042,042601,CBT,CHI,F30,-3990,8358,4817,3339,6461,2891,-5163,-12829,-6865,85,-6843,-3812,1131,255,-57,-3897,3031,"T-NOTES, 1-2 YEAR",FINANCIAL INSTRUMENTS,"T-NOTES, 1-2 YEAR",Interest Rates - U.S. Treasury,16.4,24.0,26.7,31.2,14.2,16.7,22.5,23.3,UST 2Y NOTE,"(CONTRACTS OF $200,000 FACE VALUE)",51365,184361,12672,FutOnly,211228042601F,568293,157948,114277,2-YEAR U.S. TREASURY NOTES - CHICAGO BOARD OF TRADE,122956,184995,1966290,41135,238307,9458,32.6,33.5,20.6,2.6,9.4,0.6,28.9,8.0,5.8,6.3,9.4,2.1,12.1,0.5,93.7,90.6,100.0,2021-12-28T00:00:00.000,1843334,1781295,80,79,82,15,36,8,47,44,29,8,27,4,337,204,256,2021 Report Week 52
