asset_mgr_positions_long,asset_mgr_positions_short,asset_mgr_positions_spread,cftc_commodity_code,cftc_contract_market_code,cftc_market_code,cftc_region_code,cftc_subgroup_code,change_in_asset_mgr_long,change_in_asset_mgr_short,change_in_asset_mgr_spread,change_in_dealer_long_all,change_in_dealer_short_all,change_in_dealer_spread_all,change_in_lev_money_long,change_in_lev_money_short,change_in_lev_money_spread,change_in_nonrept_long_all,change_in_nonrept_short_all,change_in_open_interest_all,change_in_other_rept_long,change_in_other_rept_short,change_in_other_rept_spread,change_in_tot_rept_long_all,change_in_tot_rept_short,commodity,commodity_group_name,commodity_name,commodity_subgroup_name,conc_gross_le_4_tdr_long,conc_gross_le_4_tdr_short,conc_gross_le_8_tdr_long,conc_gross_le_8_tdr_short,conc_net_le_4_tdr_long_all,conc_net_le_4_tdr_short_all,conc_net_le_8_tdr_long_all,conc_net_le_8_tdr_short_all,contract_market_name,contract_units,dealer_positions_long_all,dealer_positions_short_all,dealer_positions_spread_all,futonly_or_combined,id,lev_money_positions_long,lev_money_positions_short,lev_money_positions_spread,market_and_exchange_names,nonrept_positions_long_all,nonrept_positions_short_all,open_interest_all,other_rept_positions_long,other_rept_positions_short,other_rept_positions_spread,pct_of_oi_asset_mgr_long,pct_of_oi_asset_mgr_short,pct_of_oi_asset_mgr_spread,pct_of_oi_dealer_long_all,pct_of_oi_dealer_short_all,pct_of_oi_dealer_spread_all,pct_of_oi_lev_money_long,pct_of_oi_lev_money_short,pct_of_oi_lev_money_spread,pct_of_oi_nonrept_long_all,pct_of_oi_nonrept_short_all,pct_of_oi_other_rept_long,pct_of_oi_other_rept_short,pct_of_oi_other_rept_spread,pct_of_oi_tot_rept_long_all,pct_of_oi_tot_rept_short,pct_of_open_interest_all,report_date_as_yyyy_mm_dd,tot_rept_positions_long_all,tot_rept_positions_short,traders_asset_mgr_long_all,traders_asset_mgr_short_all,traders_asset_mgr_spread,traders_dealer_long_all,traders_dealer_short_all,traders_dealer_spread_all,traders_lev_money_long_all,traders_lev_money_short_all,traders_lev_money_spread,traders_other_rept_long_all,traders_other_rept_short,traders_other_rept_spread,traders_tot_all,traders_tot_rept_long_all,traders_tot_rept_short_all,yyyy_report_week_ww
1278133,386624,283787,042 ,042601,CBT ,CHI,F30,-23426,33823,-10990,-1300,2496,8998,-12130,-72086,5144,7648,18233,-15038,11509,-165,-491,-22686,-33271,"T-NOTES, 1-2 YEAR",FINANCIAL INSTRUMENTS,"T-NOTES, 1-2 YEAR",Interest Rates - U.S. Treasury,20.8,22.3,31.3,32.4,19.2,20.9,26.7,29.2,UST 2Y NOTE,"(CONTRACTS OF $200,000 FACE VALUE)",32897,222102,23280,FutOnly,230103042601F,148970,886868,91111,UST 2Y NOTE - CHICAGO BOARD OF TRADE,192701,196131,2219812,168861,129837,72,57.6,17.4,12.8,1.5,10.0,1.0,6.7,40.0,4.1,8.7,8.8,7.6,5.8,0.0,91.3,91.2,100.0,2023-01-03T00:00:00.000,2027111,2023681,108,57,87,12,38,10,37,62,25,21,21,,356,229,252,2023 Report Week 01
2035078,874882,767195,043 ,043602,CBT ,CHI,F30,35867,-7628,6871,16151,46019,-3470,4199,18942,7214,4955,19746,70177,1534,-14373,-3144,65222,50431,"T-NOTES, 6.5-10 YEAR",FINANCIAL INSTRUMENTS,"T-NOTES, 6.5-10 YEAR",Interest Rates - U.S. Treasury,24.0,20.1,35.1,29.2,19.3,16.8,27.5,22.7,UST 10Y NOTE,"(CONTRACTS OF $100,000 FACE VALUE)",109868,298822,36110,FutOnly,230103043602F,208101,1028715,109623,UST 10Y NOTE - CHICAGO BOARD OF TRADE,343068,426909,3851091,211223,278010,30825,52.8,22.7,19.9,2.9,7.8,0.9,5.4,26.7,2.8,8.9,11.1,5.5,7.2,0.8,91.1,88.9,100.0,2023-01-03T00:00:00.000,3508023,3424182,112,78,104,21,28,11,35,71,37,18,22,4,386,263,279,2023 Report Week 01
944237,507776,249732,138 ,13874A,CME ,CHI,F20,-10433,-615,5587,23235,-17085,1169,12510,41950,-8159,7977,2523,49686,16315,22831,1485,41709,47163,,,S&P BROAD BASED STOCK INDICES,,15.7,11.4,22.2,19.1,13.7,10.8,19.9,17.7,E-MINI S&P 500,($50 X S&P 500 INDEX),215840,331274,41755,FutOnly,23010313874AF,155431,431645,37247,E-MINI S&P 500 - CHICAGO MERCANTILE EXCHANGE,232853,232104,2010996,126447,172009,7454,47.0,25.2,12.4,10.7,16.5,2.1,7.7,21.5,1.9,11.6,11.5,6.3,8.6,0.4,88.4,88.5,100.0,2023-01-03T00:00:00.000,1778143,1778892,142,107,114,32,30,21,57,102,50,32,27,7,530,361,361,2023 Report Week 01
948612,485521,243259,138 ,13874A,CME ,CHI,F20,4375,-22255,-6473,26262,24938,415,-5154,33957,3001,4093,-5399,21570,-4683,-6348,-266,17477,26969,,,S&P BROAD BASED STOCK INDICES,,16.0,13.8,23.1,22.4,14.2,13.0,21.1,21.2,E-MINI S&P 500,($50 X S&P 500 INDEX),242102,356212,42170,FutOnly,23011013874AF,150277,465602,40248,E-MINI S&P 500 - CHICAGO MERCANTILE EXCHANGE,236946,226705,2032566,121764,165661,7188,46.7,23.9,12.0,11.9,17.5,2.1,7.4,22.9,2.0,11.7,11.2,6.0,8.2,0.4,88.3,88.8,100.0,2023-01-10T00:00:00.000,1795620,1805861,141,108,112,27,34,22,61,100,51,32,25,4,528,361,356,2023 Report Week 02
1235360,424907,321670,042 ,042601,CBT ,CHI,F30,-42773,38283,37883,6245,63841,-6946,161866,11912,-47355,6391,-618,100085,-15242,3069,16,93694,100703,"T-NOTES, 1-2 YEAR",FINANCIAL INSTRUMENTS,"T-NOTES, 1-2 YEAR",Interest Rates - U.S. Treasury,22.1,21.5,32.8,31.6,20.4,20.6,29.0,29.5,UST 2Y NOTE,"(CONTRACTS OF $200,000 FACE VALUE)",39142,285943,16334,FutOnly,230110042601F,310836,898780,43756,UST 2Y NOTE - CHICAGO BOARD OF TRADE,199092,195513,2319897,153619,132906,88,53.3,18.3,13.9,1.7,12.3,0.7,13.4,38.7,1.9,8.6,8.4,6.6,5.7,0.0,91.4,91.6,100.0,2023-01-10T00:00:00.000,2120805,2124384,110,57,85,14,38,10,42,58,25,23,20,,362,233,252,2023 Report Week 02
1984760,887938,809537,043 ,043602,CBT ,CHI,F30,-50318,13056,42342,27316,-19327,-4279,97601,10668,870,7562,817,43847,-76920,27,-327,36285,43030,"T-NOTES, 6.5-10 YEAR",FINANCIAL INSTRUMENTS,"T-NOTES, 6.5-10 YEAR",Interest Rates - U.S. Treasury,23.6,20.9,35.7,30.0,18.4,17.2,27.3,23.0,UST 10Y NOTE,"(CONTRACTS OF $100,000 FACE VALUE)",137184,279495,31831,FutOnly,230110043602F,305702,1039383,110493,UST 10Y NOTE - CHICAGO BOARD OF TRADE,350630,427726,3894938,134303,278037,30498,51.0,22.8,20.8,3.5,7.2,0.8,7.8,26.7,2.8,9.0,11.0,3.4,7.1,0.8,91.0,89.0,100.0,2023-01-10T00:00:00.000,3544308,3467212,112,77,101,21,23,10,37,72,39,20,23,5,386,263,278,2023 Report Week 02
1238277,448688,321767,042 ,042601,CBT ,CHI,F30,2917,23781,97,13682,598,1649,15333,-11200,447,4946,-2104,16070,-23001,2802,0,11124,18174,"T-NOTES, 1-2 YEAR",FINANCIAL INSTRUMENTS,"T-NOTES, 1-2 YEAR",Interest Rates - U.S. Treasury,24.2,20.0,34.2,31.0,22.6,19.6,29.2,28.9,UST 2Y NOTE,"(CONTRACTS OF $200,000 FACE VALUE)",52824,286541,17983,FutOnly,230117042601F,326169,887580,44203,UST 2Y NOTE - CHICAGO BOARD OF TRADE,204038,193409,2335967,130618,135708,88,53.0,19.2,13.8,2.3,12.3,0.8,14.0,38.0,1.9,8.7,8.3,5.6,5.8,0.0,91.3,91.7,100.0,2023-01-17T00:00:00.000,2131929,2142558,116,57,92,16,37,11,44,58,27,23,19,,370,250,253,2023 Report Week 03
2126402,865395,808019,043 ,043602,CBT ,CHI,F30,141642,-22543,-1518,-11970,13997,3802,-28122,127695,10689,9641,3343,123169,2769,-8532,-3764,113528,119826,"T-NOTES, 6.5-10 YEAR",FINANCIAL INSTRUMENTS,"T-NOTES, 6.5-10 YEAR",Interest Rates - U.S. Treasury,22.9,21.2,36.4,30.0,19.0,18.2,28.3,23.7,UST 10Y NOTE,"(CONTRACTS OF $100,000 FACE VALUE)",125214,293492,35633,FutOnly,230117043602F,277580,1167078,121182,UST 10Y NOTE - CHICAGO BOARD OF TRADE,360271,431069,4018107,137072,269505,26734,52.9,21.5,20.1,3.1,7.3,0.9,6.9,29.0,3.0,9.0,10.7,3.4,6.7,0.7,91.0,89.3,100.0,2023-01-17T00:00:00.000,3657836,3587038,118,77,107,23,24,9,37,75,41,20,23,5,398,275,285,2023 Report Week 03
973948,444676,242496,138 ,13874A,CME ,CHI,F20,25336,-40845,-763,22754,17974,-248,-9597,61321,-1919,-2081,12505,23906,-9958,-24501,382,25987,11401,,,S&P BROAD BASED STOCK INDICES,,16.6,14.5,23.6,23.0,14.9,13.8,21.9,22.0,E-MINI S&P 500,($50 X S&P 500 INDEX),264856,374186,41922,FutOnly,23011713874AF,140680,526923,38329,E-MINI S&P 500 - CHICAGO MERCANTILE EXCHANGE,234865,239210,2056472,111806,141160,7570,47.4,21.6,11.8,12.9,18.2,2.0,6.8,25.6,1.9,11.4,11.6,5.4,6.9,0.4,88.6,88.4,100.0,2023-01-17T00:00:00.000,1821607,1817262,150,100,109,29,35,24,61,97,51,35,27,7,534,373,352,2023 Report Week 03
957411,426159,242358,138 ,13874A,CME ,CHI,F20,-16537,-18517,-138,-25325,-11714,6182,476,-10594,3405,9257,-1314,-32035,-8932,1078,-423,-41292,-30721,,,S&P BROAD BASED STOCK INDICES,,15.8,15.9,22.4,24.3,14.1,15.1,20.4,22.8,E-MINI S&P 500,($50 X S&P 500 INDEX),239531,362472,48104,FutOnly,23012413874AF,141156,516329,41734,E-MINI S&P 500 - CHICAGO MERCANTILE EXCHANGE,244122,237896,2024437,102874,142238,7147,47.3,21.1,12.0,11.8,17.9,2.4,7.0,25.5,2.1,12.1,11.8,5.1,7.0,0.4,87.9,88.2,100.0,2023-01-24T00:00:00.000,1780315,1786541,145,103,113,28,35,26,64,98,57,32,28,8,533,373,364,2023 Report Week 04
1254427,456700,321866,042 ,042601,CBT ,CHI,F30,16150,8012,99,-231,21258,138,31569,40019,12972,3433,-8080,80648,15645,5357,873,77215,88728,"T-NOTES, 1-2 YEAR",FINANCIAL INSTRUMENTS,"T-NOTES, 1-2 YEAR",Interest Rates - U.S. Treasury,24.5,19.1,34.3,30.2,22.6,18.7,29.3,28.5,UST 2Y NOTE,"(CONTRACTS OF $200,000 FACE VALUE)",52593,307799,18121,FutOnly,230124042601F,357738,927599,57175,UST 2Y NOTE - CHICAGO BOARD OF TRADE,207471,185329,2416615,146263,141065,961,51.9,18.9,13.3,2.2,12.7,0.7,14.8,38.4,2.4,8.6,7.7,6.1,5.8,0.0,91.4,92.3,100.0,2023-01-24T00:00:00.000,2209144,2231286,115,61,91,15,40,12,47,56,31,24,21,4,379,260,257,2023 Report Week 04
2173026,979072,794369,043 ,043602,CBT ,CHI,F30,46624,113677,-13650,30637,-12074,-9058,37654,65232,-11562,-264,-14044,106274,26026,-12114,-133,106538,120318,"T-NOTES, 6.5-10 YEAR",FINANCIAL INSTRUMENTS,"T-NOTES, 6.5-10 YEAR",Interest Rates - U.S. Treasury,22.5,22.8,34.9,32.3,18.2,20.1,27.4,25.8,UST 10Y NOTE,"(CONTRACTS OF $100,000 FACE VALUE)",155851,281418,26575,FutOnly,230124043602F,315234,1232310,109620,UST 10Y NOTE - CHICAGO BOARD OF TRADE,360007,417025,4124381,163098,257391,26601,52.7,23.7,19.3,3.8,6.8,0.6,7.6,29.9,2.7,8.7,10.1,4.0,6.2,0.6,91.3,89.9,100.0,2023-01-24T00:00:00.000,3764374,3707356,116,80,110,25,23,12,37,73,47,19,22,5,396,282,288,2023 Report Week 04
949084,375133,256213,138 ,13874A,CME ,CHI,F20,-8327,-51026,13855,14596,32635,3300,3239,24328,-3070,1506,20261,36982,9738,-5446,2145,35476,16721,,,S&P BROAD BASED STOCK INDICES,,15.5,18.0,22.0,26.4,13.6,17.1,19.9,25.0,E-MINI S&P 500,($50 X S&P 500 INDEX),254127,395107,51404,FutOnly,23013113874AF,144395,540657,38664,E-MINI S&P 500 - CHICAGO MERCANTILE EXCHANGE,245628,258157,2061419,112612,136792,9292,46.0,18.2,12.4,12.3,19.2,2.5,7.0,26.2,1.9,11.9,12.5,5.5,6.6,0.5,88.1,87.5,100.0,2023-01-31T00:00:00.000,1815791,1803262,146,93,110,28,34,23,63,99,55,33,25,4,521,363,350,2023 Report Week 05
2102600,995943,822042,043 ,043602,CBT ,CHI,F30,-70426,16871,27673,1413,6613,-8488,24062,4786,18163,-10780,674,27472,66593,-18082,-20738,38252,26798,"T-NOTES, 6.5-10 YEAR",FINANCIAL INSTRUMENTS,"T-NOTES, 6.5-10 YEAR",Interest Rates - U.S. Treasury,22.5,22.0,35.5,31.1,18.6,19.4,28.2,25.2,UST 10Y NOTE,"(CONTRACTS OF $100,000 FACE VALUE)",157264,288031,18087,FutOnly,230131043602F,339296,1237096,127783,UST 10Y NOTE - CHICAGO BOARD OF TRADE,349227,417699,4151853,229691,239309,5863,50.6,24.0,19.8,3.8,6.9,0.4,8.2,29.8,3.1,8.4,10.1,5.5,5.8,0.1,91.6,89.9,100.0,2023-01-31T00:00:00.000,3802626,3734154,114,80,103,22,26,15,36,80,50,22,18,7,398,281,292,2023 Report Week 05
1276112,471652,323993,042 ,042601,CBT ,CHI,F30,21685,14952,2127,6958,-47496,9701,-48769,17627,8232,-8813,-10954,12088,20445,17377,522,20901,23042,"T-NOTES, 1-2 YEAR",FINANCIAL INSTRUMENTS,"T-NOTES, 1-2 YEAR",Interest Rates - U.S. Treasury,24.4,19.2,34.0,30.4,21.2,18.8,29.1,29.0,UST 2Y NOTE,"(CONTRACTS OF $200,000 FACE VALUE)",59551,260303,27822,FutOnly,230131042601F,308969,945226,65407,UST 2Y NOTE - CHICAGO BOARD OF TRADE,198658,174375,2428703,166708,158442,1483,52.5,19.4,13.3,2.5,10.7,1.1,12.7,38.9,2.7,8.2,7.2,6.9,6.5,0.1,91.8,92.8,100.0,2023-01-31T00:00:00.000,2230045,2254328,119,57,92,18,34,11,43,60,29,27,22,5,380,260,257,2023 Report Week 05
2068131,1056232,793846,043 ,043602,CBT ,CHI,F30,-34469,60289,-28196,27113,-19000,2795,-14942,59889,23363,-10488,-8869,70988,106604,-18491,-792,81476,79857,"T-NOTES, 6.5-10 YEAR",FINANCIAL INSTRUMENTS,"T-NOTES, 6.5-10 YEAR",Interest Rates - U.S. Treasury,22.7,20.5,35.9,29.7,18.8,17.7,28.6,24.0,UST 10Y NOTE,"(CONTRACTS OF $100,000 FACE VALUE)",184377,269031,20882,FutOnly,230207043602F,324354,1296985,151146,UST 10Y NOTE - CHICAGO BOARD OF TRADE,338739,408830,4222841,336295,220818,5071,49.0,25.0,18.8,4.4,6.4,0.5,7.7,30.7,3.6,8.0,9.7,8.0,5.2,0.1,92.0,90.3,100.0,2023-02-07T00:00:00.000,3884102,3814011,112,83,109,25,23,16,38,81,43,21,20,5,403,287,289,2023 Report Week 06
1310464,540282,313196,042 ,042601,CBT ,CHI,F30,34352,68630,-10797,14198,-30558,-1698,89564,166806,-17239,-3664,-25016,125295,20453,-24959,126,128959,150311,"T-NOTES, 1-2 YEAR",FINANCIAL INSTRUMENTS,"T-NOTES, 1-2 YEAR",Interest Rates - U.S. Treasury,25.4,20.9,34.9,33.5,22.9,20.7,30.4,31.7,UST 2Y NOTE,"(CONTRACTS OF $200,000 FACE VALUE)",73749,229745,26124,FutOnly,230207042601F,398533,1112032,48168,UST 2Y NOTE - CHICAGO BOARD OF TRADE,194994,149359,2553998,187161,133483,1609,51.3,21.2,12.3,2.9,9.0,1.0,15.6,43.5,1.9,7.6,5.8,7.3,5.2,0.1,92.4,94.2,100.0,2023-02-07T00:00:00.000,2359004,2404639,126,53,96,27,31,11,42,62,33,32,20,5,393,282,256,2023 Report Week 06
943852,380377,250924,138 ,13874A,CME ,CHI,F20,-5232,5244,-5289,17075,9188,-5172,-7368,-11304,5946,182,-15016,-8333,-5202,11343,-3273,-8515,6683,,,S&P BROAD BASED STOCK INDICES,,15.7,18.3,22.0,26.9,13.7,17.2,19.7,25.3,E-MINI S&P 500,($50 X S&P 500 INDEX),271202,404295,46232,FutOnly,23020713874AF,137027,529353,44610,E-MINI S&P 500 - CHICAGO MERCANTILE EXCHANGE,245810,243141,2053086,107410,148135,6019,46.0,18.5,12.2,13.2,19.7,2.3,6.7,25.8,2.2,12.0,11.8,5.2,7.2,0.3,88.0,88.2,100.0,2023-02-07T00:00:00.000,1807276,1809945,143,97,109,30,31,18,70,95,59,35,20,5,521,363,349,2023 Report Week 06
1366219,578019,296376,042 ,042601,CBT ,CHI,F30,55755,37737,-16820,-7093,23368,15574,74747,73716,25203,27424,29134,168197,-6589,-19711,-4,140773,139063,"T-NOTES, 1-2 YEAR",FINANCIAL INSTRUMENTS,"T-NOTES, 1-2 YEAR",Interest Rates - U.S. Treasury,27.9,23.1,36.9,35.8,25.4,22.3,32.6,33.6,UST 2Y NOTE,"(CONTRACTS OF $200,000 FACE VALUE)",66656,253113,41698,FutOnly,230214042601F,473280,1185748,73371,UST 2Y NOTE - CHICAGO BOARD OF TRADE,222418,178493,2722195,180572,113772,1605,50.2,21.2,10.9,2.4,9.3,1.5,17.4,43.6,2.7,8.2,6.6,6.6,4.2,0.1,91.8,93.4,100.0,2023-02-14T00:00:00.000,2499777,2543702,129,50,91,26,35,14,38,61,31,34,20,4,394,280,254,2023 Report Week 07
2104551,1080332,745856,043 ,043602,CBT ,CHI,F30,36420,24100,-47990,-29581,-12173,7009,-19706,-31929,33339,25183,53616,13683,6184,-15114,2825,-11500,-39933,"T-NOTES, 6.5-10 YEAR",FINANCIAL INSTRUMENTS,"T-NOTES, 6.5-10 YEAR",Interest Rates - U.S. Treasury,22.7,20.0,35.1,28.9,18.4,17.3,28.5,23.4,UST 10Y NOTE,"(CONTRACTS OF $100,000 FACE VALUE)",154796,256858,27891,FutOnly,230214043602F,304648,1265056,184485,UST 10Y NOTE - CHICAGO BOARD OF TRADE,363922,462446,4236524,342479,205704,7896,49.7,25.5,17.6,3.7,6.1,0.7,7.2,29.9,4.4,8.6,10.9,8.1,4.9,0.2,91.4,89.1,100.0,2023-02-14T00:00:00.000,3872602,3774078,114,79,108,23,30,20,41,88,48,24,22,6,421,297,306,2023 Report Week 07
957350,392416,242226,138 ,13874A,CME ,CHI,F20,13498,12039,-8698,17467,-22501,6004,-7978,13083,-766,12981,20331,23261,-8672,4344,-575,10280,2930,,,S&P BROAD BASED STOCK INDICES,,16.1,17.9,22.1,26.8,14.1,16.6,19.9,24.7,E-MINI S&P 500,($50 X S&P 500 INDEX),288669,381794,52236,FutOnly,23021413874AF,129049,542436,43844,E-MINI S&P 500 - CHICAGO MERCANTILE EXCHANGE,258791,263472,2076347,98738,152479,5444,46.1,18.9,11.7,13.9,18.4,2.5,6.2,26.1,2.1,12.5,12.7,4.8,7.3,0.3,87.5,87.3,100.0,2023-02-14T00:00:00.000,1817556,1812875,148,94,112,31,31,21,68,99,58,31,23,6,525,366,356,2023 Report Week 07
2064171,1120161,819588,043 ,043602,CBT ,CHI,F30,-40380,39829,73732,-19356,7071,7828,51841,-115574,17261,61852,53025,99110,-54005,15601,337,37258,46085,"T-NOTES, 6.5-10 YEAR",FINANCIAL INSTRUMENTS,"T-NOTES, 6.5-10 YEAR",Interest Rates - U.S. Treasury,21.9,18.5,34.1,28.0,17.8,15.7,27.0,21.6,UST 10Y NOTE,"(CONTRACTS OF $100,000 FACE VALUE)",135440,263929,35719,FutOnly,230221043602F,356489,1149482,201746,UST 10Y NOTE - CHICAGO BOARD OF TRADE,425774,515471,4335634,288474,221305,8233,47.6,25.8,18.9,3.1,6.1,0.8,8.2,26.5,4.7,9.8,11.9,6.7,5.1,0.2,90.2,88.1,100.0,2023-02-21T00:00:00.000,3909860,3820163,118,79,115,23,30,22,44,93,60,24,22,8,433,316,322,2023 Report Week 08
1360327,554244,304361,042 ,042601,CBT ,CHI,F30,-5892,-23775,7985,-1909,9820,14347,32036,-1104,23572,102601,110150,161858,-18561,13184,7679,59257,51708,"T-NOTES, 1-2 YEAR",FINANCIAL INSTRUMENTS,"T-NOTES, 1-2 YEAR",Interest Rates - U.S. Treasury,28.2,21.5,36.2,34.4,25.9,20.9,31.7,31.9,UST 2Y NOTE,"(CONTRACTS OF $200,000 FACE VALUE)",64747,262933,56045,FutOnly,230221042601F,505316,1184644,96943,UST 2Y NOTE - CHICAGO BOARD OF TRADE,325019,288643,2884053,162011,126956,9284,47.2,19.2,10.6,2.2,9.1,1.9,17.5,41.1,3.4,11.3,10.0,5.6,4.4,0.3,88.7,90.0,100.0,2023-02-21T00:00:00.000,2559034,2595410,130,45,92,23,36,17,43,61,37,29,24,6,391,280,263,2023 Report Week 08
957697,412608,239411,138 ,13874A,CME ,CHI,F20,347,20192,-2815,-5162,3435,-2017,14882,-43690,4331,-7137,-4956,-1861,-5840,22109,1550,5276,3095,,,S&P BROAD BASED STOCK INDICES,,16.2,16.0,22.4,24.2,14.4,15.0,20.6,21.9,E-MINI S&P 500,($50 X S&P 500 INDEX),283507,385229,50219,FutOnly,23022113874AF,143931,498746,48175,E-MINI S&P 500 - CHICAGO MERCANTILE EXCHANGE,251654,258516,2074486,92898,174588,6994,46.2,19.9,11.5,13.7,18.6,2.4,6.9,24.0,2.3,12.1,12.5,4.5,8.4,0.3,87.9,87.5,100.0,2023-02-21T00:00:00.000,1822832,1815970,145,95,113,29,31,18,62,112,61,29,25,8,528,361,367,2023 Report Week 08
1312746,558045,294363,042 ,042601,CBT ,CHI,F30,-47581,3801,-9998,-7017,15065,-47984,-31259,-102673,-8093,-113581,-92943,-239902,28935,6247,-3324,-126321,-146959,"T-NOTES, 1-2 YEAR",FINANCIAL INSTRUMENTS,"T-NOTES, 1-2 YEAR",Interest Rates - U.S. Treasury,28.9,22.7,37.3,35.6,26.1,21.5,32.8,33.3,UST 2Y NOTE,"(CONTRACTS OF $200,000 FACE VALUE)",57730,277998,8061,FutOnly,230228042601F,474057,1081971,88850,UST 2Y NOTE - CHICAGO BOARD OF TRADE,211438,195700,2644151,190946,133203,5960,49.6,21.1,11.1,2.2,10.5,0.3,17.9,40.9,3.4,8.0,7.4,7.2,5.0,0.2,92.0,92.6,100.0,2023-02-28T00:00:00.000,2432713,2448451,125,49,85,22,38,16,35,59,32,31,22,9,381,269,254,2023 Report Week 09
956015,457970,238128,138 ,13874A,CME ,CHI,F20,-1682,45362,-1283,18052,23717,-798,24510,-31387,1446,-2421,-8308,38673,-1264,7811,2113,41094,46981,,,S&P BROAD BASED STOCK INDICES,,15.9,17.7,22.9,24.9,13.9,16.0,20.8,22.3,E-MINI S&P 500,($50 X S&P 500 INDEX),301559,408946,49421,FutOnly,23022813874AF,168441,467359,49621,E-MINI S&P 500 - CHICAGO MERCANTILE EXCHANGE,249233,250208,2113159,91634,182399,9107,45.2,21.7,11.3,14.3,19.4,2.3,8.0,22.1,2.3,11.8,11.8,4.3,8.6,0.4,88.2,88.2,100.0,2023-02-28T00:00:00.000,1863926,1862951,138,98,110,28,31,20,73,100,73,31,31,10,531,375,369,2023 Report Week 09
2233215,1176253,759099,043 ,043602,CBT ,CHI,F30,169044,56092,-60489,-34881,5670,-16269,-3864,51792,-42170,-83968,-72813,-31151,45793,51383,-4347,52817,41662,"T-NOTES, 6.5-10 YEAR",FINANCIAL INSTRUMENTS,"T-NOTES, 6.5-10 YEAR",Interest Rates - U.S. Treasury,25.9,18.0,39.7,29.4,22.3,15.2,32.7,22.6,UST 10Y NOTE,"(CONTRACTS OF $100,000 FACE VALUE)",100559,269599,19450,FutOnly,230228043602F,352625,1201274,159576,UST 10Y NOTE - CHICAGO BOARD OF TRADE,341806,442658,4304483,334267,272688,3886,51.9,27.3,17.6,2.3,6.3,0.5,8.2,27.9,3.7,7.9,10.3,7.8,6.3,0.1,92.1,89.7,100.0,2023-02-28T00:00:00.000,3962677,3861825,112,80,107,15,32,19,38,98,44,23,23,5,421,279,317,2023 Report Week 09
959636,437632,245812,138 ,13874A,CME ,CHI,F20,3621,-20338,7684,4156,-27008,24515,-19465,-14193,13080,-15140,12080,20010,4995,27626,-3436,35150,7930,,,S&P BROAD BASED STOCK INDICES,,15.9,17.5,22.7,23.8,13.9,15.8,20.4,21.1,E-MINI S&P 500,($50 X S&P 500 INDEX),305715,381938,73936,FutOnly,23030713874AF,148976,453166,62701,E-MINI S&P 500 - CHICAGO MERCANTILE EXCHANGE,234093,262288,2133169,96629,210025,5671,45.0,20.5,11.5,14.3,17.9,3.5,7.0,21.2,2.9,11.0,12.3,4.5,9.8,0.3,89.0,87.7,100.0,2023-03-07T00:00:00.000,1899076,1870881,141,99,111,30,31,24,66,110,79,33,29,7,540,385,376,2023 Report Week 10
1331135,554013,299417,042 ,042601,CBT ,CHI,F30,18389,-4032,5054,2447,-38800,4727,-74859,-19848,-20752,-2039,-2807,-88883,-22448,-13023,598,-86844,-86076,"T-NOTES, 1-2 YEAR",FINANCIAL INSTRUMENTS,"T-NOTES, 1-2 YEAR",Interest Rates - U.S. Treasury,24.6,22.7,33.4,36.0,21.6,22.5,28.9,34.3,UST 2Y NOTE,"(CONTRACTS OF $200,000 FACE VALUE)",60177,239198,12788,FutOnly,230307042601F,399198,1062123,68098,UST 2Y NOTE - CHICAGO BOARD OF TRADE,209399,192893,2555268,168498,120180,6558,52.1,21.7,11.7,2.4,9.4,0.5,15.6,41.6,2.7,8.2,7.5,6.6,4.7,0.3,91.8,92.5,100.0,2023-03-07T00:00:00.000,2345869,2362375,129,49,88,22,32,11,43,63,31,35,22,6,395,279,252,2023 Report Week 10
2233166,1180992,778231,043 ,043602,CBT ,CHI,F30,-49,4739,19132,-19916,33448,-420,-13433,-17279,-17176,-12835,6569,-33909,10799,-62911,-11,-21074,-40478,"T-NOTES, 6.5-10 YEAR",FINANCIAL INSTRUMENTS,"T-NOTES, 6.5-10 YEAR",Interest Rates - U.S. Treasury,25.9,17.7,39.5,30.1,22.4,15.2,32.3,22.9,UST 10Y NOTE,"(CONTRACTS OF $100,000 FACE VALUE)",80643,303047,19030,FutOnly,230307043602F,339192,1183995,142400,UST 10Y NOTE - CHICAGO BOARD OF TRADE,328971,449227,4270574,345066,209777,3875,52.3,27.7,18.2,1.9,7.1,0.4,7.9,27.7,3.3,7.7,10.5,8.1,4.9,0.1,92.3,89.5,100.0,2023-03-07T00:00:00.000,3941603,3821347,113,79,104,15,33,13,42,92,43,28,21,5,423,281,307,2023 Report Week 10
1181550,534677,328017,042 ,042601,CBT ,CHI,F30,-149585,-19336,28600,2624,4841,3762,-29464,-255967,9376,-14594,-19058,-205318,-56487,42014,450,-190724,-186260,"T-NOTES, 1-2 YEAR",FINANCIAL INSTRUMENTS,"T-NOTES, 1-2 YEAR",Interest Rates - U.S. Treasury,29.2,22.7,39.1,34.6,26.6,22.0,33.9,32.4,UST 2Y NOTE,"(CONTRACTS OF $200,000 FACE VALUE)",62801,244039,16550,FutOnly,230314042601F,369734,806156,77474,UST 2Y NOTE - CHICAGO BOARD OF TRADE,194805,173835,2349950,112011,162194,7008,50.3,22.8,14.0,2.7,10.4,0.7,15.7,34.3,3.3,8.3,7.4,4.8,6.9,0.3,91.7,92.6,100.0,2023-03-14T00:00:00.000,2155145,2176115,114,56,91,18,36,13,40,58,32,27,28,6,378,256,264,2023 Report Week 11
2152595,1151589,761116,043 ,043602,CBT ,CHI,F30,-80571,-29403,-17115,20978,7385,959,34920,15951,-14672,9719,-40767,-67962,-25496,6384,3316,-77681,-27195,"T-NOTES, 6.5-10 YEAR",FINANCIAL INSTRUMENTS,"T-NOTES, 6.5-10 YEAR",Interest Rates - U.S. Treasury,26.0,19.4,38.5,30.8,22.3,15.9,31.3,24.3,UST 10Y NOTE,"(CONTRACTS OF $100,000 FACE VALUE)",101621,310432,19989,FutOnly,230314043602F,374112,1199946,127728,UST 10Y NOTE - CHICAGO BOARD OF TRADE,338690,408460,4202612,319570,216161,7191,51.2,27.4,18.1,2.4,7.4,0.5,8.9,28.6,3.0,8.1,9.7,7.6,5.1,0.2,91.9,90.3,100.0,2023-03-14T00:00:00.000,3863922,3794152,114,70,99,19,33,11,49,75,42,26,22,6,408,280,286,2023 Report Week 11
972082,480887,273402,138 ,13874A,CME ,CHI,F20,12446,43255,27590,-5043,-15346,183399,2717,-49204,104969,80738,115928,417815,-8371,-12146,19370,337077,301887,,,S&P BROAD BASED STOCK INDICES,,13.6,16.1,21.9,22.8,12.0,13.9,17.6,18.2,E-MINI S&P 500,($50 X S&P 500 INDEX),300672,366592,257335,FutOnly,23031413874AF,151693,403962,167670,E-MINI S&P 500 - CHICAGO MERCANTILE EXCHANGE,314831,378216,2550984,88258,197879,25041,38.1,18.9,10.7,11.8,14.4,10.1,5.9,15.8,6.6,12.3,14.8,3.5,7.8,1.0,87.7,85.2,100.0,2023-03-14T00:00:00.000,2236153,2172768,137,98,122,31,37,41,65,104,87,30,28,13,532,397,398,2023 Report Week 11
978935,502773,250947,138 ,13874A,CME ,CHI,F20,6853,21886,-22455,141383,-65998,-221119,-69948,139482,-122358,-109061,-108471,-401979,8148,-9524,-13422,-292918,-293508,,,S&P BROAD BASED STOCK INDICES,,17.8,20.0,26.8,27.7,16.7,18.7,25.0,26.2,E-MINI S&P 500,($50 X S&P 500 INDEX),442055,300594,36216,FutOnly,23032113874AF,81745,543444,45312,E-MINI S&P 500 - CHICAGO MERCANTILE EXCHANGE,205770,269745,2149005,96406,188355,11619,45.6,23.4,11.7,20.6,14.0,1.7,3.8,25.3,2.1,9.6,12.6,4.5,8.8,0.5,90.4,87.4,100.0,2023-03-21T00:00:00.000,1943235,1879260,143,100,114,30,31,17,57,114,57,30,25,8,532,352,376,2023 Report Week 12
1137468,500939,303597,042 ,042601,CBT ,CHI,F30,-44082,-33738,-24420,-16366,4887,-4390,100470,51941,-32512,-6509,-5640,-35286,-8136,7927,659,-28777,-29646,"T-NOTES, 1-2 YEAR",FINANCIAL INSTRUMENTS,"T-NOTES, 1-2 YEAR",Interest Rates - U.S. Treasury,30.3,25.3,40.4,40.5,28.0,24.7,35.2,38.4,UST 2Y NOTE,"(CONTRACTS OF $200,000 FACE VALUE)",46435,248926,12160,FutOnly,230321042601F,470204,858097,44962,UST 2Y NOTE - CHICAGO BOARD OF TRADE,188296,168195,2314664,103875,170121,7667,49.1,21.6,13.1,2.0,10.8,0.5,20.3,37.1,1.9,8.1,7.3,4.5,7.3,0.3,91.9,92.7,100.0,2023-03-21T00:00:00.000,2126368,2146469,111,52,86,15,37,11,44,53,26,22,33,7,367,241,256,2023 Report Week 12
2138188,1149180,744136,043 ,043602,CBT ,CHI,F30,-14407,-2409,-16980,26916,21189,-2226,-14535,55589,-26230,33861,-66871,-46848,-31032,-6695,-2215,-80709,20023,"T-NOTES, 6.5-10 YEAR",FINANCIAL INSTRUMENTS,"T-NOTES, 6.5-10 YEAR",Interest Rates - U.S. Treasury,26.8,20.0,39.5,32.0,23.1,15.9,32.2,26.0,UST 10Y NOTE,"(CONTRACTS OF $100,000 FACE VALUE)",128537,331621,17763,FutOnly,230321043602F,359577,1255535,101498,UST 10Y NOTE - CHICAGO BOARD OF TRADE,372551,341589,4155764,288538,209466,4976,51.5,27.7,17.9,3.1,8.0,0.4,8.7,30.2,2.4,9.0,8.2,6.9,5.0,0.1,91.0,91.8,100.0,2023-03-21T00:00:00.000,3783213,3814175,115,63,92,22,25,9,44,75,44,26,21,5,391,273,268,2023 Report Week 12
1192726,492313,288325,042 ,042601,CBT ,CHI,F30,55258,-8626,-15272,12657,28750,2758,-5302,72052,-26645,7756,6775,41654,10788,-17794,-344,33898,34879,"T-NOTES, 1-2 YEAR",FINANCIAL INSTRUMENTS,"T-NOTES, 1-2 YEAR",Interest Rates - U.S. Treasury,30.0,26.5,40.7,41.4,28.2,26.0,36.6,39.7,UST 2Y NOTE,"(CONTRACTS OF $200,000 FACE VALUE)",59092,277676,14918,FutOnly,230328042601F,464902,930149,18317,UST 2Y NOTE - CHICAGO BOARD OF TRADE,196052,174970,2356318,114663,152327,7323,50.6,20.9,12.2,2.5,11.8,0.6,19.7,39.5,0.8,8.3,7.4,4.9,6.5,0.3,91.7,92.6,100.0,2023-03-28T00:00:00.000,2160266,2181348,116,45,82,18,36,12,49,55,27,27,28,8,374,257,246,2023 Report Week 13
2154045,1234938,751158,043 ,043602,CBT ,CHI,F30,15857,85758,7022,-42117,-62581,-2418,-20216,-30065,-12151,7115,2996,-27847,19803,-15666,-742,-34962,-30843,"T-NOTES, 6.5-10 YEAR",FINANCIAL INSTRUMENTS,"T-NOTES, 6.5-10 YEAR",Interest Rates - U.S. Treasury,26.4,21.3,38.7,33.6,22.7,18.1,31.6,27.8,UST 10Y NOTE,"(CONTRACTS OF $100,000 FACE VALUE)",86420,269040,15345,FutOnly,230328043602F,339361,1225470,89347,UST 10Y NOTE - CHICAGO BOARD OF TRADE,379666,344585,4127917,308341,193800,4234,52.2,29.9,18.2,2.1,6.5,0.4,8.2,29.7,2.2,9.2,8.3,7.5,4.7,0.1,90.8,91.7,100.0,2023-03-28T00:00:00.000,3748251,3783332,117,64,97,17,29,11,47,65,43,28,17,4,385,280,260,2023 Report Week 13
950025,520869,246762,138 ,13874A,CME ,CHI,F20,-28910,18096,-4185,20581,-24190,994,5663,-5613,481,2749,-14904,-6773,-2490,24204,-1656,-9522,8131,,,S&P BROAD BASED STOCK INDICES,,16.5,20.5,25.9,28.3,15.4,19.2,24.1,26.7,E-MINI S&P 500,($50 X S&P 500 INDEX),462636,276404,37210,FutOnly,23032813874AF,87408,537831,45793,E-MINI S&P 500 - CHICAGO MERCANTILE EXCHANGE,208519,254841,2142232,93916,212559,9963,44.3,24.3,11.5,21.6,12.9,1.7,4.1,25.1,2.1,9.7,11.9,4.4,9.9,0.5,90.3,88.1,100.0,2023-03-28T00:00:00.000,1933713,1887391,140,103,115,29,31,18,57,100,53,27,33,7,522,346,369,2023 Report Week 13
932491,440912,239516,138 ,13874A,CME ,CHI,F20,-17534,-79957,-7246,15823,26712,4665,5108,120497,4972,92443,6134,77280,-26344,-3890,5393,-15163,71146,,,S&P BROAD BASED STOCK INDICES,,16.3,23.2,25.5,31.7,15.1,21.8,23.9,30.0,E-MINI S&P 500,($50 X S&P 500 INDEX),478459,303116,41875,FutOnly,23040413874AF,92516,658328,50765,E-MINI S&P 500 - CHICAGO MERCANTILE EXCHANGE,300962,260975,2219512,67572,208669,15356,42.0,19.9,10.8,21.6,13.7,1.9,4.2,29.7,2.3,13.6,11.8,3.0,9.4,0.7,86.4,88.2,100.0,2023-04-04T00:00:00.000,1918550,1958537,139,99,113,33,28,19,57,107,58,32,31,10,527,354,373,2023 Report Week 14
1199696,512568,291496,042 ,042601,CBT ,CHI,F30,6970,20255,3171,-7457,-8016,-2023,-29864,-8216,11876,-1838,359,-4636,16390,-20181,-1861,-2798,-4995,"T-NOTES, 1-2 YEAR",FINANCIAL INSTRUMENTS,"T-NOTES, 1-2 YEAR",Interest Rates - U.S. Treasury,29.1,27.1,39.5,42.6,27.1,26.5,35.4,40.8,UST 2Y NOTE,"(CONTRACTS OF $200,000 FACE VALUE)",51635,269660,12895,FutOnly,230404042601F,435038,921933,30193,UST 2Y NOTE - CHICAGO BOARD OF TRADE,194214,175329,2351682,131053,132146,5462,51.0,21.8,12.4,2.2,11.5,0.5,18.5,39.2,1.3,8.3,7.5,5.6,5.6,0.2,91.7,92.5,100.0,2023-04-04T00:00:00.000,2157468,2176353,120,48,84,18,40,10,43,51,31,29,25,6,374,257,248,2023 Report Week 14
2235701,1195554,739626,043 ,043602,CBT ,CHI,F30,81656,-39384,-11532,23831,34641,-398,22776,81734,2832,-5633,26776,135278,21357,40220,389,140911,108502,"T-NOTES, 6.5-10 YEAR",FINANCIAL INSTRUMENTS,"T-NOTES, 6.5-10 YEAR",Interest Rates - U.S. Treasury,26.0,21.6,38.7,33.5,22.4,18.7,31.8,27.6,UST 10Y NOTE,"(CONTRACTS OF $100,000 FACE VALUE)",110251,303681,14947,FutOnly,230404043602F,362137,1307204,92179,UST 10Y NOTE - CHICAGO BOARD OF TRADE,374033,371361,4263195,329698,234020,4623,52.4,28.0,17.3,2.6,7.1,0.4,8.5,30.7,2.2,8.8,8.7,7.7,5.5,0.1,91.2,91.3,100.0,2023-04-04T00:00:00.000,3889162,3891834,118,62,96,20,28,10,48,61,39,27,18,4,383,280,252,2023 Report Week 14
973635,438455,242482,138 ,13874A,CME ,CHI,F20,41144,-2457,2966,-90,10519,1963,26564,-8330,5789,-73709,678,28957,29264,22763,-4934,102666,28279,,,S&P BROAD BASED STOCK INDICES,,15.8,23.4,24.9,31.8,14.7,22.0,23.5,30.0,E-MINI S&P 500,($50 X S&P 500 INDEX),478369,313635,43838,FutOnly,23041113874AF,119080,649998,56554,E-MINI S&P 500 - CHICAGO MERCANTILE EXCHANGE,227253,261653,2248469,96836,231432,10422,43.3,19.5,10.8,21.3,13.9,1.9,5.3,28.9,2.5,10.1,11.6,4.3,10.3,0.5,89.9,88.4,100.0,2023-04-11T00:00:00.000,2021216,1986816,145,97,117,33,31,17,62,101,61,31,31,8,533,367,369,2023 Report Week 15
2226650,1184372,740166,043 ,043602,CBT ,CHI,F30,-9051,-11182,540,32236,-14466,2566,-36780,119034,-4098,-2780,-16484,12098,29225,-64052,240,14878,28582,"T-NOTES, 6.5-10 YEAR",FINANCIAL INSTRUMENTS,"T-NOTES, 6.5-10 YEAR",Interest Rates - U.S. Treasury,25.9,21.8,38.6,34.2,22.4,18.9,31.8,28.5,UST 10Y NOTE,"(CONTRACTS OF $100,000 FACE VALUE)",142487,289215,17513,FutOnly,230411043602F,325357,1426238,88081,UST 10Y NOTE - CHICAGO BOARD OF TRADE,371253,354877,4275293,358923,169968,4863,52.1,27.7,17.3,3.3,6.8,0.4,7.6,33.4,2.1,8.7,8.3,8.4,4.0,0.1,91.3,91.7,100.0,2023-04-11T00:00:00.000,3904040,3920416,115,64,96,20,28,10,43,69,44,30,17,4,387,280,261,2023 Report Week 15
1213011,490579,326754,042 ,042601,CBT ,CHI,F30,13315,-21989,35258,-2251,8896,1333,39168,133953,-11853,11458,-6085,180287,92870,39785,989,168829,186372,"T-NOTES, 1-2 YEAR",FINANCIAL INSTRUMENTS,"T-NOTES, 1-2 YEAR",Interest Rates - U.S. Treasury,28.4,26.3,39.6,43.0,26.7,25.8,36.3,41.1,UST 2Y NOTE,"(CONTRACTS OF $200,000 FACE VALUE)",49384,278556,14228,FutOnly,230411042601F,474206,1055886,18340,UST 2Y NOTE - CHICAGO BOARD OF TRADE,205672,169244,2531969,223923,171931,6451,47.9,19.4,12.9,2.0,11.0,0.6,18.7,41.7,0.7,8.1,6.7,8.8,6.8,0.3,91.9,93.3,100.0,2023-04-11T00:00:00.000,2326297,2362725,118,50,89,19,39,10,39,60,30,33,23,6,381,259,257,2023 Report Week 15
2229269,1180691,734709,043 ,043602,CBT ,CHI,F30,2619,-3681,-5457,37409,9293,-4332,-3817,130363,5924,24702,-263,118266,61824,-12975,-606,93564,118529,"T-NOTES, 6.5-10 YEAR",FINANCIAL INSTRUMENTS,"T-NOTES, 6.5-10 YEAR",Interest Rates - U.S. Treasury,25.1,22.3,38.1,34.0,22.2,19.7,31.9,28.3,UST 10Y NOTE,"(CONTRACTS OF $100,000 FACE VALUE)",179896,298508,13181,FutOnly,230418043602F,321540,1556601,94005,UST 10Y NOTE - CHICAGO BOARD OF TRADE,395955,354614,4393559,420747,156993,4257,50.7,26.9,16.7,4.1,6.8,0.3,7.3,35.4,2.1,9.0,8.1,9.6,3.6,0.1,91.0,91.9,100.0,2023-04-18T00:00:00.000,3997604,4038945,114,65,96,22,27,10,50,70,45,32,15,4,396,285,266,2023 Report Week 16
1256279,456618,331695,042 ,042601,CBT ,CHI,F30,43268,-33961,4941,4776,4322,2911,32062,128559,-2941,16118,-1810,110345,2604,1718,6606,94227,112155,"T-NOTES, 1-2 YEAR",FINANCIAL INSTRUMENTS,"T-NOTES, 1-2 YEAR",Interest Rates - U.S. Treasury,28.5,25.5,39.3,42.9,27.0,25.1,36.2,41.8,UST 2Y NOTE,"(CONTRACTS OF $200,000 FACE VALUE)",54160,282878,17139,FutOnly,230418042601F,506268,1184445,15399,UST 2Y NOTE - CHICAGO BOARD OF TRADE,221790,167434,2642314,226527,173649,13057,47.5,17.3,12.6,2.0,10.7,0.6,19.2,44.8,0.6,8.4,6.3,8.6,6.6,0.5,91.6,93.7,100.0,2023-04-18T00:00:00.000,2420524,2474880,124,50,90,20,35,12,39,58,24,36,21,5,383,264,250,2023 Report Week 16
1026352,434887,237632,138 ,13874A,CME ,CHI,F20,52717,-3568,-4850,-33073,7873,6559,523,16901,4099,14398,-4429,29852,-9949,7839,-572,15454,34281,,,S&P BROAD BASED STOCK INDICES,,15.3,22.6,24.3,30.6,14.3,20.9,22.8,28.3,E-MINI S&P 500,($50 X S&P 500 INDEX),445296,321508,50397,FutOnly,23041813874AF,119603,666899,60653,E-MINI S&P 500 - CHICAGO MERCANTILE EXCHANGE,241651,257224,2278321,86887,239271,9850,45.0,19.1,10.4,19.5,14.1,2.2,5.2,29.3,2.7,10.6,11.3,3.8,10.5,0.4,89.4,88.7,100.0,2023-04-18T00:00:00.000,2036670,2021097,151,101,111,31,35,17,61,106,60,26,31,10,542,365,375,2023 Report Week 16
2252012,1109545,747415,043 ,043602,CBT ,CHI,F30,22743,-71146,12706,-1143,28013,8078,-29014,-34967,24670,4813,-8891,-31337,-83680,710,9490,-36150,-22446,"T-NOTES, 6.5-10 YEAR",FINANCIAL INSTRUMENTS,"T-NOTES, 6.5-10 YEAR",Interest Rates - U.S. Treasury,25.5,22.8,38.3,33.9,22.5,19.9,31.2,28.2,UST 10Y NOTE,"(CONTRACTS OF $100,000 FACE VALUE)",178753,326521,21259,FutOnly,230425043602F,292526,1521634,118675,UST 10Y NOTE - CHICAGO BOARD OF TRADE,400768,345723,4362222,337067,157703,13747,51.6,25.4,17.1,4.1,7.5,0.5,6.7,34.9,2.7,9.2,7.9,7.7,3.6,0.3,90.8,92.1,100.0,2023-04-25T00:00:00.000,3961454,4016499,118,60,99,18,29,12,48,69,49,27,17,7,386,285,268,2023 Report Week 17
1029554,445080,235140,138 ,13874A,CME ,CHI,F20,3202,10193,-2492,-36626,28685,1536,22839,-49391,776,-1412,6388,-12527,1632,-6240,-1982,-11115,-18915,,,S&P BROAD BASED STOCK INDICES,,15.4,20.2,24.0,28.4,14.2,18.3,22.6,26.1,E-MINI S&P 500,($50 X S&P 500 INDEX),408670,350193,51933,FutOnly,23042513874AF,142442,617508,61429,E-MINI S&P 500 - CHICAGO MERCANTILE EXCHANGE,240239,263612,2265794,88519,233031,7868,45.4,19.6,10.4,18.0,15.5,2.3,6.3,27.3,2.7,10.6,11.6,3.9,10.3,0.3,89.4,88.4,100.0,2023-04-25T00:00:00.000,2025555,2002182,151,99,112,32,36,15,62,103,59,30,28,10,542,368,370,2023 Report Week 17
1232410,419792,349202,042 ,042601,CBT ,CHI,F30,-23869,-36826,17507,6116,17882,2932,28851,73410,9841,-115,-5309,77127,35659,-2515,205,77242,82436,"T-NOTES, 1-2 YEAR",FINANCIAL INSTRUMENTS,"T-NOTES, 1-2 YEAR",Interest Rates - U.S. Treasury,27.9,25.5,38.4,42.4,26.5,25.4,35.8,41.6,UST 2Y NOTE,"(CONTRACTS OF $200,000 FACE VALUE)",60276,300760,20071,FutOnly,230425042601F,535119,1257855,25240,UST 2Y NOTE - CHICAGO BOARD OF TRADE,221675,162125,2719441,262186,171134,13262,45.3,15.4,12.8,2.2,11.1,0.7,19.7,46.3,0.9,8.2,6.0,9.6,6.3,0.5,91.8,94.0,100.0,2023-04-25T00:00:00.000,2497766,2557316,128,48,90,19,30,10,46,53,29,41,20,5,385,279,240,2023 Report Week 17
1024702,431620,231722,138 ,13874A,CME ,CHI,F20,-4852,-13460,-3418,24121,2891,8544,-7463,-14665,-3564,3361,5844,10389,-3636,30921,-2704,7028,4545,,,S&P BROAD BASED STOCK INDICES,,15.2,21.1,24.5,30.0,14.3,18.7,23.0,27.0,E-MINI S&P 500,($50 X S&P 500 INDEX),432791,353084,60477,FutOnly,23050213874AF,134979,602843,57865,E-MINI S&P 500 - CHICAGO MERCANTILE EXCHANGE,243600,269456,2276183,84883,263952,5164,45.0,19.0,10.2,19.0,15.5,2.7,5.9,26.5,2.5,10.7,11.8,3.7,11.6,0.2,89.3,88.2,100.0,2023-05-02T00:00:00.000,2032583,2006727,149,100,114,37,33,22,60,104,59,24,35,12,545,363,389,2023 Report Week 18
1264637,375561,356904,042 ,042601,CBT ,CHI,F30,32227,-44231,7702,-757,-25720,8245,-9557,88236,2434,19,-725,38536,-5147,-775,3370,38517,39261,"T-NOTES, 1-2 YEAR",FINANCIAL INSTRUMENTS,"T-NOTES, 1-2 YEAR",Interest Rates - U.S. Treasury,27.2,27.0,37.9,42.7,25.5,26.9,35.0,41.1,UST 2Y NOTE,"(CONTRACTS OF $200,000 FACE VALUE)",59519,275040,28316,FutOnly,230502042601F,525562,1346091,27674,UST 2Y NOTE - CHICAGO BOARD OF TRADE,221694,161400,2757977,257039,170359,16632,45.9,13.6,12.9,2.2,10.0,1.0,19.1,48.8,1.0,8.0,5.9,9.3,6.2,0.6,92.0,94.1,100.0,2023-05-02T00:00:00.000,2536283,2596577,130,48,90,15,30,9,53,53,30,37,21,6,387,276,246,2023 Report Week 18
2275993,1047958,737131,043 ,043602,CBT ,CHI,F30,23981,-61587,-10284,-25878,-10452,6654,23390,119837,-3419,20375,14220,34451,9611,-10539,-9979,14076,20231,"T-NOTES, 6.5-10 YEAR",FINANCIAL INSTRUMENTS,"T-NOTES, 6.5-10 YEAR",Interest Rates - U.S. Treasury,25.5,22.6,38.6,34.0,22.9,20.0,31.7,28.4,UST 10Y NOTE,"(CONTRACTS OF $100,000 FACE VALUE)",152875,316069,27913,FutOnly,230502043602F,315916,1641471,115256,UST 10Y NOTE - CHICAGO BOARD OF TRADE,421143,359943,4396673,346678,147164,3768,51.8,23.8,16.8,3.5,7.2,0.6,7.2,37.3,2.6,9.6,8.2,7.9,3.3,0.1,90.4,91.8,100.0,2023-05-02T00:00:00.000,3975530,4036730,114,62,99,19,27,14,53,69,53,28,12,4,384,293,261,2023 Report Week 18
1305574,409758,390082,042 ,042601,CBT ,CHI,F30,40937,34197,33178,10911,28473,-8922,114872,173757,2648,-44,-8344,249315,60488,-919,-4753,249359,257659,"T-NOTES, 1-2 YEAR",FINANCIAL INSTRUMENTS,"T-NOTES, 1-2 YEAR",Interest Rates - U.S. Treasury,29.0,27.9,41.1,42.5,28.4,27.2,38.1,41.1,UST 2Y NOTE,"(CONTRACTS OF $200,000 FACE VALUE)",70430,303513,19394,FutOnly,230509042601F,640434,1519848,30322,UST 2Y NOTE - CHICAGO BOARD OF TRADE,221650,153056,3007292,317527,169440,11879,43.4,13.6,13.0,2.3,10.1,0.6,21.3,50.5,1.0,7.4,5.1,10.6,5.6,0.4,92.6,94.9,100.0,2023-05-09T00:00:00.000,2785642,2854236,131,49,92,22,36,11,45,59,30,42,22,6,406,288,257,2023 Report Week 19
2353618,1090864,714181,043 ,043602,CBT ,CHI,F30,77625,42906,-22950,-9638,21268,742,-25690,61182,27640,4284,-24619,113345,60514,6358,818,109061,137964,"T-NOTES, 6.5-10 YEAR",FINANCIAL INSTRUMENTS,"T-NOTES, 6.5-10 YEAR",Interest Rates - U.S. Treasury,25.0,22.1,37.8,34.4,22.6,19.8,31.1,28.9,UST 10Y NOTE,"(CONTRACTS OF $100,000 FACE VALUE)",143237,337337,28655,FutOnly,230509043602F,290226,1702653,142896,UST 10Y NOTE - CHICAGO BOARD OF TRADE,425427,335324,4510018,407192,153522,4586,52.2,24.2,15.8,3.2,7.5,0.6,6.4,37.8,3.2,9.4,7.4,9.0,3.4,0.1,90.6,92.6,100.0,2023-05-09T00:00:00.000,4084591,4174694,121,64,100,19,30,14,48,72,58,29,15,5,398,294,281,2023 Report Week 19
1022048,425230,234247,138 ,13874A,CME ,CHI,F20,-2654,-6390,2525,4031,-12503,2606,3566,49005,4150,1969,-2023,20076,-1895,-23072,5778,18107,22099,,,S&P BROAD BASED STOCK INDICES,,15.0,22.1,24.6,30.8,14.3,19.6,23.1,27.7,E-MINI S&P 500,($50 X S&P 500 INDEX),436822,340581,63083,FutOnly,23050913874AF,138545,651848,62015,E-MINI S&P 500 - CHICAGO MERCANTILE EXCHANGE,245569,267433,2296259,82988,240880,10942,44.5,18.5,10.2,19.0,14.8,2.7,6.0,28.4,2.7,10.7,11.6,3.6,10.5,0.5,89.3,88.4,100.0,2023-05-09T00:00:00.000,2050690,2028826,149,92,109,36,33,22,59,108,57,23,31,12,533,354,379,2023 Report Week 19
1044159,431121,231135,138 ,13874A,CME ,CHI,F20,22111,5891,-3112,6588,20635,2831,-10911,-22938,-4812,-1962,3111,10039,3338,12465,-4032,12001,6928,,,S&P BROAD BASED STOCK INDICES,,15.3,22.2,24.4,31.2,14.4,19.7,23.0,27.9,E-MINI S&P 500,($50 X S&P 500 INDEX),443410,361216,65914,FutOnly,23051613874AF,127634,628910,57203,E-MINI S&P 500 - CHICAGO MERCANTILE EXCHANGE,243607,270544,2306298,86326,253345,6910,45.3,18.7,10.0,19.2,15.7,2.9,5.5,27.3,2.5,10.6,11.7,3.7,11.0,0.3,89.4,88.3,100.0,2023-05-16T00:00:00.000,2062691,2035754,151,91,111,36,32,21,56,106,56,23,35,12,533,353,380,2023 Report Week 20
1363629,410407,416193,042 ,042601,CBT ,CHI,F30,58055,649,26111,9208,-46715,5459,20619,178815,13408,6153,-6437,157009,18467,-13810,-471,150856,163446,"T-NOTES, 1-2 YEAR",FINANCIAL INSTRUMENTS,"T-NOTES, 1-2 YEAR",Interest Rates - U.S. Treasury,28.8,30.1,40.2,45.0,28.2,29.0,37.6,43.5,UST 2Y NOTE,"(CONTRACTS OF $200,000 FACE VALUE)",79638,256798,24853,FutOnly,230516042601F,661053,1698663,43730,UST 2Y NOTE - CHICAGO BOARD OF TRADE,227803,146619,3164301,335994,155630,11408,43.1,13.0,13.2,2.5,8.1,0.8,20.9,53.7,1.4,7.2,4.6,10.6,4.9,0.4,92.8,95.4,100.0,2023-05-16T00:00:00.000,2936498,3017682,133,48,93,22,33,17,44,58,36,43,20,7,401,300,254,2023 Report Week 20
2374599,1149778,749590,043 ,043602,CBT ,CHI,F30,20981,58914,35409,10479,9861,-1352,61034,72070,33423,29529,-2107,208081,18446,1731,132,178552,210188,"T-NOTES, 6.5-10 YEAR",FINANCIAL INSTRUMENTS,"T-NOTES, 6.5-10 YEAR",Interest Rates - U.S. Treasury,24.2,23.4,36.6,36.7,21.8,20.7,30.2,30.2,UST 10Y NOTE,"(CONTRACTS OF $100,000 FACE VALUE)",153716,347198,27303,FutOnly,230516043602F,351260,1774723,176319,UST 10Y NOTE - CHICAGO BOARD OF TRADE,454956,333217,4718099,425638,155253,4718,50.3,24.4,15.9,3.3,7.4,0.6,7.4,37.6,3.7,9.6,7.1,9.0,3.3,0.1,90.4,92.9,100.0,2023-05-16T00:00:00.000,4263143,4384882,128,58,100,21,28,16,50,66,56,32,15,5,398,305,270,2023 Report Week 20
1386394,391028,409807,042 ,042601,CBT ,CHI,F30,22765,-19379,-6386,6261,26448,6950,43622,58495,35146,16886,8239,102309,-28095,-12364,5160,85423,94070,"T-NOTES, 1-2 YEAR",FINANCIAL INSTRUMENTS,"T-NOTES, 1-2 YEAR",Interest Rates - U.S. Treasury,29.0,31.0,38.5,45.6,28.0,30.1,36.1,44.1,UST 2Y NOTE,"(CONTRACTS OF $200,000 FACE VALUE)",85899,283246,31803,FutOnly,230523042601F,704675,1757158,78876,UST 2Y NOTE - CHICAGO BOARD OF TRADE,244689,154858,3266610,307899,143266,16568,42.4,12.0,12.5,2.6,8.7,1.0,21.6,53.8,2.4,7.5,4.7,9.4,4.4,0.5,92.5,95.3,100.0,2023-05-23T00:00:00.000,3021921,3111752,127,44,90,25,32,16,48,57,49,40,16,9,389,304,249,2023 Report Week 21
2462988,1138570,767363,043 ,043602,CBT ,CHI,F30,88389,-11208,17773,7352,11586,-156,-23083,31788,77827,-422,32081,184189,-6330,1659,22839,184611,152108,"T-NOTES, 6.5-10 YEAR",FINANCIAL INSTRUMENTS,"T-NOTES, 6.5-10 YEAR",Interest Rates - U.S. Treasury,25.8,21.4,38.4,35.2,23.6,19.9,31.6,29.1,UST 10Y NOTE,"(CONTRACTS OF $100,000 FACE VALUE)",161068,358784,27147,FutOnly,230523043602F,328177,1806511,254146,UST 10Y NOTE - CHICAGO BOARD OF TRADE,454534,365298,4902288,419308,156912,27557,50.2,23.2,15.7,3.3,7.3,0.6,6.7,36.9,5.2,9.3,7.5,8.6,3.2,0.6,90.7,92.5,100.0,2023-05-23T00:00:00.000,4447754,4536990,122,55,96,23,29,23,50,70,56,37,14,13,401,319,270,2023 Report Week 21
1050328,422716,220961,138 ,13874A,CME ,CHI,F20,6169,-8405,-10174,48280,75927,-6019,37252,53877,-4147,5119,-4003,79638,2873,-17703,285,74519,83641,,,S&P BROAD BASED STOCK INDICES,,16.2,21.5,26.4,31.0,15.4,19.7,25.0,28.7,E-MINI S&P 500,($50 X S&P 500 INDEX),491690,437143,59895,FutOnly,23052313874AF,164886,682787,53056,E-MINI S&P 500 - CHICAGO MERCANTILE EXCHANGE,248726,266541,2385936,89199,235642,7195,44.0,17.7,9.3,20.6,18.3,2.5,6.9,28.6,2.2,10.4,11.2,3.7,9.9,0.3,89.6,88.8,100.0,2023-05-23T00:00:00.000,2137210,2119395,159,84,112,34,38,22,60,105,65,23,33,14,539,365,387,2023 Report Week 21
1391456,381477,322504,042 ,042601,CBT ,CHI,F30,5062,-9551,-87303,1248,-15220,-9934,50546,60751,-36853,-11136,-6059,-103734,-13303,2496,-2061,-92598,-97675,"T-NOTES, 1-2 YEAR",FINANCIAL INSTRUMENTS,"T-NOTES, 1-2 YEAR",Interest Rates - U.S. Treasury,33.3,34.6,41.5,49.8,30.7,34.0,38.0,49.1,UST 2Y NOTE,"(CONTRACTS OF $200,000 FACE VALUE)",87147,268026,21869,FutOnly,230530042601F,755221,1817909,42023,UST 2Y NOTE - CHICAGO BOARD OF TRADE,233553,148799,3162876,294596,145762,14507,44.0,12.1,10.2,2.8,8.5,0.7,23.9,57.5,1.3,7.4,4.7,9.3,4.6,0.5,92.6,95.3,100.0,2023-05-30T00:00:00.000,2929323,3014077,135,42,87,22,29,14,37,54,29,37,14,6,370,284,222,2023 Report Week 22
2453753,1150335,733506,043 ,043602,CBT ,CHI,F30,-9235,11765,-33857,4255,8802,83,-37904,-38292,-89539,-37408,-40058,-174015,52847,30338,-23257,-136607,-133957,"T-NOTES, 6.5-10 YEAR",FINANCIAL INSTRUMENTS,"T-NOTES, 6.5-10 YEAR",Interest Rates - U.S. Treasury,26.8,21.2,40.6,34.1,25.6,19.2,34.0,28.5,UST 10Y NOTE,"(CONTRACTS OF $100,000 FACE VALUE)",165323,367586,27230,FutOnly,230530043602F,290273,1768219,164607,UST 10Y NOTE - CHICAGO BOARD OF TRADE,417126,325240,4728273,472155,187250,4300,51.9,24.3,15.5,3.5,7.8,0.6,6.1,37.4,3.5,8.8,6.9,10.0,4.0,0.1,91.2,93.1,100.0,2023-05-30T00:00:00.000,4311147,4403033,121,64,96,22,28,19,48,70,48,36,13,8,402,305,268,2023 Report Week 22
1044448,416552,229464,138 ,13874A,CME ,CHI,F20,-5880,-6164,8503,75383,54913,-4798,21055,33877,5142,9234,-7193,109007,-2432,21927,2800,99773,116200,,,S&P BROAD BASED STOCK INDICES,,17.5,21.6,27.8,31.4,17.0,20.1,26.3,29.4,E-MINI S&P 500,($50 X S&P 500 INDEX),567073,492056,55097,FutOnly,23053013874AF,185941,716664,58198,E-MINI S&P 500 - CHICAGO MERCANTILE EXCHANGE,257960,259348,2494943,86767,257569,9995,41.9,16.7,9.2,22.7,19.7,2.2,7.5,28.7,2.3,10.3,10.4,3.5,10.3,0.4,89.7,89.6,100.0,2023-05-30T00:00:00.000,2236983,2235595,159,87,111,35,38,19,62,99,67,24,32,16,538,368,383,2023 Report Week 22
1514997,450779,306895,042 ,042601,CBT ,CHI,F30,123541,69302,-15609,5993,-12083,-3916,-7224,143009,-5,6762,-3514,188401,79094,11452,-235,181639,191915,"T-NOTES, 1-2 YEAR",FINANCIAL INSTRUMENTS,"T-NOTES, 1-2 YEAR",Interest Rates - U.S. Treasury,30.2,36.2,38.8,50.8,28.5,35.9,35.5,50.5,UST 2Y NOTE,"(CONTRACTS OF $200,000 FACE VALUE)",93140,255943,17953,FutOnly,230606042601F,747997,1960918,42018,UST 2Y NOTE - CHICAGO BOARD OF TRADE,240315,145285,3351277,373690,157214,14272,45.2,13.5,9.2,2.8,7.6,0.5,22.3,58.5,1.3,7.2,4.3,11.2,4.7,0.4,92.8,95.7,100.0,2023-06-06T00:00:00.000,3110962,3205992,136,40,87,27,34,9,36,59,29,42,13,4,387,287,229,2023 Report Week 23
2365312,1183592,737302,043 ,043602,CBT ,CHI,F30,-88441,33257,3796,805,-69218,-6574,-1037,-63698,-36073,-19176,12428,-149341,-446,-21064,-2195,-130165,-161769,"T-NOTES, 6.5-10 YEAR",FINANCIAL INSTRUMENTS,"T-NOTES, 6.5-10 YEAR",Interest Rates - U.S. Treasury,27.4,22.2,41.2,35.0,26.3,19.6,34.7,29.6,UST 10Y NOTE,"(CONTRACTS OF $100,000 FACE VALUE)",166128,298368,20656,FutOnly,230606043602F,289236,1704521,128534,UST 10Y NOTE - CHICAGO BOARD OF TRADE,397950,337668,4578932,471709,166186,2105,51.7,25.8,16.1,3.6,6.5,0.5,6.3,37.2,2.8,8.7,7.4,10.3,3.6,0.0,91.3,92.6,100.0,2023-06-06T00:00:00.000,4180982,4241264,125,65,97,22,30,16,49,68,45,37,15,6,411,302,273,2023 Report Week 23
1049792,383666,224761,138 ,13874A,CME ,CHI,F20,5344,-32886,-4703,-957,-6844,9666,-4070,41338,1754,1095,5717,5289,-731,-6644,-2109,4194,-428,,,S&P BROAD BASED STOCK INDICES,,16.3,21.8,25.2,32.1,15.3,20.2,23.5,29.8,E-MINI S&P 500,($50 X S&P 500 INDEX),566116,485212,64763,FutOnly,23060613874AF,181871,758002,59952,E-MINI S&P 500 - CHICAGO MERCANTILE EXCHANGE,259055,265065,2500232,86036,250925,7886,42.0,15.3,9.0,22.6,19.4,2.6,7.3,30.3,2.4,10.4,10.6,3.4,10.0,0.3,89.6,89.4,100.0,2023-06-06T00:00:00.000,2241177,2235167,158,81,112,35,37,24,64,105,66,19,33,15,535,374,378,2023 Report Week 23
1096444,332825,265633,138 ,13874A,CME ,CHI,F20,46652,-50841,40872,-40536,48992,171242,-8787,-46353,95984,71988,42609,407236,7492,82402,22329,335248,364627,,,S&P BROAD BASED STOCK INDICES,,14.9,20.6,23.7,30.8,13.2,17.4,19.7,26.5,E-MINI S&P 500,($50 X S&P 500 INDEX),525580,534204,236005,FutOnly,23061313874AF,173084,711649,155936,E-MINI S&P 500 - CHICAGO MERCANTILE EXCHANGE,331043,307674,2907468,93528,333327,30215,37.7,11.4,9.1,18.1,18.4,8.1,6.0,24.5,5.4,11.4,10.6,3.2,11.5,1.0,88.6,89.4,100.0,2023-06-13T00:00:00.000,2576425,2599794,157,80,121,32,38,42,63,109,82,23,34,19,540,400,404,2023 Report Week 24
1621652,437295,279596,042 ,042601,CBT ,CHI,F30,106655,-13484,-27299,15731,20387,-3505,24444,40946,-8029,1076,9164,22023,-89714,1179,2664,20947,12859,"T-NOTES, 1-2 YEAR",FINANCIAL INSTRUMENTS,"T-NOTES, 1-2 YEAR",Interest Rates - U.S. Treasury,29.7,37.2,37.3,52.4,26.9,36.9,34.1,52.1,UST 2Y NOTE,"(CONTRACTS OF $200,000 FACE VALUE)",108871,276330,14448,FutOnly,230613042601F,772441,2001864,33989,UST 2Y NOTE - CHICAGO BOARD OF TRADE,241391,154449,3373300,283976,158393,16936,48.1,13.0,8.3,3.2,8.2,0.4,22.9,59.3,1.0,7.2,4.6,8.4,4.7,0.5,92.8,95.4,100.0,2023-06-13T00:00:00.000,3131909,3218851,145,38,90,30,28,10,42,57,29,39,14,5,393,294,233,2023 Report Week 24
2341479,1230029,734566,043 ,043602,CBT ,CHI,F30,-23833,46437,-2736,-2145,43773,1835,29864,-39738,-2604,19607,1574,40736,19024,-9529,1724,21129,39162,"T-NOTES, 6.5-10 YEAR",FINANCIAL INSTRUMENTS,"T-NOTES, 6.5-10 YEAR",Interest Rates - U.S. Treasury,27.2,21.9,40.7,34.4,26.0,19.2,34.7,28.9,UST 10Y NOTE,"(CONTRACTS OF $100,000 FACE VALUE)",163983,342141,22491,FutOnly,230613043602F,319100,1664783,125930,UST 10Y NOTE - CHICAGO BOARD OF TRADE,417557,339242,4619668,490733,156657,3829,50.7,26.6,15.9,3.5,7.4,0.5,6.9,36.0,2.7,9.0,7.3,10.6,3.4,0.1,91.0,92.7,100.0,2023-06-13T00:00:00.000,4202111,4280426,122,68,99,27,24,15,54,69,49,39,14,6,417,316,270,2023 Report Week 24
2493423,1197278,622298,043 ,043602,CBT ,CHI,F30,151944,-32751,-112268,-3534,46818,4057,12354,65490,-19464,-1741,7620,22099,-9534,62312,285,23840,14479,"T-NOTES, 6.5-10 YEAR",FINANCIAL INSTRUMENTS,"T-NOTES, 6.5-10 YEAR",Interest Rates - U.S. Treasury,27.8,21.5,41.2,33.5,25.9,20.5,36.0,30.7,UST 10Y NOTE,"(CONTRACTS OF $100,000 FACE VALUE)",160449,388959,26548,FutOnly,230620043602F,331454,1730273,106466,UST 10Y NOTE - CHICAGO BOARD OF TRADE,415816,346862,4641767,481199,218969,4114,53.7,25.8,13.4,3.5,8.4,0.6,7.1,37.3,2.3,9.0,7.5,10.4,4.7,0.1,91.0,92.5,100.0,2023-06-20T00:00:00.000,4225951,4294905,123,66,101,20,32,12,51,72,49,37,14,7,415,302,282,2023 Report Week 25
1674209,473456,279630,042 ,042601,CBT ,CHI,F30,52557,36161,34,14421,11635,2417,29303,75992,-12646,2736,1989,130580,38161,11401,3597,127844,128591,"T-NOTES, 1-2 YEAR",FINANCIAL INSTRUMENTS,"T-NOTES, 1-2 YEAR",Interest Rates - U.S. Treasury,28.8,37.1,36.6,51.7,26.3,36.8,33.8,51.5,UST 2Y NOTE,"(CONTRACTS OF $200,000 FACE VALUE)",123292,287965,16865,FutOnly,230620042601F,801744,2077856,21343,UST 2Y NOTE - CHICAGO BOARD OF TRADE,244127,156438,3503880,322137,169794,20533,47.8,13.5,8.0,3.5,8.2,0.5,22.9,59.3,0.6,7.0,4.5,9.2,4.8,0.6,93.0,95.5,100.0,2023-06-20T00:00:00.000,3259753,3347442,147,37,93,31,33,12,43,56,28,45,14,5,406,308,236,2023 Report Week 25
1117899,319369,231990,138 ,13874A,CME ,CHI,F20,21455,-13456,-33643,-180311,29629,-200860,-46862,-205004,-124594,-87889,-55072,-683653,-5855,-55559,-25094,-595764,-628581,,,S&P BROAD BASED STOCK INDICES,,14.9,24.1,22.5,32.9,13.5,23.1,20.6,31.9,E-MINI S&P 500,($50 X S&P 500 INDEX),345269,563833,35145,FutOnly,23062013874AF,126222,506645,31342,E-MINI S&P 500 - CHICAGO MERCANTILE EXCHANGE,243154,252602,2223815,87673,277768,5121,50.3,14.4,10.4,15.5,25.4,1.6,5.7,22.8,1.4,10.9,11.4,3.9,12.5,0.2,89.1,88.6,100.0,2023-06-20T00:00:00.000,1980661,1971213,163,78,108,28,35,16,61,99,44,24,35,11,524,349,354,2023 Report Week 25
2521863,1231408,624164,043 ,043602,CBT ,CHI,F30,28440,34130,1866,11226,-96448,7833,-12104,39353,10887,6291,-349,22152,-32494,24673,207,15861,22501,"T-NOTES, 6.5-10 YEAR",FINANCIAL INSTRUMENTS,"T-NOTES, 6.5-10 YEAR",Interest Rates - U.S. Treasury,27.9,22.2,41.5,34.7,26.1,21.1,36.1,31.4,UST 10Y NOTE,"(CONTRACTS OF $100,000 FACE VALUE)",171675,292511,34381,FutOnly,230627043602F,319350,1769626,117353,UST 10Y NOTE - CHICAGO BOARD OF TRADE,422107,346513,4663919,448705,243642,4321,54.1,26.4,13.4,3.7,6.3,0.7,6.8,37.9,2.5,9.1,7.4,9.6,5.2,0.1,90.9,92.6,100.0,2023-06-27T00:00:00.000,4241812,4317406,122,64,100,22,22,11,55,74,43,32,16,6,407,294,273,2023 Report Week 26
1730900,505857,294491,042 ,042601,CBT ,CHI,F30,56691,32401,14861,-1098,14257,4171,16560,33274,13983,1801,2231,133384,25965,17756,450,131583,131153,"T-NOTES, 1-2 YEAR",FINANCIAL INSTRUMENTS,"T-NOTES, 1-2 YEAR",Interest Rates - U.S. Treasury,28.1,36.9,36.6,51.3,25.6,36.7,34.0,51.1,UST 2Y NOTE,"(CONTRACTS OF $200,000 FACE VALUE)",122194,302222,21036,FutOnly,230627042601F,818304,2111130,35326,UST 2Y NOTE - CHICAGO BOARD OF TRADE,245928,158669,3637264,348102,187550,20983,47.6,13.9,8.1,3.4,8.3,0.6,22.5,58.0,1.0,6.8,4.4,9.6,5.2,0.6,93.2,95.6,100.0,2023-06-27T00:00:00.000,3391336,3478595,158,38,95,33,33,13,51,59,33,38,13,5,423,322,247,2023 Report Week 26
1092669,338708,224329,138 ,13874A,CME ,CHI,F20,-25230,19339,-7661,-22162,72396,-28,9978,-54822,115,-4424,-17269,-36701,11966,-49516,745,-32277,-19432,,,S&P BROAD BASED STOCK INDICES,,14.3,24.5,22.1,33.6,12.9,23.7,20.2,32.1,E-MINI S&P 500,($50 X S&P 500 INDEX),323107,636229,35117,FutOnly,23062713874AF,136200,451823,31457,E-MINI S&P 500 - CHICAGO MERCANTILE EXCHANGE,238730,235333,2187114,99639,228252,5866,50.0,15.5,10.3,14.8,29.1,1.6,6.2,20.7,1.4,10.9,10.8,4.6,10.4,0.3,89.1,89.2,100.0,2023-06-27T00:00:00.000,1948384,1951781,165,75,105,30,41,17,71,100,53,25,31,12,539,365,361,2023 Report Week 26
1734500,498474,298044,042 ,042601,CBT ,CHI,F30,3600,-7383,3553,11828,-10078,2518,-28614,18341,16993,-4252,-4817,30473,22684,9183,2163,34725,35290,"T-NOTES, 1-2 YEAR",FINANCIAL INSTRUMENTS,"T-NOTES, 1-2 YEAR",Interest Rates - U.S. Treasury,28.0,37.3,37.3,51.7,26.0,37.0,34.7,51.4,UST 2Y NOTE,"(CONTRACTS OF $200,000 FACE VALUE)",134022,292144,23554,FutOnly,230703042601F,789690,2129471,52319,UST 2Y NOTE - CHICAGO BOARD OF TRADE,241676,153852,3667737,370786,196733,23146,47.3,13.6,8.1,3.7,8.0,0.6,21.5,58.1,1.4,6.6,4.2,10.1,5.4,0.6,93.4,95.8,100.0,2023-07-03T00:00:00.000,3426061,3513885,161,37,93,32,31,13,52,59,33,41,13,6,426,328,243,2023 Report Week 27
2583554,1288633,619330,043 ,043602,CBT ,CHI,F30,61691,57225,-4834,-22720,30811,-9535,24821,17111,-28354,-3114,11711,73843,56056,-124,-168,76957,62132,"T-NOTES, 6.5-10 YEAR",FINANCIAL INSTRUMENTS,"T-NOTES, 6.5-10 YEAR",Interest Rates - U.S. Treasury,28.5,22.5,42.3,34.4,26.9,21.3,37.4,31.6,UST 10Y NOTE,"(CONTRACTS OF $100,000 FACE VALUE)",148955,323322,24846,FutOnly,230703043602F,344171,1786737,88999,UST 10Y NOTE - CHICAGO BOARD OF TRADE,418993,358224,4737762,504761,243518,4153,54.5,27.2,13.1,3.1,6.8,0.5,7.3,37.7,1.9,8.8,7.6,10.7,5.1,0.1,91.2,92.4,100.0,2023-07-03T00:00:00.000,4318769,4379538,125,60,106,18,29,10,58,72,46,32,13,5,407,298,276,2023 Report Week 27
1092895,315838,229141,138 ,13874A,CME ,CHI,F20,226,-22870,4812,-15301,8223,1160,33220,10237,7656,7269,9218,23890,-12956,7650,-2196,16621,14672,,,S&P BROAD BASED STOCK INDICES,,13.2,25.2,21.3,34.2,11.8,24.4,19.2,32.8,E-MINI S&P 500,($50 X S&P 500 INDEX),307806,644452,36277,FutOnly,23070313874AF,169420,462060,39113,E-MINI S&P 500 - CHICAGO MERCANTILE EXCHANGE,245999,244551,2211004,86683,235902,3670,49.4,14.3,10.4,13.9,29.1,1.6,7.7,20.9,1.8,11.1,11.1,3.9,10.7,0.2,88.9,88.9,100.0,2023-07-03T00:00:00.000,1965005,1966453,162,81,108,28,40,17,65,95,58,20,27,8,519,357,353,2023 Report Week 27
1717474,524176,310151,042 ,042601,CBT ,CHI,F30,-17026,25702,12107,-5577,9836,-3638,12703,-2740,-340,4938,4403,10892,8023,-34140,-298,5954,6489,"T-NOTES, 1-2 YEAR",FINANCIAL INSTRUMENTS,"T-NOTES, 1-2 YEAR",Interest Rates - U.S. Treasury,28.8,36.7,38.2,52.9,26.9,36.5,35.7,52.7,UST 2Y NOTE,"(CONTRACTS OF $200,000 FACE VALUE)",128445,301980,19916,FutOnly,230711042601F,802393,2126731,51979,UST 2Y NOTE - CHICAGO BOARD OF TRADE,246614,158255,3678629,378809,162593,22848,46.7,14.2,8.4,3.5,8.2,0.5,21.8,57.8,1.4,6.7,4.3,10.3,4.4,0.6,93.3,95.7,100.0,2023-07-11T00:00:00.000,3432015,3520374,157,37,92,33,28,12,55,63,29,40,13,6,426,323,242,2023 Report Week 28
2616455,1387018,617809,043 ,043602,CBT ,CHI,F30,32901,98385,-1521,995,20003,-3381,48034,-107498,20437,-29343,33232,62329,-2735,5730,-3058,91672,29097,"T-NOTES, 6.5-10 YEAR",FINANCIAL INSTRUMENTS,"T-NOTES, 6.5-10 YEAR",Interest Rates - U.S. Treasury,28.2,22.4,42.4,33.6,26.9,21.2,37.7,30.6,UST 10Y NOTE,"(CONTRACTS OF $100,000 FACE VALUE)",149950,343325,21465,FutOnly,230711043602F,392205,1679239,109436,UST 10Y NOTE - CHICAGO BOARD OF TRADE,389650,391456,4800091,502026,249248,1095,54.5,28.9,12.9,3.1,7.2,0.4,8.2,35.0,2.3,8.1,8.2,10.5,5.2,0.0,91.9,91.8,100.0,2023-07-11T00:00:00.000,4410441,4408635,128,63,112,21,33,12,60,75,48,31,15,4,426,312,290,2023 Report Week 28
1083884,323761,224910,138 ,13874A,CME ,CHI,F20,-9011,7923,-4231,2659,3385,-2128,3715,18211,-2986,3228,-1866,-1397,7901,-19161,-544,-4625,469,,,S&P BROAD BASED STOCK INDICES,,13.7,25.5,21.8,35.1,12.3,24.6,19.9,33.3,E-MINI S&P 500,($50 X S&P 500 INDEX),310465,647837,34149,FutOnly,23071113874AF,173135,480271,36127,E-MINI S&P 500 - CHICAGO MERCANTILE EXCHANGE,249227,242685,2209607,94584,216741,3126,49.1,14.7,10.2,14.1,29.3,1.5,7.8,21.7,1.6,11.3,11.0,4.3,9.8,0.1,88.7,89.0,100.0,2023-07-11T00:00:00.000,1960380,1966922,163,77,103,30,42,19,67,100,62,21,27,7,528,368,351,2023 Report Week 28
1123247,303460,224251,138 ,13874A,CME ,CHI,F20,39363,-20301,-659,3654,28108,435,1131,79148,2413,14819,-6327,71070,9703,-11958,211,56251,77397,,,S&P BROAD BASED STOCK INDICES,,13.1,24.6,21.1,35.1,11.7,23.9,19.3,33.5,E-MINI S&P 500,($50 X S&P 500 INDEX),314119,675945,34584,FutOnly,23071813874AF,174266,559419,38540,E-MINI S&P 500 - CHICAGO MERCANTILE EXCHANGE,264046,236358,2280677,104287,204783,3337,49.3,13.3,9.8,13.8,29.6,1.5,7.6,24.5,1.7,11.6,10.4,4.6,9.0,0.1,88.4,89.6,100.0,2023-07-18T00:00:00.000,2016631,2044319,166,72,100,33,40,20,60,105,58,22,29,7,529,361,353,2023 Report Week 29
1784644,501549,310632,042 ,042601,CBT ,CHI,F30,67170,-22627,481,-2419,-39071,-1725,-91625,11373,16708,5745,-6176,-23643,-17160,18212,-818,-29388,-17467,"T-NOTES, 1-2 YEAR",FINANCIAL INSTRUMENTS,"T-NOTES, 1-2 YEAR",Interest Rates - U.S. Treasury,27.7,37.0,37.2,52.8,25.9,36.6,35.2,52.5,UST 2Y NOTE,"(CONTRACTS OF $200,000 FACE VALUE)",126026,262909,18191,FutOnly,230718042601F,710768,2138104,68687,UST 2Y NOTE - CHICAGO BOARD OF TRADE,252359,152079,3654986,361649,180805,22030,48.8,13.7,8.5,3.4,7.2,0.5,19.4,58.5,1.9,6.9,4.2,9.9,4.9,0.6,93.1,95.8,100.0,2023-07-18T00:00:00.000,3402627,3502907,158,36,94,32,30,10,55,58,32,39,13,6,421,326,237,2023 Report Week 29
2636635,1396921,610327,043 ,043602,CBT ,CHI,F30,20180,9903,-7482,10253,-5738,14176,-7216,-52350,-7418,-7577,-11936,-53434,-68672,7089,322,-45857,-41498,"T-NOTES, 6.5-10 YEAR",FINANCIAL INSTRUMENTS,"T-NOTES, 6.5-10 YEAR",Interest Rates - U.S. Treasury,28.1,23.6,42.3,35.0,26.8,22.4,37.8,32.2,UST 10Y NOTE,"(CONTRACTS OF $100,000 FACE VALUE)",160203,337587,35641,FutOnly,230718043602F,384989,1626889,102018,UST 10Y NOTE - CHICAGO BOARD OF TRADE,382073,379520,4746657,433354,256337,1417,55.5,29.4,12.9,3.4,7.1,0.8,8.1,34.3,2.1,8.0,8.0,9.1,5.4,0.0,92.0,92.0,100.0,2023-07-18T00:00:00.000,4364584,4367137,130,64,110,20,33,12,64,67,55,27,16,4,422,315,288,2023 Report Week 29
2644792,1353354,600855,043 ,043602,CBT ,CHI,F30,8157,-43567,-9472,-23246,38990,-10865,2794,-5762,6884,20420,-962,-12977,-8063,11363,414,-33397,-12015,"T-NOTES, 6.5-10 YEAR",FINANCIAL INSTRUMENTS,"T-NOTES, 6.5-10 YEAR",Interest Rates - U.S. Treasury,28.4,23.5,42.1,34.8,26.5,22.3,37.6,31.9,UST 10Y NOTE,"(CONTRACTS OF $100,000 FACE VALUE)",136957,376577,24776,FutOnly,230725043602F,387783,1621127,108902,UST 10Y NOTE - CHICAGO BOARD OF TRADE,402493,378558,4733680,425291,267700,1831,55.9,28.6,12.7,2.9,8.0,0.5,8.2,34.2,2.3,8.5,8.0,9.0,5.7,0.0,91.5,92.0,100.0,2023-07-25T00:00:00.000,4331187,4355122,128,58,103,21,30,13,51,66,54,29,15,6,398,300,274,2023 Report Week 30
1768051,491603,308603,042 ,042601,CBT ,CHI,F30,-16593,-9946,-2029,6544,-28133,-1591,-30716,23220,-11822,-1703,3479,-23323,33712,2624,875,-21620,-26802,"T-NOTES, 1-2 YEAR",FINANCIAL INSTRUMENTS,"T-NOTES, 1-2 YEAR",Interest Rates - U.S. Treasury,27.0,37.5,36.9,53.5,25.5,37.2,34.5,53.2,UST 2Y NOTE,"(CONTRACTS OF $200,000 FACE VALUE)",132570,234776,16600,FutOnly,230725042601F,680052,2161324,56865,UST 2Y NOTE - CHICAGO BOARD OF TRADE,250656,155558,3631663,395361,183429,22905,48.7,13.5,8.5,3.7,6.5,0.5,18.7,59.5,1.6,6.9,4.3,10.9,5.1,0.6,93.1,95.7,100.0,2023-07-25T00:00:00.000,3381007,3476105,157,38,92,36,23,9,59,55,34,44,12,7,424,337,229,2023 Report Week 30
1122082,319776,217012,138 ,13874A,CME ,CHI,F20,-1165,16316,-7239,-17016,-32442,9,-16604,1575,5752,-5676,4810,-37316,4611,-26109,12,-31640,-42126,,,S&P BROAD BASED STOCK INDICES,,13.0,24.7,21.3,34.5,11.8,23.9,19.5,32.9,E-MINI S&P 500,($50 X S&P 500 INDEX),297103,643503,34593,FutOnly,23072513874AF,157662,560994,44292,E-MINI S&P 500 - CHICAGO MERCANTILE EXCHANGE,258370,241168,2243361,108898,178674,3349,50.0,14.3,9.7,13.2,28.7,1.5,7.0,25.0,2.0,11.5,10.8,4.9,8.0,0.1,88.5,89.2,100.0,2023-07-25T00:00:00.000,1984991,2002193,166,77,101,34,36,21,59,108,63,20,26,8,528,366,355,2023 Report Week 30
1752703,482345,320300,042 ,042601,CBT ,CHI,F30,-15348,-9258,11697,10659,7537,-3302,-4648,-1126,5834,4910,-9617,2662,-8815,-778,1675,-2248,12279,"T-NOTES, 1-2 YEAR",FINANCIAL INSTRUMENTS,"T-NOTES, 1-2 YEAR",Interest Rates - U.S. Treasury,26.9,37.9,36.7,54.8,25.6,37.6,34.1,54.5,UST 2Y NOTE,"(CONTRACTS OF $200,000 FACE VALUE)",143229,242313,13298,FutOnly,230801042601F,675404,2160198,62699,UST 2Y NOTE - CHICAGO BOARD OF TRADE,255566,145941,3634325,386546,182651,24580,48.2,13.3,8.8,3.9,6.7,0.4,18.6,59.4,1.7,7.0,4.0,10.6,5.0,0.7,93.0,96.0,100.0,2023-08-01T00:00:00.000,3378759,3488384,157,38,89,39,24,9,63,54,37,48,10,5,433,351,222,2023 Report Week 31
1124571,304219,216581,138 ,13874A,CME ,CHI,F20,2489,-15557,-431,11088,29209,-631,-9965,-30792,9394,2951,5408,-1612,-16504,1791,-3,-4563,-7020,,,S&P BROAD BASED STOCK INDICES,,13.1,26.1,21.8,36.6,12.1,25.6,19.9,34.7,E-MINI S&P 500,($50 X S&P 500 INDEX),308191,672712,33962,FutOnly,23080113874AF,147697,530202,53686,E-MINI S&P 500 - CHICAGO MERCANTILE EXCHANGE,261321,246576,2241749,92394,180465,3346,50.2,13.6,9.7,13.7,30.0,1.5,6.6,23.7,2.4,11.7,11.0,4.1,8.1,0.1,88.3,89.0,100.0,2023-08-01T00:00:00.000,1980428,1995173,165,76,102,33,38,23,60,104,66,22,25,6,524,367,354,2023 Report Week 31
2682081,1352173,610093,043 ,043602,CBT ,CHI,F30,37289,-1181,9238,788,-1604,-1888,21009,67644,4267,-6126,22844,96476,32015,-2728,-116,102602,73632,"T-NOTES, 6.5-10 YEAR",FINANCIAL INSTRUMENTS,"T-NOTES, 6.5-10 YEAR",Interest Rates - U.S. Treasury,28.1,21.9,41.9,33.2,26.4,20.6,37.3,30.8,UST 10Y NOTE,"(CONTRACTS OF $100,000 FACE VALUE)",137745,374973,22888,FutOnly,230801043602F,408792,1688771,113169,UST 10Y NOTE - CHICAGO BOARD OF TRADE,396367,401402,4830156,457306,264972,1715,55.5,28.0,12.6,2.9,7.8,0.5,8.5,35.0,2.3,8.2,8.3,9.5,5.5,0.0,91.8,91.7,100.0,2023-08-01T00:00:00.000,4433789,4428754,125,63,105,19,34,13,54,76,50,26,14,5,411,294,290,2023 Report Week 31
1093720,319370,209786,138 ,13874A,CME ,CHI,F20,-30851,15151,-6795,5833,17809,-6221,23316,-31663,2513,-120,-5050,-20040,-7732,-5801,17,-19920,-14990,,,S&P BROAD BASED STOCK INDICES,,13.3,27.6,21.6,37.1,12.5,26.5,19.9,35.2,E-MINI S&P 500,($50 X S&P 500 INDEX),314024,690521,27741,FutOnly,23080813874AF,171013,498539,56199,E-MINI S&P 500 - CHICAGO MERCANTILE EXCHANGE,261201,241526,2221709,84662,174664,3363,49.2,14.4,9.4,14.1,31.1,1.2,7.7,22.4,2.5,11.8,10.9,3.8,7.9,0.2,88.2,89.1,100.0,2023-08-08T00:00:00.000,1960508,1980183,168,73,102,33,38,23,63,95,61,22,22,6,515,367,340,2023 Report Week 32
2630637,1327387,624548,043 ,043602,CBT ,CHI,F30,-51444,-24786,14455,7374,-59065,21182,36427,43568,31269,19427,-3781,42277,-37145,18703,732,22850,46058,"T-NOTES, 6.5-10 YEAR",FINANCIAL INSTRUMENTS,"T-NOTES, 6.5-10 YEAR",Interest Rates - U.S. Treasury,27.3,20.9,40.1,32.1,25.6,19.8,35.1,29.6,UST 10Y NOTE,"(CONTRACTS OF $100,000 FACE VALUE)",145119,315908,44070,FutOnly,230808043602F,445219,1732339,144438,UST 10Y NOTE - CHICAGO BOARD OF TRADE,415794,397621,4872433,420161,283675,2447,54.0,27.2,12.8,3.0,6.5,0.9,9.1,35.6,3.0,8.5,8.2,8.6,5.8,0.1,91.5,91.8,100.0,2023-08-08T00:00:00.000,4456639,4474812,123,63,102,22,32,14,53,75,50,25,15,6,408,295,285,2023 Report Week 32
1748602,502360,329583,042 ,042601,CBT ,CHI,F30,-4101,20015,9283,-16665,38810,-1177,106320,36944,13347,-4291,5544,112424,8754,-11296,954,116715,106880,"T-NOTES, 1-2 YEAR",FINANCIAL INSTRUMENTS,"T-NOTES, 1-2 YEAR",Interest Rates - U.S. Treasury,27.5,37.8,36.9,54.8,26.3,37.6,34.4,54.6,UST 2Y NOTE,"(CONTRACTS OF $200,000 FACE VALUE)",126564,281123,12121,FutOnly,230808042601F,781724,2197142,76046,UST 2Y NOTE - CHICAGO BOARD OF TRADE,251275,151485,3746749,395300,171355,25534,46.7,13.4,8.8,3.4,7.5,0.3,20.9,58.6,2.0,6.7,4.0,10.6,4.6,0.7,93.3,96.0,100.0,2023-08-08T00:00:00.000,3495474,3595264,155,42,92,33,26,10,57,62,41,44,11,5,430,340,238,2023 Report Week 32
1103269,323742,206301,138 ,13874A,CME ,CHI,F20,9549,4372,-3485,-1183,15098,77,-24598,-56092,-3475,2420,-166,-1625,9648,32624,9422,-4045,-1459,,,S&P BROAD BASED STOCK INDICES,,13.8,26.9,21.5,35.8,12.8,25.8,19.7,33.8,E-MINI S&P 500,($50 X S&P 500 INDEX),312841,705619,27818,FutOnly,23081513874AF,146415,442447,52724,E-MINI S&P 500 - CHICAGO MERCANTILE EXCHANGE,263621,241360,2220084,94310,207288,12785,49.7,14.6,9.3,14.1,31.8,1.3,6.6,19.9,2.4,11.9,10.9,4.2,9.3,0.6,88.1,89.1,100.0,2023-08-15T00:00:00.000,1956463,1978724,169,70,100,32,40,23,63,99,63,22,22,8,518,368,344,2023 Report Week 33
2645919,1260297,625680,043 ,043602,CBT ,CHI,F30,15282,-67090,1132,-1940,35598,-4982,-12309,13990,-15654,15083,4632,-15011,-11616,17370,-7,-30094,-19643,"T-NOTES, 6.5-10 YEAR",FINANCIAL INSTRUMENTS,"T-NOTES, 6.5-10 YEAR",Interest Rates - U.S. Treasury,27.4,20.9,40.3,31.6,25.6,19.7,35.5,29.1,UST 10Y NOTE,"(CONTRACTS OF $100,000 FACE VALUE)",143179,351506,39088,FutOnly,230815043602F,432910,1746329,128784,UST 10Y NOTE - CHICAGO BOARD OF TRADE,430877,402253,4857422,408545,301045,2440,54.5,25.9,12.9,2.9,7.2,0.8,8.9,36.0,2.7,8.9,8.3,8.4,6.2,0.1,91.1,91.7,100.0,2023-08-15T00:00:00.000,4426545,4455169,131,60,103,24,31,16,56,75,53,30,15,7,422,318,283,2023 Report Week 33
1771591,500597,335162,042 ,042601,CBT ,CHI,F30,22989,-1763,5579,5480,36887,4548,-7969,20976,1708,31161,5500,73980,9573,-366,911,42819,68480,"T-NOTES, 1-2 YEAR",FINANCIAL INSTRUMENTS,"T-NOTES, 1-2 YEAR",Interest Rates - U.S. Treasury,26.9,38.3,35.9,55.5,25.6,37.9,33.4,55.1,UST 2Y NOTE,"(CONTRACTS OF $200,000 FACE VALUE)",132044,318010,16669,FutOnly,230815042601F,773755,2218118,77754,UST 2Y NOTE - CHICAGO BOARD OF TRADE,282436,156985,3820729,404873,170989,26445,46.4,13.1,8.8,3.5,8.3,0.4,20.3,58.1,2.0,7.4,4.1,10.6,4.5,0.7,92.6,95.9,100.0,2023-08-15T00:00:00.000,3538293,3663744,156,40,92,30,29,10,56,63,43,45,12,5,431,340,241,2023 Report Week 33
1108490,353508,202586,138 ,13874A,CME ,CHI,F20,5221,29766,-3715,354,-1013,255,-26199,9591,-3544,2225,-7102,12142,44435,-5206,-6890,9917,19244,,,S&P BROAD BASED STOCK INDICES,,13.5,28.0,21.5,37.1,12.5,26.9,19.8,35.2,E-MINI S&P 500,($50 X S&P 500 INDEX),313195,704606,28073,FutOnly,23082213874AF,120216,452038,49180,E-MINI S&P 500 - CHICAGO MERCANTILE EXCHANGE,265846,234258,2232226,138745,202082,5895,49.7,15.8,9.1,14.0,31.6,1.3,5.4,20.3,2.2,11.9,10.5,6.2,9.1,0.3,88.1,89.5,100.0,2023-08-22T00:00:00.000,1966380,1997968,163,75,101,34,39,24,58,94,60,23,15,6,502,363,330,2023 Report Week 34
1821106,523872,307501,042 ,042601,CBT ,CHI,F30,49515,23275,-27661,14195,14478,7451,74256,112877,46539,-9045,-11354,165763,7851,-2504,2662,174808,177117,"T-NOTES, 1-2 YEAR",FINANCIAL INSTRUMENTS,"T-NOTES, 1-2 YEAR",Interest Rates - U.S. Treasury,27.8,37.5,36.5,54.3,26.6,37.1,34.0,53.7,UST 2Y NOTE,"(CONTRACTS OF $200,000 FACE VALUE)",146239,332488,24120,FutOnly,230822042601F,848011,2330995,124293,UST 2Y NOTE - CHICAGO BOARD OF TRADE,273391,145631,3986492,412724,168485,29107,45.7,13.1,7.7,3.7,8.3,0.6,21.3,58.5,3.1,6.9,3.7,10.4,4.2,0.7,93.1,96.3,100.0,2023-08-22T00:00:00.000,3713101,3840861,154,41,94,35,26,17,57,65,47,45,10,5,433,352,244,2023 Report Week 34
2673668,1286734,632474,043 ,043602,CBT ,CHI,F30,27749,26437,6794,-21417,-10955,25704,-35397,19472,43098,16061,7705,53755,-15125,-70788,6288,37694,46050,"T-NOTES, 6.5-10 YEAR",FINANCIAL INSTRUMENTS,"T-NOTES, 6.5-10 YEAR",Interest Rates - U.S. Treasury,27.4,20.2,39.5,30.8,25.1,19.1,34.7,28.4,UST 10Y NOTE,"(CONTRACTS OF $100,000 FACE VALUE)",121762,340551,64792,FutOnly,230822043602F,397513,1765801,171882,UST 10Y NOTE - CHICAGO BOARD OF TRADE,446938,409958,4911177,393420,230257,8728,54.4,26.2,12.9,2.5,6.9,1.3,8.1,36.0,3.5,9.1,8.3,8.0,4.7,0.2,90.9,91.7,100.0,2023-08-22T00:00:00.000,4464239,4501219,131,59,103,22,31,18,50,80,56,29,17,8,419,318,286,2023 Report Week 34
1707770,472976,289892,042 ,042601,CBT ,CHI,F30,-113336,-50896,-17609,-12584,24493,-1082,-57744,-184492,-11407,-7129,11139,-228319,-4243,4720,-3185,-221190,-239458,"T-NOTES, 1-2 YEAR",FINANCIAL INSTRUMENTS,"T-NOTES, 1-2 YEAR",Interest Rates - U.S. Treasury,28.0,35.0,36.8,52.7,26.6,34.9,34.4,52.6,UST 2Y NOTE,"(CONTRACTS OF $200,000 FACE VALUE)",133655,356981,23038,FutOnly,230829042601F,790267,2146503,112886,UST 2Y NOTE - CHICAGO BOARD OF TRADE,266262,156770,3758173,408481,173205,25922,45.4,12.6,7.7,3.6,9.5,0.6,21.0,57.1,3.0,7.1,4.2,10.9,4.6,0.7,92.9,95.8,100.0,2023-08-29T00:00:00.000,3491911,3601403,156,39,96,35,27,24,56,61,41,46,11,8,432,351,250,2023 Report Week 35
2653146,1228338,631561,043 ,043602,CBT ,CHI,F30,-20522,-58396,-913,-11651,17368,-20276,-55276,-7282,2604,39,-4345,-85933,25763,-8992,-5701,-85972,-81588,"T-NOTES, 6.5-10 YEAR",FINANCIAL INSTRUMENTS,"T-NOTES, 6.5-10 YEAR",Interest Rates - U.S. Treasury,28.0,20.3,40.9,31.6,25.6,18.6,35.9,27.8,UST 10Y NOTE,"(CONTRACTS OF $100,000 FACE VALUE)",110111,357919,44516,FutOnly,230829043602F,342237,1758519,174486,UST 10Y NOTE - CHICAGO BOARD OF TRADE,446977,405613,4825244,419183,221265,3027,55.0,25.5,13.1,2.3,7.4,0.9,7.1,36.4,3.6,9.3,8.4,8.7,4.6,0.1,90.7,91.6,100.0,2023-08-29T00:00:00.000,4378267,4419631,130,62,106,24,29,21,45,80,48,28,15,5,414,314,280,2023 Report Week 35
1094797,339390,204643,138 ,13874A,CME ,CHI,F20,-13693,-14118,2057,17498,-4498,2398,17852,39753,8838,-10241,3110,35346,7562,-5269,3075,45587,32236,,,S&P BROAD BASED STOCK INDICES,,13.1,26.9,20.9,36.9,12.1,26.0,19.2,35.4,E-MINI S&P 500,($50 X S&P 500 INDEX),330693,700108,30471,FutOnly,23082913874AF,138068,491791,58018,E-MINI S&P 500 - CHICAGO MERCANTILE EXCHANGE,255605,237368,2267572,146307,196813,8970,48.3,15.0,9.0,14.6,30.9,1.3,6.1,21.7,2.6,11.3,10.5,6.5,8.7,0.4,88.7,89.5,100.0,2023-08-29T00:00:00.000,2011967,2030204,166,71,103,33,40,25,63,89,64,22,18,11,503,368,338,2023 Report Week 35
1657456,511834,321069,042 ,042601,CBT ,CHI,F30,-50314,38858,31177,-2668,-69160,-14562,14717,-16224,-58921,-10775,-4641,-96232,-2950,-823,-1936,-85457,-91591,"T-NOTES, 1-2 YEAR",FINANCIAL INSTRUMENTS,"T-NOTES, 1-2 YEAR",Interest Rates - U.S. Treasury,29.2,35.6,37.6,54.1,27.2,35.5,34.7,54.0,UST 2Y NOTE,"(CONTRACTS OF $200,000 FACE VALUE)",130987,287821,8476,FutOnly,230905042601F,804984,2130279,53965,UST 2Y NOTE - CHICAGO BOARD OF TRADE,255487,152129,3661941,405531,172382,23986,45.3,14.0,8.8,3.6,7.9,0.2,22.0,58.2,1.5,7.0,4.2,11.1,4.7,0.7,93.0,95.8,100.0,2023-09-05T00:00:00.000,3406454,3509812,156,43,96,30,23,11,60,62,29,45,10,,429,339,229,2023 Report Week 36
2630721,1194739,628526,043 ,043602,CBT ,CHI,F30,-22425,-33599,-3035,-13690,-25602,-8201,8672,1038,-43054,-30111,-9597,-106462,6782,16988,-1400,-76351,-96865,"T-NOTES, 6.5-10 YEAR",FINANCIAL INSTRUMENTS,"T-NOTES, 6.5-10 YEAR",Interest Rates - U.S. Treasury,28.1,19.4,40.8,31.5,26.1,18.2,35.6,28.5,UST 10Y NOTE,"(CONTRACTS OF $100,000 FACE VALUE)",96421,332317,36315,FutOnly,230905043602F,350909,1759557,131432,UST 10Y NOTE - CHICAGO BOARD OF TRADE,416866,396016,4718782,425965,238253,1627,55.8,25.3,13.3,2.0,7.0,0.8,7.4,37.3,2.8,8.8,8.4,9.0,5.0,0.0,91.2,91.6,100.0,2023-09-05T00:00:00.000,4301916,4322766,132,61,100,21,30,13,44,81,42,25,17,5,412,295,277,2023 Report Week 36
1107940,327801,201842,138 ,13874A,CME ,CHI,F20,13143,-11589,-2801,-7174,21163,2827,-11820,-30241,6749,1265,-1142,-8412,-12748,4475,2147,-9677,-7270,,,S&P BROAD BASED STOCK INDICES,,13.3,26.8,21.6,36.3,12.3,25.8,19.7,34.6,E-MINI S&P 500,($50 X S&P 500 INDEX),323519,721271,33298,FutOnly,23090513874AF,126248,461550,64767,E-MINI S&P 500 - CHICAGO MERCANTILE EXCHANGE,256870,236226,2259160,133559,201288,11117,49.0,14.5,8.9,14.3,31.9,1.5,5.6,20.4,2.9,11.4,10.5,5.9,8.9,0.5,88.6,89.5,100.0,2023-09-05T00:00:00.000,2002290,2022934,167,68,96,35,38,24,65,90,66,21,18,11,503,365,335,2023 Report Week 36
1098908,317610,239140,138 ,13874A,CME ,CHI,F20,-9032,-10191,37298,-45249,32284,103547,50100,-35090,63836,30024,21380,261004,-10388,7072,40868,230980,239624,,,S&P BROAD BASED STOCK INDICES,,12.0,23.9,19.2,33.7,10.9,22.7,17.0,30.7,E-MINI S&P 500,($50 X S&P 500 INDEX),278270,753555,136845,FutOnly,23091213874AF,176348,426460,128603,E-MINI S&P 500 - CHICAGO MERCANTILE EXCHANGE,286894,257606,2520164,123171,208360,51985,43.6,12.6,9.5,11.0,29.9,5.4,7.0,16.9,5.1,11.4,10.2,4.9,8.3,2.1,88.6,89.8,100.0,2023-09-12T00:00:00.000,2233270,2262558,170,63,107,36,42,42,65,95,83,22,21,10,517,401,358,2023 Report Week 37
1688334,510717,303923,042 ,042601,CBT ,CHI,F30,30878,-1117,-17146,22794,50810,-2504,-37662,-33526,2996,4123,-3589,-8421,-12489,-4934,589,-12544,-4832,"T-NOTES, 1-2 YEAR",FINANCIAL INSTRUMENTS,"T-NOTES, 1-2 YEAR",Interest Rates - U.S. Treasury,28.7,35.6,37.2,54.5,26.7,35.5,34.3,54.4,UST 2Y NOTE,"(CONTRACTS OF $200,000 FACE VALUE)",153781,338631,5972,FutOnly,230912042601F,767322,2096753,56961,UST 2Y NOTE - CHICAGO BOARD OF TRADE,259610,148540,3653520,393042,167448,24575,46.2,14.0,8.3,4.2,9.3,0.2,21.0,57.4,1.6,7.1,4.1,10.8,4.6,0.7,92.9,95.9,100.0,2023-09-12T00:00:00.000,3393910,3504980,153,43,94,39,24,9,60,56,28,43,10,,428,338,224,2023 Report Week 37
2647852,1233328,621506,043 ,043602,CBT ,CHI,F30,17131,38589,-7020,-1198,26801,-9958,-19593,-46266,-22565,-12161,-15403,-37750,18614,-928,-1000,-25589,-22347,"T-NOTES, 6.5-10 YEAR",FINANCIAL INSTRUMENTS,"T-NOTES, 6.5-10 YEAR",Interest Rates - U.S. Treasury,28.3,20.4,40.9,32.3,26.3,19.1,35.8,29.8,UST 10Y NOTE,"(CONTRACTS OF $100,000 FACE VALUE)",95223,359118,26357,FutOnly,230912043602F,331316,1713291,108867,UST 10Y NOTE - CHICAGO BOARD OF TRADE,404705,380613,4681032,444579,237325,627,56.6,26.3,13.3,2.0,7.7,0.6,7.1,36.6,2.3,8.6,8.1,9.5,5.1,0.0,91.4,91.9,100.0,2023-09-12T00:00:00.000,4276327,4300419,133,61,99,20,35,11,48,77,42,29,17,4,420,303,273,2023 Report Week 37
2624231,1276741,642196,043 ,043602,CBT ,CHI,F30,-23621,43413,20690,660,-14834,-237,2730,-17818,499,12891,-5963,16125,2636,-9502,-123,3234,22088,"T-NOTES, 6.5-10 YEAR",FINANCIAL INSTRUMENTS,"T-NOTES, 6.5-10 YEAR",Interest Rates - U.S. Treasury,28.1,20.9,40.5,33.3,26.2,19.6,35.2,30.5,UST 10Y NOTE,"(CONTRACTS OF $100,000 FACE VALUE)",95883,344284,26120,FutOnly,230919043602F,334046,1695473,109366,UST 10Y NOTE - CHICAGO BOARD OF TRADE,417596,374650,4697157,447215,227823,504,55.9,27.2,13.7,2.0,7.3,0.6,7.1,36.1,2.3,8.9,8.0,9.5,4.9,0.0,91.1,92.0,100.0,2023-09-19T00:00:00.000,4279561,4322507,130,64,106,21,35,11,46,82,38,27,16,,421,299,280,2023 Report Week 38
1719914,529423,306971,042 ,042601,CBT ,CHI,F30,31580,18706,3048,-1258,12185,-894,-2259,31160,13975,-1172,-4640,78862,35570,5050,272,80034,83502,"T-NOTES, 1-2 YEAR",FINANCIAL INSTRUMENTS,"T-NOTES, 1-2 YEAR",Interest Rates - U.S. Treasury,27.5,35.9,35.9,54.2,25.4,35.8,33.2,54.1,UST 2Y NOTE,"(CONTRACTS OF $200,000 FACE VALUE)",152523,350816,5078,FutOnly,230919042601F,765063,2127913,70936,UST 2Y NOTE - CHICAGO BOARD OF TRADE,258438,143900,3732382,428612,172498,24847,46.1,14.2,8.2,4.1,9.4,0.1,20.5,57.0,1.9,6.9,3.9,11.5,4.6,0.7,93.1,96.1,100.0,2023-09-19T00:00:00.000,3473944,3588482,155,42,89,38,23,8,66,64,32,50,11,,449,352,229,2023 Report Week 38
1165542,301861,201486,138 ,13874A,CME ,CHI,F20,66634,-15749,-37654,-27942,-62631,-117122,-77903,-7717,-95289,-44152,-29194,-422218,-40217,-8289,-48573,-378066,-393024,,,S&P BROAD BASED STOCK INDICES,,14.5,26.7,22.1,35.9,13.1,25.9,20.2,34.6,E-MINI S&P 500,($50 X S&P 500 INDEX),250328,690924,19723,FutOnly,23091913874AF,98445,418743,33314,E-MINI S&P 500 - CHICAGO MERCANTILE EXCHANGE,242742,228412,2097946,82954,200071,3412,55.6,14.4,9.6,11.9,32.9,0.9,4.7,20.0,1.6,11.6,10.9,4.0,9.5,0.2,88.4,89.1,100.0,2023-09-19T00:00:00.000,1855204,1869534,173,62,101,31,39,15,57,94,55,17,21,7,494,345,327,2023 Report Week 38
1104973,345475,206646,138 ,13874A,CME ,CHI,F20,-60569,43614,5160,4347,1145,191,56370,19684,5869,8838,-491,39702,19905,-35061,-409,30864,40193,,,S&P BROAD BASED STOCK INDICES,,13.8,27.0,21.1,36.7,12.6,26.3,19.3,35.4,E-MINI S&P 500,($50 X S&P 500 INDEX),254675,692069,19914,FutOnly,23092613874AF,154815,438427,39183,E-MINI S&P 500 - CHICAGO MERCANTILE EXCHANGE,251580,227921,2137648,102859,165010,3003,51.7,16.2,9.7,11.9,32.4,0.9,7.2,20.5,1.8,11.8,10.7,4.8,7.7,0.1,88.2,89.3,100.0,2023-09-26T00:00:00.000,1886068,1909727,170,66,105,28,42,17,74,84,58,28,19,8,511,370,329,2023 Report Week 39
1734363,538859,314638,042 ,042601,CBT ,CHI,F30,14449,9436,7667,-7171,35018,170,113130,105670,22637,10650,-4518,171120,9427,-5121,161,160470,175638,"T-NOTES, 1-2 YEAR",FINANCIAL INSTRUMENTS,"T-NOTES, 1-2 YEAR",Interest Rates - U.S. Treasury,26.0,36.2,34.1,54.5,24.2,36.0,31.6,54.3,UST 2Y NOTE,"(CONTRACTS OF $200,000 FACE VALUE)",145352,385834,5248,FutOnly,230926042601F,878193,2233583,93573,UST 2Y NOTE - CHICAGO BOARD OF TRADE,269088,139382,3903502,438039,167377,25008,44.4,13.8,8.1,3.7,9.9,0.1,22.5,57.2,2.4,6.9,3.6,11.2,4.3,0.6,93.1,96.4,100.0,2023-09-26T00:00:00.000,3634414,3764120,154,45,94,35,21,7,76,59,29,48,10,4,448,355,227,2023 Report Week 39
2626414,1255593,650971,043 ,043602,CBT ,CHI,F30,2183,-21148,8775,-167,10226,30515,-16485,51698,-7293,16794,7385,70541,36096,-9740,123,53747,63156,"T-NOTES, 6.5-10 YEAR",FINANCIAL INSTRUMENTS,"T-NOTES, 6.5-10 YEAR",Interest Rates - U.S. Treasury,28.1,20.8,39.1,32.9,25.6,19.5,33.9,30.3,UST 10Y NOTE,"(CONTRACTS OF $100,000 FACE VALUE)",95716,354510,56635,FutOnly,230926043602F,317561,1747171,102073,UST 10Y NOTE - CHICAGO BOARD OF TRADE,434390,382035,4767698,483311,218083,627,55.1,26.3,13.7,2.0,7.4,1.2,6.7,36.6,2.1,9.1,8.0,10.1,4.6,0.0,90.9,92.0,100.0,2023-09-26T00:00:00.000,4333308,4385663,134,63,106,19,35,11,48,81,43,33,14,,427,309,281,2023 Report Week 39
1074903,378766,208496,138 ,13874A,CME ,CHI,F20,-30070,33291,1850,-5466,-4779,-2384,-18538,-39181,4920,967,-2494,386,48489,8545,618,-581,2880,,,S&P BROAD BASED STOCK INDICES,,12.7,27.8,19.8,36.7,11.8,27.2,18.0,35.4,E-MINI S&P 500,($50 X S&P 500 INDEX),249209,687290,17530,FutOnly,23100313874AF,136277,399246,44103,E-MINI S&P 500 - CHICAGO MERCANTILE EXCHANGE,252547,225427,2138034,151348,173555,3621,50.3,17.7,9.8,11.7,32.1,0.8,6.4,18.7,2.1,11.8,10.5,7.1,8.1,0.2,88.2,89.5,100.0,2023-10-03T00:00:00.000,1885487,1912607,166,70,101,28,41,19,73,86,56,27,20,9,512,365,332,2023 Report Week 40
1774585,520875,323749,042 ,042601,CBT ,CHI,F30,40222,-17984,9111,-2415,-4800,1425,14780,83298,-12376,10996,3952,55745,-6693,-7576,695,44749,51793,"T-NOTES, 1-2 YEAR",FINANCIAL INSTRUMENTS,"T-NOTES, 1-2 YEAR",Interest Rates - U.S. Treasury,25.2,35.6,33.4,53.8,23.7,35.5,30.6,53.7,UST 2Y NOTE,"(CONTRACTS OF $200,000 FACE VALUE)",142937,381034,6673,FutOnly,231003042601F,892973,2316881,81197,UST 2Y NOTE - CHICAGO BOARD OF TRADE,280084,143334,3959247,431346,159801,25703,44.8,13.2,8.2,3.6,9.6,0.2,22.6,58.5,2.1,7.1,3.6,10.9,4.0,0.6,92.9,96.4,100.0,2023-10-03T00:00:00.000,3679163,3815913,151,42,93,37,24,7,68,70,32,49,9,5,450,345,242,2023 Report Week 40
2626077,1252207,656746,043 ,043602,CBT ,CHI,F30,-337,-3386,5775,13661,-19978,-16782,37808,8726,36959,5875,-7170,15027,-68125,10690,193,9152,22197,"T-NOTES, 6.5-10 YEAR",FINANCIAL INSTRUMENTS,"T-NOTES, 6.5-10 YEAR",Interest Rates - U.S. Treasury,27.6,20.6,38.6,32.0,25.5,19.2,33.4,29.2,UST 10Y NOTE,"(CONTRACTS OF $100,000 FACE VALUE)",109377,334532,39853,FutOnly,231003043602F,355369,1755897,139032,UST 10Y NOTE - CHICAGO BOARD OF TRADE,440265,374865,4782725,415186,228773,820,54.9,26.2,13.7,2.3,7.0,0.8,7.4,36.7,2.9,9.2,7.8,8.7,4.8,0.0,90.8,92.2,100.0,2023-10-03T00:00:00.000,4342460,4407860,133,63,105,20,31,11,59,80,45,30,15,,432,314,282,2023 Report Week 40
1068283,401361,197466,138 ,13874A,CME ,CHI,F20,-6620,22595,-11030,7757,-79393,1192,-19543,2311,6504,-11467,-9366,-64104,-32460,1520,1563,-52637,-54738,,,S&P BROAD BASED STOCK INDICES,,13.0,29.6,20.2,37.9,12.2,28.8,18.5,36.8,E-MINI S&P 500,($50 X S&P 500 INDEX),256966,607897,18722,FutOnly,23101013874AF,116734,401557,50607,E-MINI S&P 500 - CHICAGO MERCANTILE EXCHANGE,241080,216061,2073930,118888,175075,5184,51.5,19.4,9.5,12.4,29.3,0.9,5.6,19.4,2.4,11.6,10.4,5.7,8.4,0.2,88.4,89.6,100.0,2023-10-10T00:00:00.000,1832850,1857869,165,73,99,29,38,19,70,85,65,25,21,9,509,365,336,2023 Report Week 41
1816441,514801,318365,042 ,042601,CBT ,CHI,F30,41856,-6074,-5384,-2833,29509,1584,42271,38876,-5464,-7302,-260,53539,-10676,1265,-513,60841,53799,"T-NOTES, 1-2 YEAR",FINANCIAL INSTRUMENTS,"T-NOTES, 1-2 YEAR",Interest Rates - U.S. Treasury,24.8,35.4,33.8,53.4,23.4,35.4,31.5,53.4,UST 2Y NOTE,"(CONTRACTS OF $200,000 FACE VALUE)",140104,410543,8257,FutOnly,231010042601F,935244,2355757,75733,UST 2Y NOTE - CHICAGO BOARD OF TRADE,272782,143074,4012786,420670,161066,25190,45.3,12.8,7.9,3.5,10.2,0.2,23.3,58.7,1.9,6.8,3.6,10.5,4.0,0.6,93.2,96.4,100.0,2023-10-10T00:00:00.000,3740004,3869712,146,42,89,36,29,8,65,66,33,45,10,5,439,330,244,2023 Report Week 41
2559071,1232182,677124,043 ,043602,CBT ,CHI,F30,-67006,-20025,20378,6400,-51747,-2625,59367,33353,-34250,-4728,17321,-37411,-15303,-172,356,-32683,-54732,"T-NOTES, 6.5-10 YEAR",FINANCIAL INSTRUMENTS,"T-NOTES, 6.5-10 YEAR",Interest Rates - U.S. Treasury,26.8,21.4,38.2,31.6,25.0,18.9,32.5,28.4,UST 10Y NOTE,"(CONTRACTS OF $100,000 FACE VALUE)",115777,282785,37228,FutOnly,231010043602F,414736,1789250,104782,UST 10Y NOTE - CHICAGO BOARD OF TRADE,435537,392186,4745314,399883,228601,1176,53.9,26.0,14.3,2.4,6.0,0.8,8.7,37.7,2.2,9.2,8.3,8.4,4.8,0.0,90.8,91.7,100.0,2023-10-10T00:00:00.000,4309777,4353128,132,64,103,20,31,9,52,91,48,27,16,,433,303,292,2023 Report Week 41
1078968,406798,194763,138 ,13874A,CME ,CHI,F20,10685,5437,-2703,9887,17862,1634,2818,-21367,3423,1211,6162,38489,11548,28055,-14,37278,32327,,,S&P BROAD BASED STOCK INDICES,,12.6,29.2,19.9,37.6,11.8,28.5,18.2,36.3,E-MINI S&P 500,($50 X S&P 500 INDEX),266853,625759,20356,FutOnly,23101713874AF,119552,380190,54030,E-MINI S&P 500 - CHICAGO MERCANTILE EXCHANGE,242291,222223,2112419,130436,203130,5170,51.1,19.3,9.2,12.6,29.6,1.0,5.7,18.0,2.6,11.5,10.5,6.2,9.6,0.2,88.5,89.5,100.0,2023-10-17T00:00:00.000,1870128,1890196,167,73,100,31,38,20,63,94,64,24,27,9,519,365,347,2023 Report Week 42
1895498,528546,275777,042 ,042601,CBT ,CHI,F30,79057,13745,-42588,109,-48547,164,-33203,100611,-3352,-4621,730,21375,25744,547,65,25996,20645,"T-NOTES, 1-2 YEAR",FINANCIAL INSTRUMENTS,"T-NOTES, 1-2 YEAR",Interest Rates - U.S. Treasury,25.7,36.0,34.6,54.2,24.1,35.9,32.4,53.9,UST 2Y NOTE,"(CONTRACTS OF $200,000 FACE VALUE)",140213,361996,8421,FutOnly,231017042601F,902041,2456368,72381,UST 2Y NOTE - CHICAGO BOARD OF TRADE,268161,143804,4034161,446414,161613,25255,47.0,13.1,6.8,3.5,9.0,0.2,22.4,60.9,1.8,6.6,3.6,11.1,4.0,0.6,93.4,96.4,100.0,2023-10-17T00:00:00.000,3766000,3890357,149,39,89,35,25,11,68,70,44,49,10,5,445,348,246,2023 Report Week 42
2497271,1166199,686884,043 ,043602,CBT ,CHI,F30,-61800,-65983,9760,-17402,25460,-2534,-37946,-13662,10266,17661,-35686,-74321,6042,-3574,1632,-91982,-38635,"T-NOTES, 6.5-10 YEAR",FINANCIAL INSTRUMENTS,"T-NOTES, 6.5-10 YEAR",Interest Rates - U.S. Treasury,25.5,21.2,36.9,31.3,23.7,18.9,31.1,28.1,UST 10Y NOTE,"(CONTRACTS OF $100,000 FACE VALUE)",98375,308245,34694,FutOnly,231017043602F,376790,1775588,115048,UST 10Y NOTE - CHICAGO BOARD OF TRADE,453198,356500,4670993,405925,225027,2808,53.5,25.0,14.7,2.1,6.6,0.7,8.1,38.0,2.5,9.7,7.6,8.7,4.8,0.1,90.3,92.4,100.0,2023-10-17T00:00:00.000,4217795,4314493,134,64,105,19,30,11,60,86,53,29,17,,439,319,292,2023 Report Week 42
1896825,528169,258775,042 ,042601,CBT ,CHI,F30,1327,-377,-17002,19563,12837,1235,162800,183769,-591,-1014,-3109,173113,5715,-4729,1080,174127,176222,"T-NOTES, 1-2 YEAR",FINANCIAL INSTRUMENTS,"T-NOTES, 1-2 YEAR",Interest Rates - U.S. Treasury,27.4,35.5,35.8,53.6,25.9,35.4,33.4,53.5,UST 2Y NOTE,"(CONTRACTS OF $200,000 FACE VALUE)",159776,374833,9656,FutOnly,231024042601F,1064841,2640137,71790,UST 2Y NOTE - CHICAGO BOARD OF TRADE,267147,140695,4207274,452129,156884,26335,45.1,12.6,6.2,3.8,8.9,0.2,25.3,62.8,1.7,6.3,3.3,10.7,3.7,0.6,93.7,96.7,100.0,2023-10-24T00:00:00.000,3940127,4066579,149,41,90,38,22,9,73,63,42,45,13,5,444,353,237,2023 Report Week 43
2506226,1171366,690621,043 ,043602,CBT ,CHI,F30,8955,5167,3737,-24864,14301,-2241,35463,-11497,-36066,-14396,-14059,-44344,-14225,-2979,-707,-29948,-30285,"T-NOTES, 6.5-10 YEAR",FINANCIAL INSTRUMENTS,"T-NOTES, 6.5-10 YEAR",Interest Rates - U.S. Treasury,25.3,22.4,36.7,32.2,23.1,19.9,30.7,28.6,UST 10Y NOTE,"(CONTRACTS OF $100,000 FACE VALUE)",73511,322546,32453,FutOnly,231024043602F,412253,1764091,78982,UST 10Y NOTE - CHICAGO BOARD OF TRADE,438802,342441,4626649,391700,222048,2101,54.2,25.3,14.9,1.6,7.0,0.7,8.9,38.1,1.7,9.5,7.4,8.5,4.8,0.0,90.5,92.6,100.0,2023-10-24T00:00:00.000,4187847,4284208,139,64,110,19,32,13,62,84,55,26,19,5,447,326,304,2023 Report Week 43
1064135,453421,192140,138 ,13874A,CME ,CHI,F20,-14833,46623,-2623,-14250,20820,3867,47526,-17268,-5557,6116,1633,46033,27733,484,-1946,39917,44400,,,S&P BROAD BASED STOCK INDICES,,12.5,29.9,19.4,39.4,11.6,29.2,17.8,38.0,E-MINI S&P 500,($50 X S&P 500 INDEX),252603,646579,24223,FutOnly,23102413874AF,167078,362922,48473,E-MINI S&P 500 - CHICAGO MERCANTILE EXCHANGE,248407,223856,2158452,158169,203614,3224,49.3,21.0,8.9,11.7,30.0,1.1,7.7,16.8,2.2,11.5,10.4,7.3,9.4,0.1,88.5,89.6,100.0,2023-10-24T00:00:00.000,1910045,1934596,161,74,103,32,37,20,73,84,62,22,24,7,509,370,331,2023 Report Week 43
2504167,1095579,687514,043 ,043602,CBT ,CHI,F30,-2059,-75787,-3107,3361,-37697,318,-10087,78016,33193,22350,22960,64887,20392,46465,526,42537,41927,"T-NOTES, 6.5-10 YEAR",FINANCIAL INSTRUMENTS,"T-NOTES, 6.5-10 YEAR",Interest Rates - U.S. Treasury,24.8,21.8,36.2,31.6,22.6,19.5,30.2,28.3,UST 10Y NOTE,"(CONTRACTS OF $100,000 FACE VALUE)",76872,284849,32771,FutOnly,231031043602F,402166,1842107,112175,UST 10Y NOTE - CHICAGO BOARD OF TRADE,461152,365401,4691536,412092,268513,2627,53.4,23.4,14.7,1.6,6.1,0.7,8.6,39.3,2.4,9.8,7.8,8.8,5.7,0.1,90.2,92.2,100.0,2023-10-31T00:00:00.000,4230384,4326135,134,60,106,21,31,15,57,84,52,25,20,,432,319,289,2023 Report Week 44
1936950,513575,263854,042 ,042601,CBT ,CHI,F30,40125,-14594,5079,-32747,-14056,3925,-34743,-12628,-1775,-258,2829,-18801,-1891,8935,3484,-18543,-21630,"T-NOTES, 1-2 YEAR",FINANCIAL INSTRUMENTS,"T-NOTES, 1-2 YEAR",Interest Rates - U.S. Treasury,27.1,35.0,35.9,52.5,25.5,34.9,33.7,52.2,UST 2Y NOTE,"(CONTRACTS OF $200,000 FACE VALUE)",127029,360777,13581,FutOnly,231031042601F,1030098,2627509,70015,UST 2Y NOTE - CHICAGO BOARD OF TRADE,266889,143524,4188473,450238,165819,29819,46.2,12.3,6.3,3.0,8.6,0.3,24.6,62.7,1.7,6.4,3.4,10.7,4.0,0.7,93.6,96.6,100.0,2023-10-31T00:00:00.000,3921584,4044949,153,39,90,32,27,10,72,64,45,43,13,6,443,349,245,2023 Report Week 44
1072921,468725,184994,138 ,13874A,CME ,CHI,F20,8786,15304,-7146,-4994,5502,2829,-13821,21488,1621,11858,6770,16237,16904,-30331,200,4379,9467,,,S&P BROAD BASED STOCK INDICES,,12.4,31.0,19.8,40.4,11.7,30.3,18.3,39.0,E-MINI S&P 500,($50 X S&P 500 INDEX),247609,652081,27052,FutOnly,23103113874AF,153257,384410,50094,E-MINI S&P 500 - CHICAGO MERCANTILE EXCHANGE,260265,230626,2174689,175073,173283,3424,49.3,21.6,8.5,11.4,30.0,1.2,7.0,17.7,2.3,12.0,10.6,8.1,8.0,0.2,88.0,89.4,100.0,2023-10-31T00:00:00.000,1914424,1944063,159,77,100,37,36,25,63,89,65,26,17,7,505,367,335,2023 Report Week 44
1963313,498185,266224,042 ,042601,CBT ,CHI,F30,26363,-15390,2370,15953,-40632,3265,-96296,21949,-7220,2174,-2021,-30532,24446,8734,-1587,-32706,-28511,"T-NOTES, 1-2 YEAR",FINANCIAL INSTRUMENTS,"T-NOTES, 1-2 YEAR",Interest Rates - U.S. Treasury,25.1,36.6,34.5,54.3,23.6,36.3,32.2,53.9,UST 2Y NOTE,"(CONTRACTS OF $200,000 FACE VALUE)",142982,320145,16846,FutOnly,231107042601F,933802,2649458,62795,UST 2Y NOTE - CHICAGO BOARD OF TRADE,269063,141503,4157941,474684,174553,28232,47.2,12.0,6.4,3.4,7.7,0.4,22.5,63.7,1.5,6.5,3.4,11.4,4.2,0.7,93.5,96.6,100.0,2023-11-07T00:00:00.000,3888878,4016438,156,42,88,31,26,11,79,65,47,47,14,5,460,366,245,2023 Report Week 45
2375750,1100272,708744,043 ,043602,CBT ,CHI,F30,-128417,4693,21230,22730,31689,17904,-28296,-95799,-14387,-12286,-5505,-65300,56344,-25003,-122,-53014,-59795,"T-NOTES, 6.5-10 YEAR",FINANCIAL INSTRUMENTS,"T-NOTES, 6.5-10 YEAR",Interest Rates - U.S. Treasury,24.5,22.1,36.3,31.2,22.5,19.4,30.3,27.9,UST 10Y NOTE,"(CONTRACTS OF $100,000 FACE VALUE)",99602,316538,50675,FutOnly,231107043602F,373870,1746308,97788,UST 10Y NOTE - CHICAGO BOARD OF TRADE,448866,359896,4626236,468436,243510,2505,51.4,23.8,15.3,2.2,6.8,1.1,8.1,37.7,2.1,9.7,7.8,10.1,5.3,0.1,90.3,92.2,100.0,2023-11-07T00:00:00.000,4177370,4266340,137,61,104,20,32,14,58,75,54,24,22,4,429,318,287,2023 Report Week 45
1089848,420130,177963,138 ,13874A,CME ,CHI,F20,16927,-48595,-7031,3541,-4397,-1935,19397,61089,-3699,-5336,6226,3258,-20593,-387,1987,8594,-2968,,,S&P BROAD BASED STOCK INDICES,,12.4,30.9,20.0,39.5,11.4,30.2,18.5,38.1,E-MINI S&P 500,($50 X S&P 500 INDEX),251150,647684,25117,FutOnly,23110713874AF,172654,445499,46395,E-MINI S&P 500 - CHICAGO MERCANTILE EXCHANGE,254929,236852,2177947,154480,172896,5411,50.0,19.3,8.2,11.5,29.7,1.2,7.9,20.5,2.1,11.7,10.9,7.1,7.9,0.2,88.3,89.1,100.0,2023-11-07T00:00:00.000,1923018,1941095,161,73,100,32,37,21,70,83,63,22,18,10,497,364,327,2023 Report Week 45
1888861,503644,290222,042 ,042601,CBT ,CHI,F30,-74452,5459,23998,-5304,47330,14083,35834,-57373,29159,-4983,-9161,50652,32319,-2841,-2,55635,59813,"T-NOTES, 1-2 YEAR",FINANCIAL INSTRUMENTS,"T-NOTES, 1-2 YEAR",Interest Rates - U.S. Treasury,25.2,36.0,34.1,54.2,23.7,35.7,31.9,53.6,UST 2Y NOTE,"(CONTRACTS OF $200,000 FACE VALUE)",137678,367475,30929,FutOnly,231114042601F,969636,2592085,91954,UST 2Y NOTE - CHICAGO BOARD OF TRADE,264080,132342,4208593,507003,171712,28230,44.9,12.0,6.9,3.3,8.7,0.7,23.0,61.6,2.2,6.3,3.1,12.0,4.1,0.7,93.7,96.9,100.0,2023-11-14T00:00:00.000,3944513,4076251,154,40,90,33,25,15,84,65,49,48,12,5,461,373,247,2023 Report Week 46
1085968,388978,183516,138 ,13874A,CME ,CHI,F20,-3880,-31152,5553,10753,27526,3275,7531,25718,4075,8052,-15647,14952,-20020,-4009,-387,6900,30599,,,S&P BROAD BASED STOCK INDICES,,12.0,32.0,19.3,40.7,11.1,31.2,17.9,39.4,E-MINI S&P 500,($50 X S&P 500 INDEX),261903,675210,28392,FutOnly,23111413874AF,180185,471217,50470,E-MINI S&P 500 - CHICAGO MERCANTILE EXCHANGE,262981,221205,2192899,134460,168887,5024,49.5,17.7,8.4,11.9,30.8,1.3,8.2,21.5,2.3,12.0,10.1,6.1,7.7,0.2,88.0,89.9,100.0,2023-11-14T00:00:00.000,1929918,1971694,159,70,98,33,36,22,72,79,64,28,15,11,494,370,319,2023 Report Week 46
2356180,1116572,713517,043 ,043602,CBT ,CHI,F30,-19570,16300,4773,34917,-32984,19127,30978,116327,19419,-13082,9777,116981,39928,-36249,491,130063,107204,"T-NOTES, 6.5-10 YEAR",FINANCIAL INSTRUMENTS,"T-NOTES, 6.5-10 YEAR",Interest Rates - U.S. Treasury,24.0,21.5,35.3,30.5,21.9,18.8,29.2,27.2,UST 10Y NOTE,"(CONTRACTS OF $100,000 FACE VALUE)",134519,283554,69802,FutOnly,231114043602F,404848,1862635,117207,UST 10Y NOTE - CHICAGO BOARD OF TRADE,435784,369673,4743217,508364,207261,2996,49.7,23.5,15.0,2.8,6.0,1.5,8.5,39.3,2.5,9.2,7.8,10.7,4.4,0.1,90.8,92.2,100.0,2023-11-14T00:00:00.000,4307433,4373544,136,56,99,21,34,16,63,78,59,24,23,5,435,324,290,2023 Report Week 46
1131708,373285,179620,138 ,13874A,CME ,CHI,F20,45740,-15693,-3896,26385,42754,4519,-16161,3853,2919,-769,-5102,47315,-19339,10044,7917,48084,52417,,,S&P BROAD BASED STOCK INDICES,,11.9,31.6,19.0,40.2,10.8,30.8,17.6,39.3,E-MINI S&P 500,($50 X S&P 500 INDEX),288288,717964,32911,FutOnly,23112113874AF,164024,475070,53389,E-MINI S&P 500 - CHICAGO MERCANTILE EXCHANGE,262212,216103,2240214,115121,178931,12941,50.5,16.7,8.0,12.9,32.0,1.5,7.3,21.2,2.4,11.7,9.6,5.1,8.0,0.6,88.3,90.4,100.0,2023-11-21T00:00:00.000,1978002,2024111,167,67,100,33,36,22,70,79,61,23,13,11,489,366,317,2023 Report Week 47
1894239,513504,313802,042 ,042601,CBT ,CHI,F30,5378,9860,23580,6110,-6807,14334,-75538,-75110,21014,11871,-2389,-4604,-12499,9768,1146,-16475,-2215,"T-NOTES, 1-2 YEAR",FINANCIAL INSTRUMENTS,"T-NOTES, 1-2 YEAR",Interest Rates - U.S. Treasury,23.9,34.9,32.7,52.3,22.3,34.8,30.2,52.2,UST 2Y NOTE,"(CONTRACTS OF $200,000 FACE VALUE)",143788,360668,45263,FutOnly,231121042601F,894098,2516975,112968,UST 2Y NOTE - CHICAGO BOARD OF TRADE,275951,129953,4203989,494504,181480,29376,45.1,12.2,7.5,3.4,8.6,1.1,21.3,59.9,2.7,6.6,3.1,11.8,4.3,0.7,93.4,96.9,100.0,2023-11-21T00:00:00.000,3928038,4074036,155,45,98,33,31,19,79,69,53,48,12,6,472,381,267,2023 Report Week 47
2352682,1148048,737669,043 ,043602,CBT ,CHI,F30,-3498,31476,24152,17898,-4850,23278,-38872,-41189,121467,10616,19410,214924,5904,-12799,53979,204308,195514,"T-NOTES, 6.5-10 YEAR",FINANCIAL INSTRUMENTS,"T-NOTES, 6.5-10 YEAR",Interest Rates - U.S. Treasury,22.3,20.7,33.8,31.1,20.5,18.0,27.8,26.1,UST 10Y NOTE,"(CONTRACTS OF $100,000 FACE VALUE)",152417,278704,93080,FutOnly,231121043602F,365976,1821446,238674,UST 10Y NOTE - CHICAGO BOARD OF TRADE,446400,389083,4958141,514268,194462,56975,47.5,23.2,14.9,3.1,5.6,1.9,7.4,36.7,4.8,9.0,7.8,10.4,3.9,1.1,91.0,92.2,100.0,2023-11-21T00:00:00.000,4511741,4569058,130,62,108,26,31,23,58,75,67,25,22,7,430,332,303,2023 Report Week 47
1158760,367503,175242,138 ,13874A,CME ,CHI,F20,27052,-5782,-4378,-11128,-8955,6421,10594,18192,8254,-3407,-366,39680,8688,28710,-2416,43087,40046,,,S&P BROAD BASED STOCK INDICES,,11.2,31.3,18.2,39.7,10.2,30.3,16.8,38.7,E-MINI S&P 500,($50 X S&P 500 INDEX),277160,709009,39332,FutOnly,23112813874AF,174618,493262,61643,E-MINI S&P 500 - CHICAGO MERCANTILE EXCHANGE,258805,215737,2279894,123809,207641,10525,50.8,16.1,7.7,12.2,31.1,1.7,7.7,21.6,2.7,11.4,9.5,5.4,9.1,0.5,88.6,90.5,100.0,2023-11-28T00:00:00.000,2021089,2064157,176,64,101,35,36,26,73,79,66,21,19,10,505,384,324,2023 Report Week 48
2391192,1112332,723404,043 ,043602,CBT ,CHI,F30,38510,-35716,-14265,-36501,-14113,4926,13947,13028,-81933,-14791,-9904,-183028,-41836,6034,-51085,-168237,-173124,"T-NOTES, 6.5-10 YEAR",FINANCIAL INSTRUMENTS,"T-NOTES, 6.5-10 YEAR",Interest Rates - U.S. Treasury,22.8,20.3,34.4,30.7,20.7,18.3,28.5,27.3,UST 10Y NOTE,"(CONTRACTS OF $100,000 FACE VALUE)",115916,264591,98006,FutOnly,231128043602F,379923,1834474,156741,UST 10Y NOTE - CHICAGO BOARD OF TRADE,431609,379179,4775113,472432,200496,5890,50.1,23.3,15.1,2.4,5.5,2.1,8.0,38.4,3.3,9.0,7.9,9.9,4.2,0.1,91.0,92.1,100.0,2023-11-28T00:00:00.000,4343504,4395934,133,60,105,23,29,23,60,69,59,25,18,7,417,326,285,2023 Report Week 48
1829905,494971,301911,042 ,042601,CBT ,CHI,F30,-64334,-18533,-11891,-1393,61065,-32051,12596,-78628,-37943,3833,2440,-123574,12454,-3188,-4845,-127407,-126014,"T-NOTES, 1-2 YEAR",FINANCIAL INSTRUMENTS,"T-NOTES, 1-2 YEAR",Interest Rates - U.S. Treasury,24.9,32.7,34.2,49.8,23.7,32.6,31.8,49.7,UST 2Y NOTE,"(CONTRACTS OF $200,000 FACE VALUE)",142395,421733,13212,FutOnly,231128042601F,906694,2438347,75025,UST 2Y NOTE - CHICAGO BOARD OF TRADE,279784,132393,4080415,506958,178292,24531,44.8,12.1,7.4,3.5,10.3,0.3,22.2,59.8,1.8,6.9,3.2,12.4,4.4,0.6,93.1,96.8,100.0,2023-11-28T00:00:00.000,3800631,3948022,154,40,90,27,26,17,82,60,48,45,12,6,446,355,252,2023 Report Week 48
2330734,1096788,704828,043 ,043602,CBT ,CHI,F30,-60458,-15544,-18576,2105,19150,-48963,-12239,-139862,-56820,-16266,-16178,-238695,-22175,43401,-5303,-222429,-222517,"T-NOTES, 6.5-10 YEAR",FINANCIAL INSTRUMENTS,"T-NOTES, 6.5-10 YEAR",Interest Rates - U.S. Treasury,23.5,20.2,35.9,32.2,21.5,17.4,29.7,28.0,UST 10Y NOTE,"(CONTRACTS OF $100,000 FACE VALUE)",118021,283741,49043,FutOnly,231205043602F,367684,1694612,99921,UST 10Y NOTE - CHICAGO BOARD OF TRADE,415343,363001,4536418,450257,243897,587,51.4,24.2,15.5,2.6,6.3,1.1,8.1,37.4,2.2,9.2,8.0,9.9,5.4,0.0,90.8,92.0,100.0,2023-12-05T00:00:00.000,4121075,4173417,126,59,102,19,36,12,59,67,44,24,18,4,408,298,272,2023 Report Week 49
1872361,463653,301326,042 ,042601,CBT ,CHI,F30,42456,-31318,-585,19277,-53392,-4477,-37634,120307,-3076,-9886,-3886,31119,29090,11592,-4046,41005,35005,"T-NOTES, 1-2 YEAR",FINANCIAL INSTRUMENTS,"T-NOTES, 1-2 YEAR",Interest Rates - U.S. Treasury,25.5,32.1,34.7,48.8,24.3,32.0,32.3,48.6,UST 2Y NOTE,"(CONTRACTS OF $200,000 FACE VALUE)",161672,368341,8735,FutOnly,231205042601F,869060,2558654,71949,UST 2Y NOTE - CHICAGO BOARD OF TRADE,269898,128507,4111534,536048,189884,20485,45.5,11.3,7.3,3.9,9.0,0.2,21.1,62.2,1.7,6.6,3.1,13.0,4.6,0.5,93.4,96.9,100.0,2023-12-05T00:00:00.000,3841636,3983027,155,39,89,29,27,10,73,68,41,45,16,4,452,348,248,2023 Report Week 49
1162337,346619,173864,138 ,13874A,CME ,CHI,F20,3577,-20884,-1378,18758,45626,21610,-14264,20516,26914,2829,-1459,34506,-19976,-52875,-3564,31677,35965,,,S&P BROAD BASED STOCK INDICES,,11.5,30.9,19.1,41.0,11.0,29.7,17.6,38.7,E-MINI S&P 500,($50 X S&P 500 INDEX),295918,754635,60942,FutOnly,23120513874AF,160354,513778,88557,E-MINI S&P 500 - CHICAGO MERCANTILE EXCHANGE,261634,214278,2314400,103833,154766,6961,50.2,15.0,7.5,12.8,32.6,2.6,6.9,22.2,3.8,11.3,9.3,4.5,6.7,0.3,88.7,90.7,100.0,2023-12-05T00:00:00.000,2052766,2100122,177,60,99,35,37,23,75,75,67,25,17,10,502,389,312,2023 Report Week 49
1149493,324579,203990,138 ,13874A,CME ,CHI,F20,-12844,-22040,30126,52956,27682,102953,25954,38821,41009,44982,48750,356054,-12641,5194,83559,311072,307304,,,S&P BROAD BASED STOCK INDICES,,11.5,25.4,19.5,35.7,10.6,24.8,16.1,33.7,E-MINI S&P 500,($50 X S&P 500 INDEX),348874,782317,163895,FutOnly,23121213874AF,186308,552599,129566,E-MINI S&P 500 - CHICAGO MERCANTILE EXCHANGE,306616,263028,2670454,91192,159960,90520,43.0,12.2,7.6,13.1,29.3,6.1,7.0,20.7,4.9,11.5,9.8,3.4,6.0,3.4,88.5,90.2,100.0,2023-12-12T00:00:00.000,2363838,2407426,171,64,105,37,38,39,75,81,84,20,18,13,506,401,346,2023 Report Week 50
1757040,473390,327964,042 ,042601,CBT ,CHI,F30,-115321,9737,26638,-27991,-37717,3355,-35971,-146749,-1924,-8521,-3491,-161117,819,-8765,-2201,-152596,-157626,"T-NOTES, 1-2 YEAR",FINANCIAL INSTRUMENTS,"T-NOTES, 1-2 YEAR",Interest Rates - U.S. Treasury,26.3,33.4,35.1,49.5,24.8,33.4,32.2,49.3,UST 2Y NOTE,"(CONTRACTS OF $200,000 FACE VALUE)",133681,330624,12090,FutOnly,231212042601F,833089,2411905,70025,UST 2Y NOTE - CHICAGO BOARD OF TRADE,261377,125016,3950417,536867,181119,18284,44.5,12.0,8.3,3.4,8.4,0.3,21.1,61.1,1.8,6.6,3.2,13.6,4.6,0.5,93.4,96.8,100.0,2023-12-12T00:00:00.000,3689040,3825401,154,42,87,29,25,10,78,62,32,51,11,4,452,351,234,2023 Report Week 50
2324392,1118439,702765,043 ,043602,CBT ,CHI,F30,-6342,21651,-2063,-7773,70876,-23694,-64974,-66005,-671,-22589,-6494,-60702,66434,-55272,970,-38113,-54208,"T-NOTES, 6.5-10 YEAR",FINANCIAL INSTRUMENTS,"T-NOTES, 6.5-10 YEAR",Interest Rates - U.S. Treasury,23.7,21.2,36.3,32.4,21.1,18.8,29.3,28.2,UST 10Y NOTE,"(CONTRACTS OF $100,000 FACE VALUE)",110248,354617,25349,FutOnly,231212043602F,302710,1628607,99250,UST 10Y NOTE - CHICAGO BOARD OF TRADE,392754,356507,4475716,516691,188625,1557,51.9,25.0,15.7,2.5,7.9,0.6,6.8,36.4,2.2,8.8,8.0,11.5,4.2,0.0,91.2,92.0,100.0,2023-12-12T00:00:00.000,4082962,4119209,128,60,106,21,37,9,56,72,40,25,18,4,417,298,278,2023 Report Week 50
1677733,471103,313274,042 ,042601,CBT ,CHI,F30,-79307,-2287,-14690,-16690,-11301,5406,-17268,-71506,-11029,15597,19421,-122461,-3593,-35588,-887,-138058,-141882,"T-NOTES, 1-2 YEAR",FINANCIAL INSTRUMENTS,"T-NOTES, 1-2 YEAR",Interest Rates - U.S. Treasury,25.3,33.5,33.4,49.5,23.6,33.5,30.4,49.4,UST 2Y NOTE,"(CONTRACTS OF $200,000 FACE VALUE)",116991,319323,17496,FutOnly,231219042601F,815821,2340399,58996,UST 2Y NOTE - CHICAGO BOARD OF TRADE,276974,144437,3827956,533274,145531,17397,43.8,12.3,8.2,3.1,8.3,0.5,21.3,61.1,1.5,7.2,3.8,13.9,3.8,0.5,92.8,96.2,100.0,2023-12-19T00:00:00.000,3550982,3683519,156,41,89,26,28,9,76,65,36,49,11,4,452,350,240,2023 Report Week 51
1175882,293512,161159,138 ,13874A,CME ,CHI,F20,26389,-31067,-42831,-102880,8579,-134736,-29920,-88679,-90345,-50666,-79035,-514251,-1869,31256,-87393,-463585,-435216,,,S&P BROAD BASED STOCK INDICES,,12.4,26.8,19.2,35.6,11.1,26.2,17.9,34.6,E-MINI S&P 500,($50 X S&P 500 INDEX),245994,790896,29159,FutOnly,23121913874AF,156388,463920,39221,E-MINI S&P 500 - CHICAGO MERCANTILE EXCHANGE,255950,183993,2156203,89323,191216,3127,54.5,13.6,7.5,11.4,36.7,1.4,7.3,21.5,1.8,11.9,8.5,4.1,8.9,0.1,88.1,91.5,100.0,2023-12-19T00:00:00.000,1900253,1972210,182,62,100,27,40,18,66,75,49,12,21,5,486,345,313,2023 Report Week 51
2387260,1149277,698893,043 ,043602,CBT ,CHI,F30,62868,30838,-3872,29490,-12486,26042,15753,90440,-24979,18947,6428,77796,-45283,-33445,-1170,58849,71368,"T-NOTES, 6.5-10 YEAR",FINANCIAL INSTRUMENTS,"T-NOTES, 6.5-10 YEAR",Interest Rates - U.S. Treasury,22.7,22.1,36.1,33.3,20.4,20.1,29.4,29.3,UST 10Y NOTE,"(CONTRACTS OF $100,000 FACE VALUE)",139738,342131,51391,FutOnly,231219043602F,318463,1719047,74271,UST 10Y NOTE - CHICAGO BOARD OF TRADE,411701,362935,4553512,471408,155180,387,52.4,25.2,15.3,3.1,7.5,1.1,7.0,37.8,1.6,9.0,8.0,10.4,3.4,0.0,91.0,92.0,100.0,2023-12-19T00:00:00.000,4141811,4190577,131,57,105,21,34,10,47,79,44,27,15,,412,298,276,2023 Report Week 51
1153609,275236,157178,138 ,13874A,CME ,CHI,F20,-22273,-18276,-3981,26769,24444,1590,-10251,37212,-6095,5110,5394,-890,5734,-43685,2507,-6000,-6284,,,S&P BROAD BASED STOCK INDICES,,11.8,26.3,19.1,36.0,10.6,25.6,17.8,35.2,E-MINI S&P 500,($50 X S&P 500 INDEX),272763,815340,30749,FutOnly,23122613874AF,146137,501132,33126,E-MINI S&P 500 - CHICAGO MERCANTILE EXCHANGE,261060,189387,2155313,95057,147531,5634,53.5,12.8,7.3,12.7,37.8,1.4,6.8,23.3,1.5,12.1,8.8,4.4,6.8,0.3,87.9,91.2,100.0,2023-12-26T00:00:00.000,1894253,1965926,178,60,101,28,36,16,61,75,50,20,20,7,478,348,304,2023 Report Week 52
1694064,471184,305952,042 ,042601,CBT ,CHI,F30,16331,81,-7322,-1993,8753,-3306,-54691,-48246,5192,-12615,-17177,-65849,-2958,663,-4487,-53234,-48672,"T-NOTES, 1-2 YEAR",FINANCIAL INSTRUMENTS,"T-NOTES, 1-2 YEAR",Interest Rates - U.S. Treasury,25.5,33.0,33.4,49.3,23.9,33.0,30.6,48.8,UST 2Y NOTE,"(CONTRACTS OF $200,000 FACE VALUE)",114998,328076,14190,FutOnly,231226042601F,761130,2292153,64188,UST 2Y NOTE - CHICAGO BOARD OF TRADE,264359,127260,3762107,530316,146194,12910,45.0,12.5,8.1,3.1,8.7,0.4,20.2,60.9,1.7,7.0,3.4,14.1,3.9,0.3,93.0,96.6,100.0,2023-12-26T00:00:00.000,3497748,3634847,158,44,91,25,24,8,75,59,37,51,10,4,446,354,232,2023 Report Week 52
2385573,1087210,698423,043 ,043602,CBT ,CHI,F30,-1687,-62067,-470,16493,-32603,27752,-968,64402,-2279,10466,-20198,36371,-12973,61797,37,25905,56569,"T-NOTES, 6.5-10 YEAR",FINANCIAL INSTRUMENTS,"T-NOTES, 6.5-10 YEAR",Interest Rates - U.S. Treasury,23.0,21.5,36.2,32.4,20.2,19.9,29.8,28.5,UST 10Y NOTE,"(CONTRACTS OF $100,000 FACE VALUE)",156231,309528,79143,FutOnly,231226043602F,317495,1783449,71992,UST 10Y NOTE - CHICAGO BOARD OF TRADE,422167,342737,4589883,458435,216977,424,52.0,23.7,15.2,3.4,6.7,1.7,6.9,38.9,1.6,9.2,7.5,10.0,4.7,0.0,90.8,92.5,100.0,2023-12-26T00:00:00.000,4167716,4247146,130,52,104,19,31,10,45,79,38,24,16,4,396,282,270,2023 Report Week 52
